tree
version=v4
num_class=1
num_tree_per_iteration=1
label_index=0
max_feature_idx=42
objective=lambdarank
feature_names=Column_0 Column_1 Column_2 Column_3 Column_4 Column_5 Column_6 Column_7 Column_8 Column_9 Column_10 Column_11 Column_12 Column_13 Column_14 Column_15 Column_16 Column_17 Column_18 Column_19 Column_20 Column_21 Column_22 Column_23 Column_24 Column_25 Column_26 Column_27 Column_28 Column_29 Column_30 Column_31 Column_32 Column_33 Column_34 Column_35 Column_36 Column_37 Column_38 Column_39 Column_40 Column_41 Column_42
feature_infos=[0:1] [0:1] [0:1] [0:1] [0:1] [0:1] [0:1] [0:1] [0:1] [0:1] [0:1] [0:1] [0:1] [0:3.4965076446533203] [-5:8] [0:1] [0:1] [0:1] [0:1] [0:1] [0:1] [0:1] [0:1] [0:1] [0:1] [0:1] [0:1] [0:3.4175922870635986] [-5.5:7.1666665077209473] [0:2.6390573978424072] [0:3.4011974334716797] [0:1] none none [0:1] [0:1] [0:1] [0:1] [0:1] [0:1] none [0:1] [0:8]
tree_sizes=1760 1769 1770 1755 1762 1774 1766 1762 1771 1760 1762 1769 1765 1763 1759 1769 1760 1756 1756 1775 1765 1765 1762 1765 1766 1752 1746 1761 1762 1755 1758 1763 1751 1764 1755 1755 1772 1753 1759 1756 1759 1747 1774 1773 1762 1757 1744 1770 1742 1761 1761 1750 1740 1762 1758 1770 1765 1746 1767 1771 1747 1739 1758 1752 1751 1733 1746 1749 1745 1733 1744 1772 1759 1754 1745 1766 1746 1755 1751 1756 1743 1767 1755 1741 1767 1746 1758 1764 1750 1730 1729 1753 1743 1736 1749 1745 1748 1748 1739 1736 1741 1743 1747 1747 1743 1745 1753 1746 1752 1739 1763 1745 1746 1757 1761 1765 1759 1759 1753 1752 1737 1747 1747 1751 1746 1766 1745 1754 1743 1745 1752 1752 1764 1748 1750 1755 1749 1743 1756 1750 1738 1746 1746 1765 1749 1741 1734 1744 1742 1756 1745 1747 1735 1745 1744 1742 1754 1744 1752 1746 1739 1741 1742 1727 1741 1741 1738 1738 1738 1746 1734 1746 1746 1745 1757 1769 1752 1742 1765 1738 1755 1755 1752 1749 1752 1763 1763 1765 1738 1759 1752 1762 1747 1745 1743 1755 1752 1742 1751 1750 1754 1762 1760 1754 1759 1752 1759 1760 1743 1746 1745 1751 1761 1758 1754 1756 1749 1767 1754 1738 1745 1755 1747 1751 1760 1773 1758 1751 1744 1747 1757 1748 1773 1764 1746 1730 1748 1747 1748 1754 1747 1741 1754 1766 1757 1747 1741 1739 1759 1748 1756 1759 1758 1761 1767 1764 1754 1750 1762 1739 1752 1742 1755 1766 1760 1779 1746 1753 1743 1753 1746 1742 1744 1757 1755 1753 1744 1750 1743 1742 1754 1754 1756 1747 1757 1745 1751 1742 1750 1737 1746 1754 1769 1757 1747 1768 1764 1753 1763 1760

Tree=0
num_leaves=15
num_cat=0
split_feature=30 28 29 20 39 1 6 26 36 35 18 35 6 4
split_gain=1420.88 317.069 75.1237 71.4309 52.4398 49.2929 32.7451 29.9707 33.53 26.9372 18.2323 17.0241 19.0431 15.3078
threshold=0.89587974548339855 0.22500000149011615 0.89587974548339855 0.77500000596046459 1.0000000180025095e-35 1.0000000180025095e-35 1.0000000180025095e-35 0.11805555596947671 1.0000000180025095e-35 1.0000000180025095e-35 0.21666666120290759 1.0000000180025095e-35 1.0000000180025095e-35 0.23611111193895343
decision_type=2 2 2 2 2 2 2 2 2 2 2 2 2 2
left_child=1 3 5 4 7 6 -2 9 -9 -1 -5 -3 -13 -7
right_child=2 11 -4 10 -6 13 -8 8 -10 -11 -12 12 -14 -15
leaf_value=0.013458297265259815 -0.071032887239723327 0.092505336975939573 -0.085537151998209549 0.038920755642976 -0.022026941687361971 -0.048289577509294773 -0.011835576935214975 -0.059051353263640638 0.073263953993945127 0.055054208593690382 0.083956503487425588 0.07804162694936162 0.00082682052007580136 0.052303435632710393
leaf_weight=105.93255891045555 79.238472371827811 227.77833160478622 293.91202578088269 71.680497865891084 112.37391129462048 4.9078937815502313 33.126628071535379 20.546436435310174 6.2427661158144465 61.528429228812456 32.736996184103191 29.930290932767093 10.890506242867557 16.48550750920549
leaf_count=1309 875 1263 3735 575 1506 48 264 290 47 517 216 194 114 108
internal_value=9.91618e-11 0.0449293 -0.0714002 0.0173224 0.00515906 -0.0403366 -0.0535808 0.0208862 -0.0282175 0.0287414 0.0530404 0.0871765 0.0574416 0.0292262
internal_weight=1107.31 679.641 427.671 411.042 306.624 133.759 112.365 194.25 26.7892 167.461 104.417 268.599 40.8208 21.3934
internal_count=11061 6031 5030 4460 3669 1295 1139 2163 337 1826 791 1571 308 156
is_linear=0
shrinkage=0.05


Tree=1
num_leaves=15
num_cat=0
split_feature=12 28 29 28 42 35 35 36 6 18 23 4 28 14
split_gain=3096.7 957.508 921.669 319.072 291.7 275.984 197.694 150.729 136.312 91.8496 83.0589 55.6028 52.1085 46.5404
threshold=1.0000000180025095e-35 -1.0000000180025095e-35 0.89587974548339855 0.26785714924335485 1.0000000180025095e-35 1.0000000180025095e-35 1.0000000180025095e-35 1.0000000180025095e-35 1.0000000180025095e-35 0.22440475970506671 0.30952382087707525 0.19090909510850909 -0.38750000298023218 1.0000000180025095e-35
decision_type=2 2 2 2 2 2 2 2 2 2 2 2 2 2
left_child=2 7 4 9 -1 11 -5 12 -8 10 -3 13 -2 -6
right_child=1 3 -4 6 5 -7 8 -9 -10 -11 -12 -13 -14 -15
leaf_value=0.0080138594044687865 -0.076325863116055631 -0.033463153252650368 -0.07643084333988219 0.082872900438855535 -0.043718133153440843 0.0055517300371808603 0.054085802111471841 0.054903997295078694 -0.031481703195066581 0.061632799568549196 0.027254558735198886 -0.0039834957217123896 -0.020552116209595014 -0.075131616516752764
leaf_weight=819.48307254165411 160.64573792368174 64.207741603255272 872.44969674386084 973.10122473537922 673.30050957947969 377.71203374117613 190.74736347794533 31.712620735168457 61.565612941980362 175.16224380582571 458.73634026944637 74.09891701489687 56.64491968229413 142.93723203986883
leaf_count=1515 320 87 3735 1247 1615 622 194 43 113 240 523 163 99 545
internal_value=2.34731e-10 0.0453333 -0.033273 0.0572763 -0.015236 -0.0302613 0.0726467 -0.0469249 0.0332069 0.030296 0.0197996 -0.0454544 -0.0617864 -0.0492192
internal_weight=5132.51 2172.52 2959.98 1923.52 2087.53 1268.05 1225.41 249.003 252.313 698.106 522.944 890.337 217.291 816.238
internal_count=11061 2866 8195 2404 4460 2945 1554 462 307 850 610 2323 419 2160
is_linear=0
shrinkage=0.05


Tree=2
num_leaves=15
num_cat=0
split_feature=12 29 28 28 42 35 35 6 36 18 23 1 0 34
split_gain=2152.12 769.999 538.064 232.164 132.189 164.129 127.936 104.763 101.281 82.2591 54.2699 45.3889 38.6 51.0704
threshold=1.0000000180025095e-35 0.89587974548339855 0.26785714924335485 -1.0000000180025095e-35 1.0000000180025095e-35 1.0000000180025095e-35 1.0000000180025095e-35 1.0000000180025095e-35 1.0000000180025095e-35 0.22440475970506671 0.36666667461395269 1.0000000180025095e-35 1.0000000180025095e-35 1.0000000180025095e-35
decision_type=2 2 2 2 2 2 2 2 2 2 2 2 2 2
left_child=1 4 3 8 12 11 -4 -8 -2 10 -5 -6 -1 -14
right_child=2 -3 6 9 5 -7 7 -9 -10 -11 -12 -13 13 -15
leaf_value=-0.016632234952957885 -0.053823883367898201 -0.071515367422179982 0.078888427904624192 -0.023126375299455666 -0.04024993586215371 0.0066075171353736379 0.055451994336125368 -0.027367540070379445 0.053952373877657472 0.06124006494108393 0.024603682123584061 0.012105553266033115 0.021435125904280022 -0.0098015258579831274
leaf_weight=164.8198010250926 148.80187384970486 758.39823581278324 728.00687475502491 70.201969549059868 639.66359505429864 318.17294636741281 142.43802765011787 52.169247157871723 25.53950234875083 138.87904209643602 392.66268692165613 44.261105991899967 383.49606372509152 198.6241254247725
leaf_count=326 419 3735 1247 102 2220 622 194 113 43 240 508 103 852 337
internal_value=-5.88047e-10 -0.0294377 0.0434528 0.0127708 -0.0111925 -0.0230599 0.0692619 0.0332502 -0.0380356 0.0274908 0.0173645 -0.0368617 0.00472882 0.0107769
internal_weight=4206.14 2507.44 1698.7 776.085 1749.04 1002.1 922.614 194.607 174.341 601.744 462.865 683.925 746.94 582.12
internal_count=11061 8195 2866 1312 4460 2945 1554 307 462 850 610 2323 1515 1189
is_linear=0
shrinkage=0.05


Tree=3
num_leaves=15
num_cat=0
split_feature=30 28 23 15 20 35 6 28 36 42 35 18 10 26
split_gain=1705.97 845.712 174.618 155.546 128.055 90.9681 77.6163 71.2887 77.816 51.643 85.7829 43.5022 40.5362 40.1335
threshold=0.89587974548339855 0.26785714924335485 0.6904762089252473 0.89444443583488475 0.81666666269302379 1.0000000180025095e-35 1.0000000180025095e-35 -0.38750000298023218 1.0000000180025095e-35 1.0000000180025095e-35 1.0000000180025095e-35 0.22440475970506671 1.0000000180025095e-35 0.15476191043853763
decision_type=2 2 2 2 2 2 2 2 2 2 2 2 2 2
left_child=1 2 7 4 -2 -3 -7 8 -1 -9 -11 -4 -5 -12
right_child=3 5 11 12 -6 6 -8 9 -10 10 13 -13 -14 -15
leaf_value=-0.064354734258559129 -0.06714425640188941 0.07489156771675741 0.023338307754488696 0.03180254242695265 -0.018366495074233876 0.055255361104571812 -0.019227928689618552 0.0083992807045220434 0.049628351709424 -0.02475738740704678 0.018164237202609134 0.062743652395853375 -0.038778203555608473 -0.069841447876286003
leaf_weight=87.053563686087728 812.71619715169072 603.28184315934777 321.50871450453997 62.332859043031931 161.24963880702853 118.79757809638977 49.571186635643244 624.102468627505 18.084240559488535 433.3165486343205 217.91893940418959 89.546510510146618 30.198194891214371 13.773423317819832
leaf_count=320 4325 1247 477 139 453 194 113 1402 34 1617 416 178 113 33
internal_value=-2.04825e-10 0.0220103 0.00328351 -0.053183 -0.0590686 0.0658222 0.033326 -0.00515992 -0.0447491 -0.0019311 -0.011626 0.0319226 0.00876799 0.0129326
internal_weight=3643.45 2576.96 1805.3 1066.5 973.966 771.651 168.369 1394.25 105.138 1289.11 665.009 411.055 92.5311 231.692
internal_count=11061 6031 4477 5030 4778 1554 307 3822 354 3468 2066 655 252 449
is_linear=0
shrinkage=0.05


Tree=4
num_leaves=15
num_cat=0
split_feature=30 28 23 15 20 35 6 28 36 35 42 26 25 18
split_gain=1328.18 659.783 140.936 132.944 92.6466 73.1665 71.4194 60.5529 63.0074 36.7512 63.0316 49.5761 45.4597 37.1073
threshold=0.89587974548339855 0.26785714924335485 0.77500000596046459 0.89444443583488475 0.81666666269302379 1.0000000180025095e-35 1.0000000180025095e-35 -0.38750000298023218 1.0000000180025095e-35 1.0000000180025095e-35 1.0000000180025095e-35 0.15476191043853763 0.30952382087707525 0.21666666120290759
decision_type=2 2 2 2 2 2 2 2 2 2 2 2 2 2
left_child=1 2 7 4 -2 -3 -7 8 -1 10 13 -11 -12 -9
right_child=3 5 -4 -5 -6 6 -8 9 -10 11 12 -13 -14 -15
leaf_value=-0.060413845455086802 -0.06320000871296369 0.071125719341388158 0.031027789433570381 0.0098793528546397159 -0.019079420043548408 0.053149663993225293 -0.024156583061639987 0.001883551049949079 0.048139757887659423 0.02214827292161467 -0.025576111101350288 -0.043305896846010938 0.049317426116711915 0.058436047093842869
leaf_weight=80.762897053733468 715.91065756417811 521.07679930701852 359.21243223175406 84.451434217393398 142.7001897636801 105.04010108113289 41.751652203500271 479.98030021321028 16.018546957522631 247.57008125633001 366.37361427396536 32.757049717009068 21.447963029146194 30.872215747833252
leaf_count=320 4325 1247 625 252 453 194 113 1210 34 519 1592 77 38 62
internal_value=-1.84978e-10 0.0204675 0.00336248 -0.0499796 -0.0558672 0.062342 0.0311616 -0.00442703 -0.0424469 -0.00130607 -0.00623645 0.0144998 -0.0214342 0.00530117
internal_weight=3245.93 2302.86 1635 943.062 858.611 667.869 146.792 1275.78 96.7814 1179 898.674 280.327 387.822 510.853
internal_count=11061 6031 4477 5030 4778 1554 307 3852 354 3498 2902 596 1630 1272
is_linear=0
shrinkage=0.05


Tree=5
num_leaves=15
num_cat=0
split_feature=30 28 29 23 1 28 35 6 36 42 35 18 34 15
split_gain=1068.02 536.09 125.918 122.221 69.5619 63.8692 55.4101 57.2338 53.0231 36.1456 39.5971 33.3298 30.1888 28.9304
threshold=0.89587974548339855 0.26785714924335485 0.89587974548339855 0.77500000596046459 1.0000000180025095e-35 -0.22500000149011609 1.0000000180025095e-35 1.0000000180025095e-35 1.0000000180025095e-35 1.0000000180025095e-35 1.0000000180025095e-35 0.21666666120290759 1.0000000180025095e-35 0.44505494832992559
decision_type=2 2 2 2 2 2 2 2 2 2 2 2 2 2
left_child=1 3 4 5 12 8 -3 -8 -1 11 -11 -7 -2 -4
right_child=2 6 13 -5 -6 9 7 -9 -10 10 -12 -13 -14 -15
leaf_value=-0.050205736421314942 -0.044071346061156431 0.067990989531256249 -0.066437036979513808 0.030742383397221625 0.025078195521767432 0.0067726323570560538 0.051582460117170416 -0.022068386031151129 0.044878670816659083 -0.019323082461393352 0.00955594006307681 0.07080201238154854 -0.0050310349125067275 -0.036697854319081923
leaf_weight=110.18332701921463 179.93236144818366 458.16718241758645 452.08741576876491 321.13722040876746 64.155021220445633 493.1057545337826 95.323929041624069 36.469382582232356 16.912252238020301 340.56891897320747 182.19667484425008 21.197974354028702 68.319095622748137 99.837419299408793
leaf_count=407 921 1247 3166 625 156 1306 194 113 41 1619 434 45 218 569
internal_value=1.29801e-10 0.01945 -0.0466995 0.00343391 -0.0213334 -0.00409919 0.0597726 0.0312021 -0.0375531 6.77323e-07 -0.00925803 0.00941172 -0.0333274 -0.0610575
internal_weight=2939.59 2075.26 864.331 1485.3 312.406 1164.16 589.96 131.793 127.096 1037.07 522.766 514.304 248.251 551.925
internal_count=11061 6031 5030 4477 1295 3852 1554 307 448 3404 2053 1351 1139 3735
is_linear=0
shrinkage=0.05


Tree=6
num_leaves=15
num_cat=0
split_feature=30 28 29 23 4 28 35 6 36 41 42 35 18 4
split_gain=894.025 435.068 110.7 103.684 55.4103 52.2655 47.8561 50.8079 43.2998 38.7895 25.8531 36.8075 28.3209 25.4572
threshold=0.89587974548339855 0.26785714924335485 0.89587974548339855 0.77500000596046459 0.23611111193895343 -0.22500000149011609 1.0000000180025095e-35 1.0000000180025095e-35 1.0000000180025095e-35 1.0000000180025095e-35 1.0000000180025095e-35 1.0000000180025095e-35 0.21666666120290759 0.29285715520381933
decision_type=2 2 2 2 2 2 2 2 2 2 2 2 2 2
left_child=1 3 4 5 9 8 -3 -8 13 -2 12 -12 -7 -1
right_child=2 6 -4 -5 -6 10 7 -9 -10 -11 11 -13 -14 -15
leaf_value=-0.077635548356845996 -0.054141817997508036 0.065250636030920281 -0.058985381573137222 0.030028741340585471 0.016522724313055241 0.0061354284399316597 0.049859040304339311 -0.022179987288775918 0.042474483914866544 -0.011568016714420088 -0.017920346116747719 0.011190720308427238 0.069824986928319219 -0.026182804978614794
leaf_weight=41.193560194224119 108.6078144479543 409.19312774948776 499.15446153096855 293.56230650097132 76.023452475667 458.0838240403682 86.075201138854027 34.200873769819736 15.418675955384968 105.44631647877395 314.71432349644601 165.77964735403657 18.146072268486023 57.730568237602711
leaf_count=184 671 1247 3735 625 231 1306 194 113 41 393 1619 434 45 223
internal_value=2.19387e-10 0.0186298 -0.0447102 0.00370325 -0.020146 -0.00351214 0.0571009 0.0293745 -0.0354612 -0.0331693 0.000306247 -0.00787647 0.00856223 -0.0476085
internal_weight=2683.33 1894.1 789.232 1364.63 290.078 1071.07 529.469 120.276 114.343 214.054 956.724 480.494 476.23 98.9241
internal_count=11061 6031 5030 4477 1295 3852 1554 307 448 1064 3404 2053 1351 407
is_linear=0
shrinkage=0.05


Tree=7
num_leaves=15
num_cat=0
split_feature=30 28 29 23 4 28 35 6 36 41 1 15 18 19
split_gain=749.427 362.211 96.9196 89.461 52.1834 41.9283 40.3115 43.6685 37.9031 29.6745 22.3476 21.6399 21.0597 19.6099
threshold=0.89587974548339855 0.26785714924335485 0.89587974548339855 0.77500000596046459 0.23611111193895343 -0.38750000298023218 1.0000000180025095e-35 1.0000000180025095e-35 1.0000000180025095e-35 1.0000000180025095e-35 1.0000000180025095e-35 0.44505494832992559 0.22440475970506671 0.30952382087707525
decision_type=2 2 2 2 2 2 2 2 2 2 2 2 2 2
left_child=1 3 4 5 9 8 -3 -8 -1 -2 -6 -4 -5 -13
right_child=2 6 11 12 10 -7 7 -9 -10 -11 -12 13 -14 -15
leaf_value=-0.054736237202248218 -0.051676037074914319 0.062838079777397041 -0.061370404599833929 0.021783964241662152 -0.018129284921967557 -0.00018659080610373556 0.048454964657301716 -0.020685723312948268 0.041988109743541821 -0.01286947491189528 0.039145449628048279 -0.052083199072987973 0.055169611910504984 -0.0010546108445461438
leaf_weight=62.698687606491148 97.301300708204508 367.294782217592 381.63369697798043 209.93388732895255 27.321552997455001 924.54103075060993 79.00123818218708 32.122985452413559 12.079857669770716 99.778108403086662 45.218548156321049 49.762262899428606 60.949748069047928 30.285886283963919
leaf_count=320 671 1247 3166 457 123 3498 194 113 34 393 108 399 168 170
internal_value=5.16374e-12 0.0177752 -0.0425026 0.00380929 -0.0186836 -0.0030993 0.0548549 0.0284683 -0.0391112 -0.0320289 0.0175735 -0.0564127 0.0292958 -0.0327767
internal_weight=2479.92 1748.62 731.301 1270.2 269.62 999.32 478.419 111.124 74.7785 197.079 72.5401 461.682 270.884 80.0481
internal_count=11061 6031 5030 4477 1295 3852 1554 307 354 1064 231 3735 625 569
is_linear=0
shrinkage=0.05


Tree=8
num_leaves=15
num_cat=0
split_feature=30 28 29 23 28 4 35 6 36 34 35 42 0 18
split_gain=630.97 307.266 80.147 74.8339 41.5957 38.616 36.9729 38.9727 31.2176 25.0197 23.7997 32.1922 31.7262 29.322
threshold=0.89587974548339855 0.26785714924335485 0.89587974548339855 0.77500000596046459 -0.22500000149011609 0.23611111193895343 1.0000000180025095e-35 1.0000000180025095e-35 1.0000000180025095e-35 1.0000000180025095e-35 1.0000000180025095e-35 1.0000000180025095e-35 1.0000000180025095e-35 0.21666666120290759
decision_type=2 2 2 2 2 2 2 2 2 2 2 2 2 2
left_child=1 3 5 4 8 9 -3 -8 -1 -2 11 13 -12 -6
right_child=2 6 -4 -5 10 -7 7 -9 -10 -11 12 -13 -14 -15
leaf_value=-0.043997077781717214 -0.042407297234335416 0.060767033841671939 -0.053864021319222723 0.027945016593837736 0.0030922401058605803 0.014018523175973014 0.046686482974071436 -0.020330403902663916 0.038479064327930398 -0.003060650177538227 -0.041541945728682576 -0.016646992966843618 0.023061251049849164 0.076789248338884938
leaf_weight=87.190139092504978 128.79179690778255 334.15932939201593 423.57381559722126 251.96476642414927 358.42281500063837 67.564951477572322 72.085354551672935 31.032692976295948 13.211667532101272 58.870051212608814 21.302026145160198 276.74340551905334 176.17845005914569 14.025044649839399
leaf_count=407 864 1247 3735 625 1174 231 194 113 41 200 56 1619 515 40
internal_value=6.54508e-11 0.0168122 -0.0405275 0.00372778 -0.00271512 -0.0183944 0.0526905 0.0265182 -0.0331442 -0.0300641 0.000893291 -0.00373025 0.0160926 0.0058674
internal_weight=2315.12 1636.32 678.801 1199.04 947.074 255.227 437.277 103.118 100.402 187.662 846.672 649.191 197.48 372.448
internal_count=11061 6031 5030 4477 3852 1295 1554 307 448 1064 3404 2833 571 1214
is_linear=0
shrinkage=0.05


Tree=9
num_leaves=15
num_cat=0
split_feature=30 28 29 23 28 1 35 6 36 6 15 35 26 42
split_gain=531.173 265.043 75.195 65.8326 38.156 37.101 31.1654 33.3407 29.4381 22.8419 19.2686 17.3687 30.243 24.9208
threshold=0.89587974548339855 0.26785714924335485 0.89587974548339855 0.77500000596046459 -0.38750000298023218 1.0000000180025095e-35 1.0000000180025095e-35 1.0000000180025095e-35 1.0000000180025095e-35 1.0000000180025095e-35 0.44505494832992559 1.0000000180025095e-35 0.15476191043853763 1.5000000000000002
decision_type=2 2 2 2 2 2 2 2 2 2 2 2 2 2
left_child=1 3 5 4 8 9 -3 -8 -1 -2 -4 13 -13 -6
right_child=2 6 10 -5 11 -7 7 -9 -10 -11 -12 12 -14 -15
leaf_value=-0.053194377337534793 -0.04035809922808118 0.058879910074562863 -0.056947867271562251 0.027067034129692354 0.0011438267081029239 0.021663227182332032 0.04536016210735222 -0.018904641328013647 0.038540658474131073 -0.0049819705691347095 -0.027893136844193714 0.0209584272110643 -0.041562413602806388 -0.024150433502032817
leaf_weight=56.419374261982739 116.48382427357137 302.79170767590404 325.09569611400366 236.20383040420711 517.28916822373867 50.536012500524521 67.937778547406197 28.711434692144394 10.349658925086258 75.01616157963872 69.211714094504714 166.09369949251413 21.892100341618061 119.95926044508815
leaf_count=320 875 1247 3166 625 2062 156 194 113 34 264 569 519 77 840
internal_value=1.42023e-11 0.015988 -0.0383819 0.00359581 -0.0026194 -0.0164439 0.0509894 0.0262691 -0.0389748 -0.0265002 -0.051848 0.000322085 0.0136775 -0.00361771
internal_weight=2163.99 1527.65 636.343 1128.21 892.003 242.036 399.441 96.6492 66.769 191.5 394.307 825.234 187.986 637.248
internal_count=11061 6031 5030 4477 3852 1295 1554 307 354 1139 3735 3498 596 2902
is_linear=0
shrinkage=0.05


Tree=10
num_leaves=15
num_cat=0
split_feature=30 28 29 23 28 4 35 6 36 41 18 18 1 20
split_gain=462.985 226.963 64.3063 56.297 33.437 33.2668 26.7178 28.7683 25.0567 21.111 18.8359 15.1176 14.7524 14.1641
threshold=0.89587974548339855 0.26785714924335485 0.89587974548339855 0.77500000596046459 -0.38750000298023218 0.23611111193895343 1.0000000180025095e-35 1.0000000180025095e-35 1.0000000180025095e-35 1.0000000180025095e-35 0.64583334326744091 0.22440475970506671 1.0000000180025095e-35 0.73214286565780651
decision_type=2 2 2 2 2 2 2 2 2 2 2 2 2 2
left_child=1 3 5 4 8 9 -3 -8 -1 -2 13 -5 -7 -4
right_child=2 6 10 11 -6 12 7 -9 -10 -11 -12 -13 -14 -15
leaf_value=-0.050542646412999749 -0.046253403059542286 0.057097426975409961 -0.055094661685507043 0.019144417781484402 0.00070910308687146737 -0.015503778428658608 0.044026551994219773 -0.017646288840491089 0.036895327438021451 -0.010887643540185213 0.018697574630013595 0.050391634135127775 0.034373314750952115 -0.021509770462718188
leaf_weight=53.398363336920738 80.94018042460084 275.55559638701379 322.72909185755998 172.72465137392282 786.65087589155883 24.303866552188993 64.134388379752636 26.814826130867004 9.678446412086485 88.156435418874025 9.7250621672719699 49.888015773147345 38.012385483831167 34.776411658152938
leaf_count=320 671 1247 3414 457 3498 123 194 113 34 393 63 168 108 258
internal_value=-4.47723e-11 0.0153739 -0.0369512 0.00376435 -0.00209948 -0.0163075 0.0493416 0.0258434 -0.0371262 -0.0278159 -0.04996 0.026147 0.0149208 -0.0518277
internal_weight=2037.49 1438.85 598.643 1072.34 849.728 231.413 366.505 90.9492 63.0768 169.097 367.231 222.613 62.3163 357.506
internal_count=11061 6031 5030 4477 3852 1295 1554 307 354 1064 3735 625 231 3672
is_linear=0
shrinkage=0.05


Tree=11
num_leaves=15
num_cat=0
split_feature=30 28 29 23 28 4 35 26 36 15 41 35 26 15
split_gain=400.379 195.785 61.2417 47.1961 28.2356 25.1456 24.9713 26.5318 21.5383 17.3554 17.187 13.7827 26.6897 21.2513
threshold=0.89587974548339855 0.26785714924335485 0.89587974548339855 0.77500000596046459 -0.41428571939468378 0.19090909510850909 1.0000000180025095e-35 0.29166667163372045 1.0000000180025095e-35 0.44505494832992559 1.0000000180025095e-35 1.0000000180025095e-35 0.15476191043853763 0.44505494832992559
decision_type=2 2 2 2 2 2 2 2 2 2 2 2 2 2
left_child=1 3 5 4 8 10 -3 -8 -1 -4 -2 13 -13 -6
right_child=2 6 9 -5 11 -7 7 -9 -10 -11 -12 12 -14 -15
leaf_value=-0.048692124060734365 -0.044905123458062454 0.055525021893093857 -0.054070129150648294 0.024820923937654366 -0.0043424045794448083 0.0099672609301607318 -0.038956979907260991 0.036532578072085556 0.035233852978250248 -0.024643352132446113 -0.011048428854112412 0.020859574353283152 -0.039620374973964423 0.053824095032592015
leaf_weight=48.483809696510434 68.654148271307349 252.58389085438102 280.17749450169504 211.20910596847534 573.11557240318507 69.211125191301107 13.896991532295941 71.649965133517981 9.0756541676819307 61.018111500889063 82.563045563176274 148.58764031529427 20.794373445212841 16.14526429772377
leaf_count=305 638 1247 3166 625 2867 282 63 244 34 569 375 519 82 45
internal_value=-8.68418e-11 0.0146156 -0.0355366 0.00375438 -0.00169702 -0.0149948 0.0476174 0.0242694 -0.0354591 -0.0488076 -0.0264197 0.000864568 0.0134347 -0.00274869
internal_weight=1927.17 1365.54 561.624 1027.41 816.202 220.428 338.131 85.547 57.5595 341.196 151.217 758.643 169.382 589.261
internal_count=11061 6031 5030 4477 3852 1295 1554 307 339 3735 1013 3513 601 2912
is_linear=0
shrinkage=0.05


Tree=12
num_leaves=15
num_cat=0
split_feature=30 28 29 23 28 4 35 6 1 6 19 28 16 16
split_gain=339.946 172.432 57.4644 41.7997 25.7925 25.6845 22.8288 24.2307 22.6411 17.6815 15.8804 24.8207 23.1338 14.8667
threshold=0.89587974548339855 0.26785714924335485 0.89587974548339855 0.77500000596046459 -1.0000000180025095e-35 0.29285715520381933 1.0000000180025095e-35 1.0000000180025095e-35 1.0000000180025095e-35 1.0000000180025095e-35 0.41428571939468389 1.3095238208770754 1.0000000180025095e-35 0.18333333730697635
decision_type=2 2 2 2 2 2 2 2 2 2 2 2 2 2
left_child=1 3 8 4 5 -1 -3 -8 9 -2 -4 12 -12 -6
right_child=2 6 10 -5 13 -7 7 -9 -10 -11 11 -13 -14 -15
leaf_value=-0.062692210681744215 -0.035747775630987001 0.054035179558419681 -0.05152942193585313 0.0239494612275757 0.00055405643707899012 -0.00698828467759436 0.041264708597327518 -0.017572756063438583 0.017731523808599919 -0.0027768859133148892 -0.037421546882723124 -0.046872132514607978 0.089678683944778917 0.054649453806679571
leaf_weight=32.167528576217592 98.311776007525623 231.7303769774735 276.33130616415292 199.0385878495872 685.30452422983944 58.016412757802755 57.845732368528843 25.087353508919477 45.290054000914097 69.344573175534606 6.3491373043507329 26.771582314744592 8.2087777182459813 12.940692752599714
leaf_count=200 875 1247 3330 625 3350 261 194 113 156 264 52 336 17 41
internal_value=-4.5531e-11 0.0137462 -0.0337338 0.00347523 -0.00169348 -0.0268572 0.0459784 0.0234663 -0.0136369 -0.0221106 -0.0472059 -0.0182989 0.0342465 0.00155662
internal_weight=1832.74 1302.13 530.607 987.468 788.429 90.1839 314.663 82.9331 212.946 167.656 317.661 41.3295 14.5579 698.245
internal_count=11061 6031 5030 4477 3852 461 1554 307 1295 1139 3735 405 69 3391
is_linear=0
shrinkage=0.05


Tree=13
num_leaves=15
num_cat=0
split_feature=30 19 29 23 28 20 35 4 36 41 15 35 26 42
split_gain=291.028 151.043 52.7551 37.471 27.4922 24.0634 22.3148 21.2222 21.013 13.2628 13.2214 13.4595 23.4102 16.1782
threshold=0.89587974548339855 0.22500000149011615 0.89587974548339855 0.77500000596046459 -0.38750000298023218 0.15476191043853763 1.0000000180025095e-35 0.29285715520381933 1.0000000180025095e-35 1.0000000180025095e-35 0.4083333313465119 1.0000000180025095e-35 0.15476191043853763 1.5000000000000002
decision_type=2 2 2 2 2 2 2 2 2 2 2 2 2 2
left_child=1 3 7 4 8 -3 -7 9 -1 -2 11 13 -13 -6
right_child=2 5 -4 -5 10 6 -8 -9 -10 -11 -12 12 -14 -15
leaf_value=-0.051437992993056916 -0.036469189281361038 0.053852317882160716 -0.045862214820658692 0.023146825769683479 -9.1224056765125497e-05 0.038545708570897355 -0.0169210641661473 0.018896654269341069 0.033794076366568407 -0.0077615791004925416 0.039949022285681611 0.019166435590893302 -0.044843233940682264 -0.023035904681126627
leaf_weight=42.723664006683975 74.547830274328589 203.74985095858574 293.59652052633464 189.4924651235342 434.1165884481743 63.276386650279164 25.416434593498707 42.033291896805167 8.7047792822122556 87.40370954759419 20.98525121062994 139.25553099066019 15.916838582605122 93.344780892133713
leaf_count=318 706 1028 3735 627 2059 340 115 174 34 415 79 518 60 853
internal_value=1.12753e-11 0.0129895 -0.0322918 0.00326765 -0.00172138 0.0443894 0.0226508 -0.0127598 -0.0370116 -0.020976 0.000858031 -0.000343689 0.0126006 -0.00415174
internal_weight=1734.56 1236.98 497.581 944.54 755.047 292.443 88.6928 203.985 51.4284 161.952 703.619 682.634 155.172 527.461
internal_count=11061 6031 5030 4548 3921 1483 455 1295 352 1121 3569 3490 578 2912
is_linear=0
shrinkage=0.05


Tree=14
num_leaves=15
num_cat=0
split_feature=30 28 29 23 28 1 35 26 36 6 15 10 18 28
split_gain=252.98 132.895 50.2214 32.1029 21.2094 20.0471 18.2343 18.5755 16.4236 14.9293 12.5919 11.7696 10.6932 10.6398
threshold=0.89587974548339855 0.36666667461395269 0.89587974548339855 0.77500000596046459 -0.38750000298023218 1.0000000180025095e-35 1.0000000180025095e-35 0.29166667163372045 1.0000000180025095e-35 1.0000000180025095e-35 0.44505494832992559 1.0000000180025095e-35 0.22440475970506671 0.84523808956146251
decision_type=2 2 2 2 2 2 2 2 2 2 2 2 2 2
left_child=1 3 5 4 8 9 -3 -8 -1 -2 -4 -7 -5 -9
right_child=2 6 10 12 -6 11 7 13 -10 -11 -12 -13 -14 -15
leaf_value=-0.045124027313116627 -0.033172781342534277 0.051827997363280857 -0.049410921076324221 0.015787732403707063 0.00107673777635038 0.034389705400275951 -0.033982210495275819 -0.014139750347488118 0.032243039698618157 -0.0018049201231358878 -0.021638225346427297 -0.02624730886769723 0.04502804295240951 0.043119185583891516
leaf_weight=42.189476638101041 88.962314922362566 191.35626527108252 228.50451690983027 140.30434689298272 680.06291627045721 31.593714471906424 12.185984537005423 9.6938852593302709 8.1913760118186456 66.128609181381762 49.687268378213048 10.717104557901619 40.232507407665253 49.753351263701916
leaf_count=320 875 1209 3166 457 3545 99 62 46 34 264 569 57 168 190
internal_value=5.08411e-11 0.0124629 -0.0307638 0.00342409 -0.00124225 -0.0114755 0.0437727 0.0222543 -0.032545 -0.019798 -0.0444505 0.0190307 0.0223039 0.0337821
internal_weight=1649.56 1173.97 475.594 910.981 730.444 197.402 262.989 71.6332 50.3809 155.091 278.192 42.3108 180.537 59.4472
internal_count=11061 6031 5030 4524 3899 1295 1507 298 354 1139 3735 156 625 236
is_linear=0
shrinkage=0.05


Tree=15
num_leaves=15
num_cat=0
split_feature=30 28 29 28 23 4 4 24 18 41 38 35 20 26
split_gain=220.781 117.689 45.8196 29.5437 30.3572 19.8248 17.6874 13.9635 13.4592 12.9026 12.4539 14.5472 21.6944 18.4807
threshold=0.89587974548339855 0.81666666269302379 0.89587974548339855 -1.0000000180025095e-35 0.30952382087707525 0.29285715520381933 0.19090909510850909 0.44505494832992559 0.22440475970506671 1.0000000180025095e-35 1.0000000180025095e-35 1.0000000180025095e-35 0.15476191043853763 0.41666667163372045
decision_type=2 2 2 2 2 2 2 2 2 2 2 2 2 2
left_child=1 3 6 5 7 -1 9 10 -6 -2 11 13 -13 -5
right_child=2 -3 -4 4 8 -7 -8 -9 -10 -11 -12 12 -14 -15
leaf_value=-0.058784909193325512 -0.039854868212755364 0.046988376315370804 -0.043136036762009444 -0.009511789291145949 0.014575849879254614 -0.0064112672186982748 0.011358471098329111 -0.044446746448685875 0.040415491236262424 -0.0078921430115218884 0.018631386719907748 0.018552383931897679 -0.053589995913110769 0.041035525788831587
leaf_weight=27.819064165931195 54.467805162072182 196.49466715240851 261.28987023793161 322.11049695685506 194.027962166816 51.551355953793973 60.815670309588313 16.543311607092619 68.076172146946192 75.119756562635303 95.514384178444743 126.10287083871663 11.35965410992503 19.158119078725576
leaf_count=201 638 1183 3735 2150 691 261 282 59 328 375 553 517 48 40
internal_value=1.48498e-11 0.0118218 -0.029542 0.00440963 0.00712491 -0.0247681 -0.0108868 0.000841807 0.0212872 -0.0213266 0.00214652 -0.00114248 0.0125907 -0.00667417
internal_weight=1580.45 1128.76 451.693 932.263 852.893 79.3704 190.403 590.789 262.104 129.588 574.246 478.731 137.463 341.269
internal_count=11061 6031 5030 4848 4386 462 1295 3367 1019 1013 3308 2755 565 2190
is_linear=0
shrinkage=0.05


Tree=16
num_leaves=15
num_cat=0
split_feature=30 28 29 28 23 36 25 4 28 29 26 20 39 18
split_gain=191.138 104.117 41.6439 27.9396 26.1209 18.6113 16.3832 15.7034 12.0368 11.8703 11.7556 11.5732 20.1384 11.4031
threshold=0.89587974548339855 0.84523808956146251 0.89587974548339855 -1.0000000180025095e-35 0.30952382087707525 1.0000000180025095e-35 0.15476191043853763 0.29285715520381933 -0.26785714924335474 1.2424533367156985 0.29166667163372045 0.22500000149011615 1.0000000180025095e-35 0.22440475970506671
decision_type=2 2 2 2 2 2 2 2 2 2 2 2 2 2
left_child=1 3 7 5 -5 6 -1 -2 -4 -10 -3 -11 -13 -6
right_child=2 10 8 4 13 -7 -8 -9 9 11 -12 12 -14 -15
leaf_value=-0.0710780353283232 -0.017733659733234788 0.012252588311027681 -0.059176069626412475 0.00097919367169558712 0.014111856395165585 0.036118829753635867 -0.017536781758906324 0.017795939224205373 -0.018245640076146079 -0.053967923542927745 0.050413652645896215 -0.067369598551719465 0.020728118335736158 0.038531873736210448
leaf_weight=21.02271580696106 145.21172157581896 23.090580210089684 69.296625059098005 565.95356084033847 187.2246793685481 10.808435283601282 44.597088768612593 39.575289985165 68.287919938564301 83.271269805729389 160.16176998661831 11.150245422497392 15.510264495387673 64.196478314697742
leaf_count=170 1121 169 958 3370 691 43 249 174 971 1562 1011 133 111 328
internal_value=1.5179e-11 0.0112726 -0.0280849 0.00423351 0.00693669 -0.0246762 -0.0346899 -0.0101244 -0.0414935 -0.0346181 0.0456052 -0.0447884 -0.0161171 0.0203471
internal_weight=1509.36 1077.06 432.303 893.803 817.375 76.4282 65.6198 184.787 247.516 178.22 183.252 109.932 26.6605 251.421
internal_count=11061 6031 5030 4851 4389 462 419 1295 3735 2777 1180 1806 244 1019
is_linear=0
shrinkage=0.05


Tree=17
num_leaves=15
num_cat=0
split_feature=30 28 29 28 23 36 1 9 15 26 35 19 21 18
split_gain=157.419 94.3836 40.3042 27.4391 21.165 14.3887 14.2992 14.615 12.2813 11.7727 11.0719 10.652 13.6268 10.0802
threshold=0.89587974548339855 0.84523808956146251 0.89587974548339855 -0.38750000298023218 0.41428571939468389 1.0000000180025095e-35 1.0000000180025095e-35 1.0000000180025095e-35 0.44505494832992559 0.29166667163372045 1.0000000180025095e-35 0.30952382087707525 0.46428571641445165 0.24999999254941943
decision_type=2 2 2 2 2 2 2 2 2 2 2 2 2 2
left_child=1 3 6 5 -5 -1 7 -2 -4 10 -3 -10 -13 -6
right_child=2 9 8 4 13 -7 -8 -9 11 -11 -12 12 -14 -15
leaf_value=-0.046219774191234575 -0.025051114421397333 0.036435259635710267 -0.046082543518751379 0.00056388668367765452 0.012407681330353148 0.029803775172663961 0.017868610087762343 0.012833239698533309 -0.037713459040594033 0.049266902544511791 -0.036694364086359864 0.039061757882607497 -0.061539811957435277 0.03630665878395449
leaf_weight=38.596776689402759 109.17774250730872 14.636671276763082 183.38893183134496 582.49903955031186 181.99425787851214 7.4205493927001944 39.250148542225361 33.19889013376087 24.037588082253933 149.19214695226401 8.0073218122124672 13.19063629768789 4.5193698536604634 58.241419066675007
leaf_count=320 1015 129 3166 3510 697 34 156 124 399 1011 40 103 67 290
internal_value=-2.77978e-11 0.0103096 -0.0263742 0.0036125 0.00571404 -0.0339606 -0.00885128 -0.0162174 -0.0405107 0.0441683 0.0105753 -0.0160348 0.0133895 0.0182016
internal_weight=1447.35 1040.59 406.763 868.752 822.735 46.0173 181.627 142.377 225.137 171.836 22.644 41.7476 17.71 240.236
internal_count=11061 6031 5030 4851 4497 354 1295 1139 3735 1180 169 569 170 987
is_linear=0
shrinkage=0.05


Tree=18
num_leaves=15
num_cat=0
split_feature=30 28 29 28 23 4 36 26 41 13 35 17 19 20
split_gain=142.376 83.124 37.3217 23.156 17.0076 13.5286 12.2223 11.2086 11.0711 9.87621 9.74994 9.74051 18.2903 9.08292
threshold=0.89587974548339855 0.84523808956146251 0.89587974548339855 -0.38750000298023218 0.41428571939468389 0.23611111193895343 1.0000000180025095e-35 0.29166667163372045 1.0000000180025095e-35 2.6735538244247441 1.0000000180025095e-35 0.22500000149011615 0.46428571641445165 0.73214286565780651
decision_type=2 2 2 2 2 2 2 2 2 2 2 2 2 2
left_child=1 3 5 6 -5 8 -1 10 -2 -10 -3 13 -13 -4
right_child=2 7 11 4 -6 -7 -8 -9 9 -11 -12 12 -14 -15
leaf_value=-0.04337902185972016 -0.035217698324651665 0.035059694784524281 -0.048309951761171893 0.00088365957238197175 0.016891427629236608 0.013149718835435226 0.02844990773159858 0.048037499416182954 -0.0093109167783674406 0.072941567827307249 -0.0341404196406392 -0.036084002450652984 0.053650651509022353 -0.013043654601992841
leaf_weight=36.702432302758098 51.758138940669596 13.796356009319425 160.81176639581099 568.00835255160928 234.40372189506888 50.423269793391228 7.0618366561830035 139.2564356205985 68.4005126664415 3.8551818914711466 8.0660774558782578 22.75461965426803 7.566968963481485 20.596042443998158
leaf_count=320 671 129 3045 3510 987 231 34 1011 378 15 40 394 54 242
internal_value=-1.67038e-10 0.00989579 -0.0258126 0.00362824 0.00555991 -0.00868748 -0.0317886 0.0428122 -0.0175664 -0.00492236 0.00952853 -0.0399215 -0.0136901 -0.044306
internal_weight=1393.46 1007.3 386.167 846.176 802.412 174.437 43.7643 161.119 124.014 72.2557 21.8624 211.729 30.3216 181.408
internal_count=11061 6031 5030 4851 4497 1295 354 1180 1064 393 169 3735 448 3287
is_linear=0
shrinkage=0.05


Tree=19
num_leaves=15
num_cat=0
split_feature=30 28 29 28 2 4 23 29 39 4 34 7 26 15
split_gain=117.561 75.2114 39.404 21.9474 18.6131 15.4375 14.0666 12.1182 12.3905 12.0688 11.3008 11.8407 10.6947 9.64187
threshold=0.89587974548339855 0.84523808956146251 0.89587974548339855 -1.0000000180025095e-35 1.0000000180025095e-35 0.29285715520381933 0.43650794029235845 1.4978661537170412 1.0000000180025095e-35 0.19090909510850909 1.0000000180025095e-35 1.0000000180025095e-35 0.29166667163372045 0.44505494832992559
decision_type=2 2 2 2 2 2 2 2 2 2 2 2 2 2
left_child=1 3 9 5 6 -1 7 8 -5 10 -2 -12 -3 -4
right_child=2 12 13 4 -6 -7 -8 -9 -10 -11 11 -13 -14 -15
leaf_value=-0.055681636073042266 -0.028863143966525381 0.0085175724185163337 -0.044377819686472884 0.0058504945215777449 0.044001182810282341 -0.0065974100021072464 0.015660766075059066 -0.056512744717391185 -0.010997140356475293 0.012018694588631997 -0.049925686071637616 0.015950744115737044 0.046827279674931443 -0.016072855941213101
leaf_weight=24.359814562834799 67.692861235700548 21.178943291306496 162.15544724836946 369.48568174149841 30.358477257192135 46.783556972630322 191.60543874837458 9.3634835761040431 154.87520532496274 58.515504918992519 8.4034366868436319 36.226029880344868 130.28594678780064 36.940930193290114
leaf_count=201 823 169 3166 1940 195 261 808 61 1385 282 79 111 1011 569
internal_value=-1.24339e-10 0.00907916 -0.02401 0.00314548 0.00564496 -0.0234041 0.00403957 -0.000132403 0.000874378 -0.00639357 -0.0159856 0.00354664 0.0414705 -0.039126
internal_weight=1348.23 978.297 369.934 826.832 755.688 71.1434 725.33 533.724 524.361 170.838 112.322 44.6295 151.465 199.096
internal_count=11061 6031 5030 4851 4389 462 4194 3386 3325 1295 1013 190 1180 3735
is_linear=0
shrinkage=0.05


Tree=20
num_leaves=15
num_cat=0
split_feature=30 28 29 28 23 4 4 26 39 35 18 19 28 21
split_gain=105.32 66.1425 36.3642 17.4743 16.0512 13.8946 11.7915 10.462 9.57568 9.12862 9.04698 9.87755 14.3348 9.18065
threshold=0.89587974548339855 0.81666666269302379 0.89587974548339855 -1.0000000180025095e-35 0.41428571939468389 0.29285715520381933 0.19090909510850909 0.29166667163372045 1.0000000180025095e-35 1.0000000180025095e-35 0.077152017503976836 0.38750000298023229 2.1833333969116215 0.30952382087707525
decision_type=2 2 2 2 2 2 2 2 2 2 2 2 2 2
left_child=1 3 6 5 -5 -1 8 9 -2 -3 -4 -12 13 -13
right_child=2 7 10 4 -6 -7 -8 -9 -10 -11 11 12 -14 -15
leaf_value=-0.052579624627711187 -0.0082000143101401066 0.033770417531045337 -0.050194328501797142 0.00083573824302869519 0.017378488351058763 -0.0050283322575241114 0.011882528476621244 0.04557675394190433 -0.044581303738562672 -0.033336601915635873 -0.035947815461327491 0.050697896263375487 -0.069525162565945695 -0.034666222168334544
leaf_weight=23.084298755973577 84.698097278364003 13.000880172476172 85.711674350779504 533.96602793503553 202.14454849623144 45.925607320852578 58.725190044380724 122.39613810088485 22.997305342927575 8.3048840388655663 83.056377944536507 11.163690427318217 5.1651305537670842 4.3875228576362124
leaf_count=201 627 131 1829 3470 916 261 282 1011 386 41 1623 92 114 77
internal_value=-2.17889e-11 0.0087004 -0.0231948 0.00312317 0.00537857 -0.0209346 -0.0061409 0.039948 -0.0159689 0.00761243 -0.0381729 -0.0282437 0.00264382 0.0266138
internal_weight=1304.73 948.822 355.905 805.12 736.111 69.0099 166.421 143.702 107.695 21.3058 189.484 103.773 20.7163 15.5512
internal_count=11061 6031 5030 4848 4386 462 1295 1183 1013 172 3735 1906 283 169
is_linear=0
shrinkage=0.05


Tree=21
num_leaves=15
num_cat=0
split_feature=30 28 29 28 23 36 25 14 4 26 15 13 39 10
split_gain=87.017 59.8447 35.0039 16.0317 14.9388 13.1864 16.3188 13.5301 11.2636 10.0125 9.9872 8.88767 8.0887 7.70642
threshold=0.89587974548339855 0.81666666269302379 0.89587974548339855 -1.0000000180025095e-35 0.41428571939468389 1.0000000180025095e-35 0.22500000149011615 1.0000000180025095e-35 0.29285715520381933 0.29166667163372045 0.44505494832992559 2.6735538244247441 1.0000000180025095e-35 1.0000000180025095e-35
decision_type=2 2 2 2 2 2 2 2 2 2 2 2 2 2
left_child=1 3 8 5 -5 6 -1 -8 11 12 -4 -2 -3 -10
right_child=2 9 10 4 -6 -7 7 -9 13 -11 -12 -13 -14 -15
leaf_value=-0.063896182342408889 -0.015786159587381471 -0.023381863311542017 -0.042628461998806294 0.0004638421581907178 0.016638242497713868 0.032600057473300463 -0.021269289121586293 0.068374576494963105 0.02929695757372441 0.044278504214946529 -0.012490196046261205 0.03956843197350985 0.039093129375746778 -0.024876323996957245
leaf_weight=21.822793119587004 116.23430938459933 10.807703381404281 144.22332587442361 525.78299879096448 195.96452644467354 9.9096948560327274 30.684291316196322 4.8784097433090201 31.876279886811972 115.68963256804273 33.961050719022751 7.7338638361543408 9.9512774841859937 8.2674711383879167
leaf_count=193 1072 64 3166 3470 916 43 209 17 119 1011 569 49 108 55
internal_value=-5.53525e-11 0.00796643 -0.0215394 0.00267916 0.00485542 -0.0206614 -0.0298589 -0.00897215 -0.00487876 0.0385411 -0.0368843 -0.0123328 0.00656691 0.0181402
internal_weight=1267.79 925.491 342.296 789.043 721.748 67.2952 57.3855 35.5627 164.112 136.449 178.184 123.968 20.759 40.1438
internal_count=11061 6031 5030 4848 4386 462 419 226 1295 1183 3735 1121 172 174
is_linear=0
shrinkage=0.05


Tree=22
num_leaves=15
num_cat=0
split_feature=30 28 29 28 23 36 4 26 34 18 19 28 17 20
split_gain=73.5099 54.3735 32.3392 15.8466 11.6477 10.8498 10.2363 9.73332 9.24602 8.91016 9.50754 11.2547 10.1184 8.01513
threshold=0.89587974548339855 0.81666666269302379 0.89587974548339855 -0.41428571939468378 0.41428571939468389 1.0000000180025095e-35 0.19090909510850909 0.29166667163372045 1.0000000180025095e-35 0.077152017503976836 0.38750000298023229 2.1833333969116215 0.22500000149011615 0.73214286565780651
decision_type=2 2 2 2 2 2 2 2 2 2 2 2 2 2
left_child=1 3 6 5 -5 -1 8 -3 -2 13 -11 12 -12 -4
right_child=2 7 9 4 -6 -7 -8 -9 -10 10 11 -13 -14 -15
leaf_value=-0.042736550985271592 -0.026455126685977121 0.0054315248587555598 -0.054568154325009943 -3.5033160075783881e-05 0.013912435771172627 0.027254336244667846 0.012166080347441008 0.043048250131023008 0.0042966898974014138 -0.033032516886508059 -0.0055842357915590352 -0.066081589956177716 0.079868950626679022 -0.0083756991745702284
leaf_weight=29.846911662258208 59.698986721225083 20.366129858419299 65.950119533576071 525.55208303965628 209.30278261099011 6.7982664629817 60.29520143289119 110.49279584735632 41.38915391266346 73.873200700152665 8.9636137643829006 4.1253216424956909 5.6461884081363669 10.9501646887511
leaf_count=305 823 172 1684 3517 992 34 282 1011 190 1623 141 114 28 145
internal_value=2.53362e-11 0.00739215 -0.0201588 0.0023373 0.00393751 -0.0297521 -0.00413891 0.0371938 -0.0138642 -0.0354107 -0.0249646 0.00684769 0.0274405 -0.0479906
internal_weight=1233.25 902.359 330.892 771.5 734.855 36.6452 161.383 130.859 101.088 169.509 92.6083 18.7351 14.6098 76.9003
internal_count=11061 6031 5030 4848 4509 339 1295 1183 1013 3735 1906 283 169 1829
is_linear=0
shrinkage=0.05


Tree=23
num_leaves=15
num_cat=0
split_feature=28 26 28 14 4 2 29 13 15 35 38 13 36 25
split_gain=68.1101 53.665 26.9245 23.7505 17.3999 13.4254 17.6788 12.97 12.3844 11.7697 16.1726 10.3029 10.0163 10.385
threshold=-1.0000000180025095e-35 0.29166667163372045 0.84523808956146251 1.5000000000000002 0.29285715520381933 1.0000000180025095e-35 0.89587974548339855 1.4978661537170412 0.6904762089252473 1.0000000180025095e-35 1.0000000180025095e-35 2.7403194904327397 1.0000000180025095e-35 0.52272728085517894
decision_type=2 2 2 2 2 2 2 2 2 2 2 2 2 2
left_child=4 3 -3 5 -1 6 9 -7 -5 10 11 -2 13 -6
right_child=1 2 -4 8 12 7 -8 -9 -10 -11 -12 -13 -14 -15
leaf_value=-0.054769650527085691 -0.0088456075998972084 0.010950099737059736 0.041346166674304609 -0.033856895167537142 -0.033142469603665542 -0.049455660732714533 -0.025847624497305911 0.038532659650789614 0.018410983393004534 0.014206405326798436 0.016495233047357782 0.087028738736997666 0.037234129874398073 0.028692857870892815
leaf_weight=59.354407423175871 326.11357998242602 230.48873502016068 106.52472918480635 82.787732733413577 47.849818721413612 4.7548464816063634 68.382704934570938 35.145008094608784 13.130437807179986 130.66545580513775 84.554539977572858 2.8264517970383158 7.4843984115868798 7.9129301011562339
leaf_count=937 2561 1044 1011 1913 529 42 1170 275 136 660 661 8 56 58
internal_value=-1.64026e-11 0.00399029 0.0205578 -0.00347066 -0.0353255 -5.53472e-05 -0.00188589 0.0280471 -0.0267018 0.0011253 -0.00300837 -0.0080218 -0.0170781 -0.0243678
internal_weight=1207.98 1085.37 337.013 748.361 122.602 652.443 612.543 39.8999 95.9182 544.16 413.495 328.94 63.2471 55.7627
internal_count=11061 9481 2055 7426 1580 5377 5060 317 2049 3890 3230 2569 643 587
is_linear=0
shrinkage=0.05


Tree=24
num_leaves=15
num_cat=0
split_feature=28 26 19 14 13 4 35 38 30 15 19 30 27 15
split_gain=61.0484 45.2762 24.3313 20.2165 13.7447 13.4833 13.2875 17.1823 12.1228 10.7553 9.93737 8.83006 8.68821 8.97041
threshold=-1.0000000180025095e-35 0.29166667163372045 0.77500000596046459 1.5000000000000002 1.4978661537170412 0.29285715520381933 1.0000000180025095e-35 1.0000000180025095e-35 2.7403194904327397 0.6904762089252473 0.46428571641445165 1.2424533367156985 2.3039131164550786 0.44505494832992559
decision_type=2 2 2 2 2 2 2 2 2 2 2 2 2 2
left_child=5 3 4 8 6 -1 7 -3 10 -5 12 -7 -2 -14
right_child=1 2 -4 9 -6 11 -8 -9 -10 -11 -12 -13 13 -15
leaf_value=-0.052560397563905341 -0.00065461190917473564 0.023343673884358637 0.049924535717399222 -0.031887165274097289 0.043975297986436818 -0.0070773101967726588 -0.015084292510750281 -0.010988629341158788 0.052875360914108376 0.01740314813904666 0.042502058445566711 -0.051341738798989692 -0.047400235858287794 0.035618102257090549
leaf_weight=54.871046383865178 597.02954687969759 146.20386146754026 53.913304686546326 79.449258764274418 31.955909459851682 44.702300655655563 46.031135287135839 48.543092692736536 10.661230971105395 12.858372887596486 12.924873165786265 15.063073428813366 18.185546632856134 3.9629915822297326
leaf_count=937 4890 890 553 1913 204 352 193 215 79 136 71 291 306 31
internal_value=5.62702e-11 0.00374278 0.0192319 -0.00314017 0.0131646 -0.0346642 0.00907544 0.0147859 2.15093e-06 -0.0250211 -0.000889624 -0.0182336 -0.00179539 -0.0325459
internal_weight=1176.36 1061.72 326.647 735.072 272.734 114.636 240.778 194.747 642.764 92.3076 632.103 59.7654 619.178 22.1485
internal_count=11061 9481 2055 7426 1502 1580 1298 1105 5377 2049 5298 643 5227 337
is_linear=0
shrinkage=0.05


Tree=25
num_leaves=15
num_cat=0
split_feature=28 19 30 29 15 28 1 34 4 27 42 4 35 13
split_gain=52.8933 40.0369 22.032 23.1938 14.7309 13.3482 12.2931 12.924 12.0941 11.0186 12.6973 10.9731 9.86858 13.4956
threshold=-1.0000000180025095e-35 0.77500000596046459 0.89587974548339855 1.2424533367156985 0.4083333313465119 1.9166666865348818 1.0000000180025095e-35 1.0000000180025095e-35 0.29285715520381933 2.6382048130035405 1.5000000000000002 0.15476191043853763 1.0000000180025095e-35 1.8688347935676577
decision_type=2 2 2 2 2 2 2 2 2 2 2 2 2 2
left_child=8 2 4 6 -2 -3 7 -4 -1 10 -9 -8 -6 -14
right_child=1 5 3 -5 12 -7 11 9 -10 -11 -12 -13 13 -15
leaf_value=-0.050624397263998845 0.0029390763879250121 0.051097378428786644 -0.023244416939923955 -0.040050281599216135 0.039826541208917626 -0.018626318307288291 -0.084386143835428445 -0.0079998068884656777 -0.017395236005941294 0.086471307666152519 0.070199967437404059 0.025147282982307929 -0.016485949828451595 0.076276957987795768
leaf_weight=51.494492370635271 654.02293961960822 54.593869801610708 82.664132467005402 56.947774428641424 48.187584692146629 7.8515950813889495 2.4167421385645858 41.47572657931596 58.480020544491708 4.179830787703394 5.9334761789068571 42.435244938358665 20.476857749745253 4.8494494184851638
leaf_count=937 4446 557 1432 1717 446 131 25 221 643 11 32 345 103 15
internal_value=-8.79256e-12 0.00353219 0.00101785 -0.0122553 0.00532439 0.0423307 -0.00341766 -0.010989 -0.0329545 0.00864849 0.00178725 0.0192453 0.0265455 0.00127618
internal_weight=1136.01 1026.04 963.59 236.053 727.537 62.4455 179.105 134.253 109.975 51.589 47.4092 44.852 73.5139 25.3263
internal_count=11061 9481 8793 3783 5010 688 2066 1696 1580 264 253 370 564 118
is_linear=0
shrinkage=0.05


Tree=26
num_leaves=15
num_cat=0
split_feature=28 19 15 30 20 36 28 27 42 18 21 39 4 42
split_gain=47.6778 39.4804 22.3632 28.8357 15.2912 13.2621 12.2476 10.3368 10.8124 10.8276 8.73168 8.49723 15.4967 8.49365
threshold=-0.38750000298023218 0.77500000596046459 0.44505494832992559 0.89587974548339855 0.73214286565780651 1.0000000180025095e-35 1.9166666865348818 2.771639466285706 1.5000000000000002 0.49166667461395269 0.92857143282890331 1.0000000180025095e-35 0.73214286565780651 2.5000000000000004
decision_type=2 2 2 2 2 2 2 2 2 2 2 2 2 2
left_child=5 2 3 -2 -5 -1 -3 8 9 -6 -7 12 -4 -13
right_child=1 6 11 4 7 10 -8 -9 -10 -11 -12 13 -14 -15
leaf_value=-0.046763585032725236 0.0022024685200755282 0.050952559118015862 0.016337562341276163 -0.032212657063628504 -0.017916698202383102 0.04148356472327136 -0.016922235356928682 0.059190076574037909 0.086745274101441769 0.069277476708781136 -0.067854860682537294 0.038369712061636134 -0.055157115053905303 -0.016928760983536958
leaf_weight=64.93883545929566 663.19315614923835 52.020679629407823 54.977792133344337 108.35780101828277 58.818260326050222 7.577658041380344 7.6197361210361114 6.2128557302057734 2.8618019837886086 3.7898066826164714 2.4056427022442222 59.653350926935673 8.79136048350483 7.8587770638987413
leaf_count=1189 4535 557 378 2857 435 66 131 28 13 13 42 586 64 167
internal_value=9.75763e-11 0.00279035 0.000373535 -0.00261508 -0.0203609 -0.0385154 0.0422808 -0.00244541 -0.0082944 -0.0126386 0.0151366 0.0195697 0.00648114 0.0319327
internal_weight=1109.08 1034.16 974.515 843.234 180.041 74.9221 59.6404 71.6827 65.4699 62.6081 9.9833 131.281 63.7692 67.5121
internal_count=11061 9764 9076 7881 3346 1297 688 489 461 448 108 1195 442 753
is_linear=0
shrinkage=0.05


Tree=27
num_leaves=15
num_cat=0
split_feature=19 30 29 14 6 41 18 15 28 21 28 25 36 5
split_gain=42.6534 37.3728 25.9151 16.6037 11.0118 10.6974 11.3149 9.82136 9.57378 8.93271 7.06164 9.61249 10.723 10.2436
threshold=0.41428571939468389 0.89587974548339855 0.89587974548339855 1.5000000000000002 1.0000000180025095e-35 1.0000000180025095e-35 0.42638888955116278 0.4083333313465119 2.2250000238418584 0.30952382087707525 -1.0000000180025095e-35 0.22500000149011615 1.0000000180025095e-35 1.0000000180025095e-35
decision_type=2 2 2 2 2 2 2 2 2 2 2 2 2 2
left_child=1 7 -3 4 -2 6 8 10 -5 -7 11 12 -1 -13
right_child=3 2 -4 5 -6 9 -8 -9 -10 -11 -12 13 -14 -15
leaf_value=-0.067340155683073097 0.050110909282281541 -0.0057217012398951975 -0.038158149794372709 0.042786055259022508 0.007766834209875938 -0.0012537150485771433 -0.038142494212832591 0.022836823473266286 -0.03074926515189419 -0.079273592704216064 0.0018354677813667043 -0.012661668702166343 0.04241853892606981 0.077770317066703648
leaf_weight=13.617000932805242 63.559261032380164 135.54390202043578 112.84282123541925 27.421710058115423 20.243849889375269 9.8438133290037495 7.2455073855817309 52.84726445376873 5.2781654815189532 5.848320976831018 604.61381244240329 24.566954727750275 2.6599260736256829 3.5889257304370394
leaf_count=164 655 1224 3330 368 163 103 80 352 176 63 4170 187 13 13
internal_value=-8.70454e-11 -0.00378929 -0.0204577 0.0258238 0.0398821 0.00464878 0.0183902 0.00210933 0.0309165 -0.030331 0.000421636 -0.0188169 -0.0494037 -0.00113464
internal_weight=1089.72 950.281 248.387 139.441 83.8031 55.6375 39.9454 701.894 32.6999 15.6921 649.047 44.4328 16.2769 28.1559
internal_count=11061 9453 4554 1608 818 790 624 4899 544 166 4547 377 177 200
is_linear=0
shrinkage=0.05


Tree=28
num_leaves=15
num_cat=0
split_feature=19 28 30 29 41 28 36 26 15 11 1 15 21 18
split_gain=44.9348 34.9702 16.021 20.8429 12.6185 13.9247 11.3559 11.1314 13.6114 10.533 12.2952 10.2173 8.0817 7.24328
threshold=0.41428571939468389 -0.41428571939468378 0.89587974548339855 1.2424533367156985 1.0000000180025095e-35 2.2250000238418584 1.0000000180025095e-35 0.41666667163372045 0.6904762089252473 1.0000000180025095e-35 1.0000000180025095e-35 0.4083333313465119 0.92857143282890331 0.49166667461395269
decision_type=2 2 2 2 2 2 2 2 2 2 2 2 2 2
left_child=1 6 11 9 5 -2 -1 8 -6 10 13 -3 -8 -4
right_child=4 2 3 -5 7 -7 12 -9 -10 -11 -12 -13 -14 -15
leaf_value=-0.046561521433000325 0.04254774890922209 0.00091433799307081166 -0.0081438828799396887 -0.040135579548535374 -0.053064722357114437 -0.035425453273247511 0.040885152729636033 0.022620600966652797 0.073639925022643701 -0.0304924432417795 0.033567330336931454 0.025691217618135604 -0.064224886406592671 0.066927545036426381
leaf_weight=58.708679480478168 86.044872398022562 619.43374900100753 92.747328147059307 53.807207039557397 12.068193275481461 6.1339865620248011 6.8434669692069274 29.170943425968289 2.5712146759033194 29.895522197708488 25.409669623710215 44.604646197520196 2.4956540055572987 3.328419695608317
leaf_count=1145 995 4271 1068 1810 147 196 64 260 10 611 136 289 42 17
internal_value=-7.61015e-11 -0.00389697 -0.00119471 -0.0134062 0.026859 0.0373591 -0.0384149 0.00476629 -0.0308108 -0.00390547 0.00263714 0.00257865 0.012797 -0.00554313
internal_weight=1073.26 937.274 869.227 205.188 135.989 92.1789 68.0478 43.8104 14.6394 151.381 121.485 664.038 9.33912 96.0757
internal_count=11061 9453 8202 3642 1608 1191 1251 417 157 1832 1221 4560 106 1085
is_linear=0
shrinkage=0.05


Tree=29
num_leaves=15
num_cat=0
split_feature=28 19 15 30 20 27 36 39 4 28 21 16 28 28
split_gain=36.6549 29.1769 17.9176 22.2313 11.4745 9.59189 9.27785 9.23679 10.5325 8.67462 7.52279 7.29421 6.84928 8.20644
threshold=-0.38750000298023218 0.77500000596046459 0.44505494832992559 0.89587974548339855 0.73214286565780651 2.771639466285706 1.0000000180025095e-35 1.0000000180025095e-35 0.57738095521926891 1.9166666865348818 0.92857143282890331 0.81666666269302379 0.73214286565780651 1.3095238208770754
decision_type=2 2 2 2 2 2 2 2 2 2 2 2 2 2
left_child=6 2 3 -2 12 11 -1 8 -4 -3 -8 -6 -5 -14
right_child=1 9 7 4 5 -7 10 -9 -10 -11 -12 -13 13 -15
leaf_value=-0.043164920902094166 0.0018988925592433631 0.047567278197090251 0.01381557528634416 -0.052542375539511112 -0.01321088681695295 0.056288492501029533 0.038544432364521097 0.030807976085862415 -0.039499062408397595 -0.01148608940433108 -0.060617075881272735 0.058153942793740802 -0.0068661634934223392 -0.040351123977505891
leaf_weight=57.945027766749263 642.39835336618125 43.912970520555973 49.370385837741196 24.348980024456978 57.777624782174826 6.2355005554854861 6.7330157989636046 66.199875269085169 11.403257927158846 7.2446733838878563 2.6715355473570526 3.8170982897281638 40.577470406889915 33.324829491786659
leaf_count=1189 4535 557 343 819 454 28 66 753 99 131 42 7 752 1286
internal_value=-5.0489e-11 0.00243623 0.000425468 -0.00231687 -0.0186233 -0.00280594 -0.0356886 0.0178868 0.00381189 0.0392045 0.0103758 -0.00878832 -0.0295432 -0.0219656
internal_weight=1053.96 986.611 935.453 808.48 166.082 67.8302 67.3496 126.974 60.7736 51.1576 9.40455 61.5947 98.2513 73.9023
internal_count=11061 9764 9076 7881 3346 489 1297 1195 442 688 108 461 2857 2038
is_linear=0
shrinkage=0.05


Tree=30
num_leaves=15
num_cat=0
split_feature=28 19 30 29 4 7 15 35 13 21 14 42 36 27
split_gain=33.5819 25.3251 16.1286 18.5732 10.6793 9.71903 9.13204 9.65684 12.5597 11.1135 8.47367 8.41469 8.30339 8.00186
threshold=-0.41428571939468378 0.70833334326744091 0.89587974548339855 1.2424533367156985 0.29285715520381933 1.0000000180025095e-35 0.4083333313465119 1.0000000180025095e-35 1.8688347935676577 0.22500000149011615 1.5000000000000002 1.0000000180025095e-35 1.0000000180025095e-35 1.6107659339904787
decision_type=2 2 2 2 2 2 2 2 2 2 2 2 2 2
left_child=12 2 6 4 -4 -6 -2 -8 9 -9 -3 -7 -1 -12
right_child=1 10 3 -5 5 11 7 8 -10 -11 13 -13 -14 -15
leaf_value=-0.042991194342843708 0.0021756450951207632 0.051519625868590518 -0.010882997004270581 -0.037030531906032567 0.041010411208640199 0.014282762427372293 0.035288508860455092 0.027112610937342838 0.070771565955828564 -0.049077302557006292 0.024549487922904366 -0.056189014036295892 0.0080184407108837615 -0.063650156451865836
leaf_weight=53.554151927819476 634.21678193891421 33.293720684945583 116.74447676492855 53.831048459047452 22.432631017640233 14.159540882334115 44.369346394669265 7.6703882068395677 4.6323004439473143 12.72908000461757 13.762903192080559 6.0440349997952572 9.3744513886049372 3.1624622978270045
leaf_count=1145 4537 441 1667 1920 222 48 456 50 15 59 204 129 106 62
internal_value=3.37499e-11 0.00230308 0.000409375 -0.0116378 -0.00306141 0.0183553 0.00405994 0.0212795 -0.00355187 -0.0204292 0.0368756 -0.00679934 -0.0353923 0.0080696
internal_weight=1029.98 967.049 916.83 213.212 159.381 42.6362 703.618 69.4011 25.0318 20.3995 50.2191 20.2036 62.9286 16.9254
internal_count=11061 9810 9103 3986 2066 399 5117 580 124 109 707 177 1251 266
is_linear=0
shrinkage=0.05


Tree=31
num_leaves=15
num_cat=0
split_feature=28 19 30 29 1 27 34 36 19 24 29 8 21 28
split_gain=31.6702 23.5364 14.8746 15.9608 8.73685 8.49155 7.98176 7.98003 7.79568 7.61792 7.75879 7.2402 6.98987 6.47382
threshold=-0.41428571939468378 0.77500000596046459 0.89587974548339855 1.2424533367156985 1.0000000180025095e-35 1.5336710810661318 1.0000000180025095e-35 1.0000000180025095e-35 0.18333333730697635 0.18333333730697635 1.4978661537170412 1.0000000180025095e-35 0.92857143282890331 1.9166666865348818
decision_type=2 2 2 2 2 2 2 2 2 2 2 2 2 2
left_child=7 2 5 4 6 -2 11 8 -1 10 -7 -4 -9 -3
right_child=1 13 3 -5 -6 9 -8 12 -10 -11 -12 -13 -14 -15
leaf_value=-0.045948366589442229 0.0031036518930613009 0.045098645291284233 -0.038729512455616413 -0.035216271278876547 0.015655100575034043 0.044975565470191693 0.0063632125569390427 0.036981591667346971 0.063585197400554322 0.065942580594588615 -0.057559756974231963 -0.0065333507344622656 -0.056778808448902589 -0.0073045425601075773
leaf_weight=50.417716424446553 676.45681665395387 38.967987176030874 31.60060233483091 52.001636079512537 43.966401819139719 4.1759508810937431 43.109954630024731 6.4061205349862558 1.6785048469901074 10.31832800619304 3.3052348047494888 39.026292446535081 2.8820871780626476 6.9438821189105502
leaf_count=1133 5026 557 539 1923 370 27 264 64 12 58 22 893 42 131
internal_value=-6.25098e-12 0.00224937 0.000475612 -0.0111945 -0.00327344 0.00400064 -0.0105905 -0.0348071 -0.0424193 0.0380901 -0.000325184 -0.0209389 0.00788818 0.037173
internal_weight=1011.26 949.873 903.961 209.705 157.703 694.256 113.737 61.3844 52.0962 17.7995 7.48119 70.6269 9.28821 45.9119
internal_count=11061 9810 9122 3989 2066 5133 1696 1251 1145 107 49 1432 106 688
is_linear=0
shrinkage=0.05


Tree=32
num_leaves=15
num_cat=0
split_feature=28 19 30 29 15 35 13 21 4 13 34 36 28 21
split_gain=29.5106 21.5224 12.6963 13.2342 7.8927 8.00628 12.7989 11.6354 7.14251 8.5253 6.93909 6.49584 6.46191 6.13067
threshold=-0.38750000298023218 0.77500000596046459 0.89587974548339855 1.2424533367156985 0.4083333313465119 1.0000000180025095e-35 1.8688347935676577 0.22500000149011615 0.29285715520381933 1.7005987167358401 1.0000000180025095e-35 1.0000000180025095e-35 1.9166666865348818 0.92857143282890331
decision_type=2 2 2 2 2 2 2 2 2 2 2 2 2 2
left_child=11 2 4 8 -2 -6 7 -7 10 -10 -4 -1 -3 -13
right_child=1 12 3 -5 5 6 -8 -9 9 -11 -12 13 -14 -15
leaf_value=-0.04057442996149898 0.0020082701608440711 0.04450376802192485 -0.019476423357337187 -0.033163099894244139 0.033317470211795659 0.028629645489999411 0.071299538117041969 -0.050298359477639679 -0.014158939268010271 0.032155696222474349 0.006093594014838795 0.032721028291017855 -0.0082975277638999579 -0.051258810041548419
leaf_weight=51.820079148048535 622.00899709248915 37.259002767503262 70.404085103422403 48.770463810767978 42.173731870017946 7.53952224552632 4.729091376066207 12.265769522637127 16.159826796036214 25.798512895591557 42.579108106903732 6.3697284208610636 6.8615380483679465 3.2985841115005314
leaf_count=1189 4534 557 1408 1892 459 51 15 59 171 228 259 66 131 42
internal_value=-2.70381e-11 0.00220301 0.000517683 -0.010448 0.00376116 0.0201056 -0.00260501 -0.0202519 -0.003298 0.0143181 -0.00984005 -0.0335547 0.0362922 0.00406923
internal_weight=998.038 936.55 892.429 203.712 688.717 66.7081 24.5344 19.8053 154.942 41.9583 112.983 61.4884 44.1205 9.66831
internal_count=11061 9764 9076 3958 5118 584 125 110 2066 399 1667 1297 688 108
is_linear=0
shrinkage=0.05


Tree=33
num_leaves=15
num_cat=0
split_feature=28 19 30 10 15 7 28 26 21 27 25 14 2 39
split_gain=26.6763 17.6482 11.571 11.7233 9.0009 8.03562 7.03475 6.86217 7.60334 6.78453 6.30968 6.30061 6.13264 30.4855
threshold=-0.38750000298023218 0.77500000596046459 0.89587974548339855 1.0000000180025095e-35 0.44505494832992559 1.0000000180025095e-35 1.9166666865348818 0.15476191043853763 0.64583334326744091 2.9676599502563481 0.44505494832992559 2.5000000000000004 1.0000000180025095e-35 1.0000000180025095e-35
decision_type=2 2 2 2 2 2 2 2 2 2 2 2 2 2
left_child=7 2 12 4 11 -6 -3 -1 -9 -5 -10 -4 -2 -14
right_child=1 6 3 9 5 -7 -8 8 10 -11 -12 -13 13 -15
leaf_value=-0.047896706177365966 0.0024217896621735687 0.042945064159607034 -0.0059332580720078323 -0.030753050875009222 0.039982120358936377 -0.0084009239025483583 -0.01175072104783785 0.0096325724502217824 -0.075714140595769697 0.044396535323652613 -0.0072451943241531661 -0.057708551972322997 -0.047635614364478718 0.044687203650471755
leaf_weight=32.160508418572135 633.2181408253964 34.998761456925422 92.177507146261632 63.050323205068707 20.926879471167922 14.547218893654643 7.065470094792544 15.431758194230497 6.7905262047424912 3.1535722883418194 6.6697843829169869 6.2760092266835263 12.004430174827574 35.045799301937222
leaf_count=959 4647 557 1374 1960 168 113 131 184 97 47 57 296 50 421
internal_value=4.52515e-11 0.00211845 0.000606767 -0.00996137 -0.00145303 0.0201412 0.0337579 -0.0320084 -0.0143228 -0.0271734 -0.0417868 -0.00923372 0.00371586 0.0211319
internal_weight=983.517 922.464 880.4 200.132 133.928 35.4741 42.0642 61.0526 28.8921 66.2039 13.4603 98.4535 680.268 47.0502
internal_count=11061 9764 9076 3958 1951 281 688 1297 338 2007 154 1670 5118 471
is_linear=0
shrinkage=0.05


Tree=34
num_leaves=15
num_cat=0
split_feature=28 19 29 41 24 15 30 4 36 12 8 28 14 19
split_gain=25.4799 15.4059 9.99277 20.0938 18.4162 11.08 10.7458 10.6241 7.94283 7.12473 10.3967 6.77749 6.62181 6.05968
threshold=-0.38750000298023218 0.77500000596046459 1.4978661537170412 1.0000000180025095e-35 0.52272728085517894 0.44505494832992559 1.2424533367156985 0.15476191043853763 1.0000000180025095e-35 1.0000000180025095e-35 1.0000000180025095e-35 -0.22500000149011609 1.5000000000000002 0.22500000149011615
decision_type=2 2 2 2 2 2 2 2 2 2 2 2 2 2
left_child=8 2 5 9 -5 6 -2 -7 13 10 -4 -11 -3 -1
right_child=1 12 3 4 -6 7 -8 -9 -10 11 -12 -13 -14 -15
leaf_value=-0.042479681219446556 0.0028722415559547724 0.047379700622434802 0.032992542469169175 -0.056975235011948205 0.098402547648822197 -0.06431326500480708 -0.01465563548482756 0.022108418379743717 0.0085146731704156091 -0.051835765494000055 -0.04079216397854081 0.027499042264025421 0.0046796149712263705 0.088649504353826625
leaf_weight=48.212424675468355 584.94149294355884 25.963005319237709 6.9200128908269116 29.778741933405403 2.0375393060967317 3.7040665755048385 102.81110579194501 89.085591614013538 10.144426177255808 2.9944055825471905 15.396388008259237 26.659793260972947 13.962068233639 0.89742984995245834
leaf_count=1184 4642 441 156 418 8 42 1950 882 108 17 712 249 247 5
internal_value=-8.77427e-11 0.0020814 0.000678744 -0.0157303 -0.0470247 0.00244017 0.000252025 0.0186586 -0.0317634 0.00342806 -0.0179125 0.019488 0.0324472 -0.0400834
internal_weight=963.508 904.254 864.329 83.7869 31.8163 780.542 687.753 92.7897 59.2543 51.9706 22.3164 29.6542 39.9251 49.1099
internal_count=11061 9764 9076 1560 426 7516 6592 924 1297 1134 868 266 688 1189
is_linear=0
shrinkage=0.05


Tree=35
num_leaves=15
num_cat=0
split_feature=28 19 29 34 21 35 23 13 15 4 30 26 14 6
split_gain=23.2268 13.8074 9.78261 17.0726 8.81174 10.1458 8.19395 9.08558 8.08105 9.11681 8.95899 7.32304 6.43901 6.42395
threshold=-0.38750000298023218 0.70833334326744091 1.4978661537170412 1.0000000180025095e-35 0.92857143282890331 1.0000000180025095e-35 0.15476191043853763 2.9700856208801274 0.44505494832992559 0.15476191043853763 1.2424533367156985 0.15476191043853763 1.5000000000000002 1.0000000180025095e-35
decision_type=2 2 2 2 2 2 2 2 2 2 2 2 2 2
left_child=11 2 8 4 5 -4 7 13 10 -10 -2 -1 -3 -6
right_child=1 12 3 -5 6 -7 -8 -9 9 -11 -12 -13 -14 -15
leaf_value=-0.047761902540788805 0.0028526220673612789 0.046581362813811748 -0.0017068461988506167 -0.074354619218068616 0.014588955581609298 -0.048849782394150193 0.055865536776001791 0.066897303567674468 -0.060947235801597367 0.019461576771882989 -0.013415786897032265 -0.012000249491994582 0.0052490007659465902 -0.088128374745423677
leaf_weight=30.223938971990719 580.80367520032451 24.591359600424767 34.166617311537266 10.832985660061238 2.6574782300740498 17.13712549302727 9.2959612710401398 2.6104815620929003 3.6713719191029659 88.50066328747198 99.060792348813266 27.196350330486894 15.276232608593999 3.5628585433587432
leaf_count=959 4642 441 925 146 90 258 54 15 42 882 1950 338 266 53
internal_value=-2.74369e-11 0.00198384 0.000638545 -0.015975 -0.00686619 -0.0174541 0.0231006 -0.0113902 0.00236574 0.0162588 0.000482206 -0.0308239 0.0307439 -0.044245
internal_weight=949.588 892.168 852.3 80.2635 69.4305 51.3037 18.1268 8.83082 772.037 92.172 679.864 57.4203 39.8676 6.22034
internal_count=11061 9764 9057 1541 1395 1183 212 158 7516 924 6592 1297 707 143
is_linear=0
shrinkage=0.05


Tree=36
num_leaves=15
num_cat=0
split_feature=28 29 34 19 18 36 25 23 4 39 39 4 22 11
split_gain=19.5963 14.0344 18.3234 11.0284 8.06869 6.97931 6.61155 13.1779 6.36117 10.6499 10.6275 8.41355 9.91443 7.03114
threshold=-0.38750000298023218 1.4978661537170412 1.0000000180025095e-35 0.77500000596046459 0.077152017503976836 1.0000000180025095e-35 0.35416667163372045 0.13392857462167743 0.29285715520381933 1.0000000180025095e-35 1.0000000180025095e-35 0.73214286565780651 0.45000000298023229 1.0000000180025095e-35
decision_type=2 2 2 2 2 2 2 2 2 2 2 2 2 2
left_child=5 3 4 8 -3 -1 -6 -8 9 13 11 12 -10 -2
right_child=1 2 -4 -5 6 -7 7 -9 10 -11 -12 -13 -14 -15
leaf_value=-0.037415721398495444 0.006324330633473949 -0.036757537203452546 -0.075068538411604324 0.030858979122600563 -0.011450142374345072 0.009403857917095311 -0.031585436415185734 0.055805714475395285 -0.051716886204445957 -0.010546442915572062 0.026954984459256894 -0.036111306725994281 0.016318371384035957 -0.013434644171451147
leaf_weight=44.828434148337692 430.11707270424813 18.34097905876115 11.943394799251108 35.977069640532136 34.143461949657649 9.6781570697203261 6.621411910280588 12.377176476176826 6.1154134739190331 162.65265650721267 64.749206766951829 13.973186275456099 43.050477154087275 50.287117830011994
leaf_count=1189 3143 509 146 674 533 108 289 97 46 2493 834 109 379 512
internal_value=-2.43955e-12 0.00178163 -0.0177415 0.00380011 -0.00816333 -0.0291025 0.00170542 0.025348 0.00253737 0.000511939 0.0127218 -0.00187438 0.00785592 0.00425603
internal_weight=944.855 890.349 83.4264 806.922 71.483 54.5066 53.1421 18.9986 770.945 643.057 127.888 63.1391 49.1659 480.404
internal_count=11061 9764 1574 8190 1428 1297 919 386 7516 6148 1368 534 425 3655
is_linear=0
shrinkage=0.05


Tree=37
num_leaves=15
num_cat=0
split_feature=30 19 29 28 29 41 25 27 13 19 4 19 28 4
split_gain=18.1805 15.5835 14.9548 8.28935 5.20895 19.4517 14.2327 9.30309 6.97631 6.94616 6.63104 8.31809 5.42608 5.07773
threshold=0.89587974548339855 0.55000001192092907 1.2424533367156985 -1.0000000180025095e-35 1.4978661537170412 1.0000000180025095e-35 0.18333333730697635 1.3367404937744143 1.4978661537170412 0.22500000149011615 0.27922078967094427 0.22500000149011615 -0.38750000298023218 0.23611111193895343
decision_type=2 2 2 2 2 2 2 2 2 2 2 2 2 2
left_child=1 4 3 -2 8 -6 10 9 12 -8 11 -7 -1 -5
right_child=2 -3 -4 13 5 6 7 -9 -10 -11 -12 -13 -14 -15
leaf_value=-0.028126099756965894 -0.039888398501735332 0.034346438579372369 -0.035678024303122738 -0.0085262283519432543 0.01477796437292913 -0.080349195215247957 0.0097766160412562989 0.071074100468812726 0.028776080337655521 -0.094530316741232745 -0.095508804632587249 0.0053402917084657345 0.0031488143823784919 0.010529604691166016
leaf_weight=14.214802966453133 15.627185763791202 39.618101018480957 53.096030469285324 96.743343985173851 34.131464384961873 5.7945778183639103 4.5350665547884983 3.7022655578330159 26.167919832281768 2.4628984555602074 9.2561896294355375 5.5395617336034775 569.49925122363493 54.738625649828464
leaf_count=200 516 685 2331 1610 327 28 39 15 215 17 63 18 4424 573
internal_value=7.30391e-11 0.00386921 -0.0125619 -0.00521709 0.0020812 -0.0113266 -0.0398011 0.00697688 0.00351945 -0.0269337 -0.0641104 -0.0384685 0.0023872 -0.00164033
internal_weight=935.127 714.922 220.205 167.109 675.304 65.422 31.2906 10.7002 609.882 6.99797 20.5903 11.3341 583.714 151.482
internal_count=11061 6031 5030 2699 5346 507 180 71 4839 56 109 46 4624 2183
is_linear=0
shrinkage=0.05


Tree=38
num_leaves=15
num_cat=0
split_feature=28 29 41 9 5 19 15 4 28 14 15 39 4 10
split_gain=17.2245 15.2857 21.6468 10.0748 9.80223 8.86068 6.19016 8.86516 7.86206 6.01611 5.23491 5.20194 11.2827 6.69389
threshold=-0.22500000149011609 1.4978661537170412 1.0000000180025095e-35 1.0000000180025095e-35 1.0000000180025095e-35 0.77500000596046459 0.44505494832992559 0.15476191043853763 2.3095238208770756 1.5000000000000002 0.58571431040763866 1.0000000180025095e-35 0.29285715520381933 1.0000000180025095e-35
decision_type=2 2 2 2 2 2 2 2 2 2 2 2 2 2
left_child=4 5 3 -3 -1 6 8 -8 11 -7 -4 13 -13 -2
right_child=1 2 10 -5 -6 9 7 -9 -10 -11 -12 12 -14 -15
leaf_value=-0.027637693800278501 0.0069973127626399324 -0.021591217729779677 -0.057435432301860934 0.02737313705917252 0.048794939621018107 0.044805571679747247 -0.059084890794741968 0.019018862738730106 -0.051763219153056816 0.0014994610341318901 0.029075070263274834 -0.011519457802321062 0.023411090232570531 -0.0093337997038809
leaf_weight=69.997981087653898 406.8322910296265 20.677746105473489 28.490601147059355 21.354939875658602 4.4621626986190668 21.774038354866207 3.8017075024545184 81.942030185135081 6.9147642594762138 12.695693280315025 1.8630340150557447 139.94919294957072 27.691950980108231 74.188216753304005
leaf_count=1510 2998 873 360 219 32 441 42 869 322 233 25 2136 379 622
internal_value=1.71664e-11 0.00202417 -0.01995 0.0032854 -0.0230573 0.00407451 0.00292225 0.0155559 0.00126988 0.0288553 -0.0521256 0.00183522 -0.00574942 0.00447855
internal_weight=922.636 848.176 72.3863 42.0327 74.4601 775.79 741.32 85.7437 655.576 34.4697 30.3536 648.662 167.641 481.021
internal_count=11061 9519 1477 1092 1542 8042 7368 911 6457 674 385 6135 2515 3620
is_linear=0
shrinkage=0.05


Tree=39
num_leaves=15
num_cat=0
split_feature=28 29 34 19 4 18 23 14 25 28 18 4 39 35
split_gain=15.195 10.9551 14.8578 7.91923 7.85388 7.70409 6.22045 5.59078 5.46579 6.74313 5.53407 5.22066 8.21424 7.47774
threshold=-0.22500000149011609 1.4978661537170412 1.0000000180025095e-35 0.77500000596046459 0.29285715520381933 0.077152017503976836 0.43650794029235845 1.5000000000000002 0.52272728085517894 -0.38750000298023218 0.10522959381341936 0.29285715520381933 1.0000000180025095e-35 1.0000000180025095e-35
decision_type=2 2 2 2 2 2 2 2 2 2 2 2 2 2
left_child=4 3 5 11 -1 6 -3 -5 10 -10 -6 12 -2 -13
right_child=1 2 -4 7 8 -7 -8 -9 9 -11 -12 13 -14 -15
leaf_value=-0.040256150941035733 0.0040522289118146322 -0.056034245681104815 -0.07154330289097538 0.043251295794195135 0.07138320966609156 0.0028907863233925014 0.018470486391085117 0.00075186891643908536 -0.028281307820628446 0.082431387943327356 -0.019338023233391805 0.020844914943822387 -0.0092434248489516486 -0.0082046430356884793
leaf_weight=32.409300045575947 475.32766614621505 11.615351176355032 10.565885528456418 20.906890055164695 1.7717939862050105 45.957368581555784 3.6919990698806933 12.28561670007184 2.2955245762132108 3.4309008875861755 32.801994220120832 78.442650869023055 153.74244721699506 30.871293818112463
leaf_count=920 3601 452 123 441 28 873 29 233 43 12 539 1033 2471 263
internal_value=4.3396e-11 0.0018907 -0.0167857 0.0036294 -0.0219315 -0.0073421 -0.0380644 0.0275209 -0.0071949 0.0380505 -0.0146889 0.00255541 0.00080282 0.012641
internal_weight=916.117 843.407 71.8306 771.577 72.7095 61.2647 15.3074 33.1925 40.3002 5.72643 34.5738 738.384 629.07 109.314
internal_count=11061 9519 1477 8042 1542 1354 481 674 622 55 567 7368 6072 1296
is_linear=0
shrinkage=0.05


Tree=40
num_leaves=15
num_cat=0
split_feature=30 29 19 28 1 34 8 38 27 7 4 18 30 42
split_gain=13.7561 12.8419 11.7508 5.99436 5.35197 5.31294 6.01495 5.00003 7.69816 4.80625 6.84668 5.62497 4.60742 5.8231
threshold=0.89587974548339855 1.2424533367156985 0.77500000596046459 -1.0000000180025095e-35 1.0000000180025095e-35 1.0000000180025095e-35 1.0000000180025095e-35 1.0000000180025095e-35 1.6070912480354311 1.0000000180025095e-35 0.57738095521926891 0.23779762536287311 2.5249279737472539 1.5000000000000002
decision_type=2 2 2 2 2 2 2 2 2 2 2 2 2 2
left_child=2 3 -1 -2 5 6 7 -5 -9 11 -11 -6 13 -7
right_child=1 -3 -4 4 9 12 -8 8 -10 10 -12 -13 -14 -15
leaf_value=0.0021539271887846784 -0.035872983856491507 -0.033728985735658662 0.037602640035822726 -0.048454774287414765 -0.0060523345182662731 -0.0049780601306644795 -0.0037983611851899572 -0.060656923800542197 0.038840032080979997 0.0084531336194342138 -0.071190449581877882 0.042660767450236267 0.066022908085649909 0.058994951404945054
leaf_weight=675.30829250346869 13.88515992683824 48.57950606092345 24.21638354472816 18.910269462736323 8.8856842149980384 32.503115519415587 39.702680152375251 3.2664748532697576 4.8019237867556512 13.18733255332336 3.3927121423184863 17.792147702537477 3.046935709193348 3.9942732346244147
leaf_count=5472 516 2331 559 465 106 220 974 27 47 110 57 130 12 35
internal_value=3.54748e-11 -0.0111592 0.0033811 -0.00444778 -0.00152877 -0.00756614 -0.0161773 -0.0343946 -0.00144111 0.0132968 -0.00784403 0.0264357 0.0069544 0.00202314
internal_weight=911.473 211.948 699.525 163.369 149.484 106.226 66.6813 26.9787 8.0684 43.2579 16.58 26.6778 39.5443 36.4974
internal_count=11061 5030 6031 2699 2183 1780 1513 539 74 403 167 236 267 255
is_linear=0
shrinkage=0.05


Tree=41
num_leaves=15
num_cat=0
split_feature=28 29 41 9 6 4 4 18 4 18 19 14 21 28
split_gain=13.3141 9.47844 12.2041 8.40762 8.10909 8.64535 7.42802 6.99552 7.1755 10.2812 6.44044 4.94537 4.51118 4.89699
threshold=-0.22500000149011609 1.4978661537170412 1.0000000180025095e-35 1.0000000180025095e-35 1.0000000180025095e-35 0.19090909510850909 0.29285715520381933 0.098015878349542632 0.29285715520381933 0.23904763162136081 0.77500000596046459 1.5000000000000002 0.77500000596046459 0.26785714924335485
decision_type=2 2 2 2 2 2 2 2 2 2 2 2 2 2
left_child=6 10 3 -3 7 -6 -1 -4 -9 -10 -2 -12 13 -5
right_child=1 2 4 12 5 -7 -8 8 9 -11 11 -13 -14 -15
leaf_value=-0.039309866818636574 0.002447920955258098 -0.020938798896261147 -0.071151586706711026 -0.038376773883476156 -0.012157593384643457 -0.08798451657567706 -0.0065038546219767226 0.064959172330150361 -0.086170799578349333 0.038641824278979789 0.041271706835395126 0.0001781639033727875 0.06121121749965415 0.027442755407652397
leaf_weight=30.806684858282097 727.49722412927076 19.516023875912651 3.6039960864000049 3.8676406601443913 5.6453831954859224 11.249826342798768 39.223546130000614 3.7507945925462973 3.1907046413980424 3.4167665962595493 19.300909912213687 11.795832464471458 6.0423254896886638 10.491860179230569
leaf_count=920 7368 873 107 33 36 93 622 20 62 67 441 233 45 141
internal_value=4.36008e-11 0.00176774 -0.0157319 0.00252303 -0.0393468 -0.0626476 -0.0209354 -0.0111513 0.00972489 -0.0216294 0.00340042 0.0256838 0.0249662 0.00971468
internal_weight=899.4 829.369 70.7753 39.9179 30.8575 16.8952 70.0302 13.9623 10.3583 6.60747 758.594 31.0967 20.4018 14.3595
internal_count=11061 9519 1477 1092 385 129 1542 256 149 129 8042 674 219 174
is_linear=0
shrinkage=0.05


Tree=42
num_leaves=15
num_cat=0
split_feature=28 29 41 9 4 6 4 5 35 2 41 28 10 9
split_gain=12.5244 7.76691 11.9968 7.10661 6.47991 6.40295 9.64063 6.25204 9.68096 8.09487 8.07236 7.81728 6.96435 9.58803
threshold=-0.22500000149011609 1.4978661537170412 1.0000000180025095e-35 1.0000000180025095e-35 0.29285715520381933 1.0000000180025095e-35 0.19090909510850909 1.0000000180025095e-35 1.0000000180025095e-35 1.0000000180025095e-35 1.0000000180025095e-35 2.4500000476837163 1.0000000180025095e-35 1.0000000180025095e-35
decision_type=2 2 2 2 2 2 2 2 2 2 2 2 2 2
left_child=4 7 3 -3 -1 -4 -7 12 11 10 -10 -9 -2 -14
right_child=1 2 5 -5 -6 6 -8 8 9 -11 -12 -13 13 -15
leaf_value=-0.038239867684653428 0.0035125282749424304 -0.018167645997490007 -0.009834472223524543 0.024477374460415782 -0.0071376851216464424 -0.009017398145878425 -0.087199584461242902 0.029181361424898539 0.053930274633619206 -0.082241461018447773 -0.0092475936854460872 -0.051535100897855651 -0.03254840211301329 0.00022348899823694166
leaf_weight=29.497505243052728 544.90541413612664 19.386240803170949 11.020005050115289 19.693615276366472 38.74108203209471 6.1991402967833009 10.834292325191198 66.147217532387003 6.057566766627132 3.1572371385991564 30.580677701160312 3.1421443736180654 33.723140825750306 65.995762859936804
leaf_count=920 4991 873 256 219 622 36 93 1233 21 16 312 153 899 417
internal_value=5.39468e-12 0.00171105 -0.0145856 0.00332257 -0.0205822 -0.0395325 -0.058746 0.0031626 0.0142327 -0.0054219 0.00119789 0.025521 0.00128929 -0.0108594
internal_weight=889.081 820.842 67.1333 39.0799 68.2386 28.0534 17.0334 753.709 109.085 39.7955 36.6382 69.2894 644.624 99.7189
internal_count=11061 9519 1477 1092 1542 385 129 8042 1735 349 333 1386 6307 1316
is_linear=0
shrinkage=0.05


Tree=43
num_leaves=15
num_cat=0
split_feature=28 26 28 34 9 29 2 4 4 4 42 38 35 27
split_gain=12.1643 6.69557 9.90296 9.09695 10.2823 8.7652 8.92985 6.45143 6.13696 7.95068 7.61869 5.08745 8.30646 5.00698
threshold=-0.22500000149011609 0.29166667163372045 0.64583334326744091 1.0000000180025095e-35 1.0000000180025095e-35 0.89587974548339855 1.0000000180025095e-35 0.29285715520381933 0.17424242943525317 0.10555555671453477 1.0000000180025095e-35 1.0000000180025095e-35 1.0000000180025095e-35 1.8880515694618227
decision_type=2 2 2 2 2 2 2 2 2 2 2 2 2 2
left_child=7 5 3 4 -3 11 -7 -1 9 10 -6 12 -2 -8
right_child=1 2 -4 -5 8 6 13 -9 -10 -11 -12 -13 -14 -15
leaf_value=-0.038261662022313181 -0.0052009187215931235 -0.035153575833707255 0.026688686932302769 0.018567849086707767 -0.013301738609678888 -0.021632783147277599 0.026088788578527547 -0.0070281713800297548 0.016751114901445794 -0.06034852939535397 0.027774545107895805 0.014193483266645393 0.011065311602113428 -0.019242882075991719
leaf_weight=28.891626803553663 269.61203113337979 22.696315452456474 57.68325555883348 63.119459060952067 40.645120270550251 86.222863710485399 18.404134898679334 38.651082051917911 42.034726697951555 6.4876201823353759 15.629362819716333 70.093050705268979 110.71275963867083 9.1048016415443254
leaf_count=920 2933 100 1070 305 164 2405 405 622 292 31 93 693 751 277
internal_value=-7.59356e-12 0.00169499 0.00853693 0.00304384 -0.00464181 -0.00131631 -0.0137191 -0.0203884 0.00196626 -0.00793585 -0.00189344 0.00181544 -0.00046581 0.0110851
internal_weight=879.988 812.446 248.296 190.613 127.493 564.15 113.732 67.5427 104.797 62.7621 56.2745 450.418 380.325 27.5089
internal_count=11061 9519 2055 985 680 7464 3087 1542 580 288 257 4377 3684 682
is_linear=0
shrinkage=0.05


Tree=44
num_leaves=15
num_cat=0
split_feature=28 5 26 28 34 9 29 2 4 35 27 13 28 27
split_gain=10.6704 6.53564 6.49986 8.34964 6.69156 9.65018 6.39345 7.073 5.57356 5.23173 4.69506 4.71886 4.60023 4.55402
threshold=-0.22500000149011609 1.0000000180025095e-35 0.29166667163372045 0.84523808956146251 1.0000000180025095e-35 1.0000000180025095e-35 0.89587974548339855 1.0000000180025095e-35 0.17424242943525317 1.0000000180025095e-35 1.2441715598106386 3.0201274156570439 1.8166666626930239 1.1728994250297549
decision_type=2 2 2 2 2 2 2 2 2 2 2 2 2 2
left_child=1 10 6 4 5 -4 -2 -8 -7 -10 13 -12 -9 -1
right_child=2 -3 3 -5 -6 8 7 12 9 -11 11 -13 -14 -15
leaf_value=-0.022537051921822083 0.0013033120830393151 0.043077206281087167 -0.033204052198853175 0.026525439894709003 0.017411536588734521 -0.0061186270870317808 -0.019186543917782531 0.019214889599730792 0.029511096011355209 -0.0057576696859451834 -0.042784994626835632 0.034107128783262976 -0.037373524447234158 0.018507852666344828
leaf_weight=21.804484782740477 443.88018776709214 3.9434819519519797 21.614640725776553 50.455465291393921 60.653207536786795 64.448706788010895 84.636731450678781 22.64511579787359 29.028983887284994 16.486740980297327 28.218264112074397 2.1471488534007213 4.2683408586308351 9.7932283417321724
leaf_count=268 4377 32 103 1011 310 294 2405 489 271 66 1053 41 193 148
internal_value=-7.99659e-11 -0.019336 0.00159672 0.00842292 0.00367153 -0.00266212 -0.0013859 -0.0120868 0.00334121 0.016736 -0.0233081 -0.0373479 0.0102402 -0.00981581
internal_weight=864.025 65.9066 798.118 242.688 192.232 131.579 555.43 111.55 109.964 45.5157 61.9631 30.3654 26.9135 31.5977
internal_count=11061 1542 9519 2055 1044 734 7464 3087 631 337 1510 1094 682 416
is_linear=0
shrinkage=0.05


Tree=45
num_leaves=15
num_cat=0
split_feature=30 28 19 11 4 21 15 30 27 28 14 23 27 2
split_gain=9.44461 9.36868 8.29881 6.02573 5.1516 6.11734 5.14779 4.96475 4.57207 6.08075 8.64841 5.44143 5.85393 4.23596
threshold=0.89587974548339855 -0.26785714924335474 0.77500000596046459 1.0000000180025095e-35 0.29285715520381933 0.35416667163372045 0.13392857462167743 2.6735538244247441 1.8705183267593386 0.84523808956146251 1.5000000000000002 0.90454545617103588 1.788942337036133 1.0000000180025095e-35
decision_type=2 2 2 2 2 2 2 2 2 2 2 2 2 2
left_child=2 -2 13 4 7 -6 -7 8 11 -10 -11 12 -3 -1
right_child=1 3 -4 -5 5 6 -8 -9 9 10 -12 -13 -14 -15
leaf_value=0.00082375596583274973 -0.04051429409163957 -0.024396029686548273 0.034087102356371107 -0.021594123834787933 0.033920864863607784 0.019897538527994932 -0.034098223505985056 0.034376304591753948 -0.049360806413608911 0.023444600910125894 -0.039787330678814015 0.023306399723156693 0.023656885577028646 0.017866899930442447
leaf_weight=597.65804532822222 21.816843580221757 24.357482247636653 20.62799946218729 44.699201626353897 20.285451585426927 9.0908403173089045 8.5802707398543117 6.8069194396957746 13.978160564787684 11.209716306533666 10.447454232024027 16.47352553717792 8.5671544540673477 38.82644574996084
leaf_count=4948 1041 544 559 1849 314 61 108 131 234 116 401 87 144 524
internal_value=8.0959e-12 -0.00962331 0.00287497 -0.00576108 -0.000308537 0.0151861 -0.0063203 -0.0067123 -0.0100014 -0.0236519 -0.00705859 -0.000154157 -0.0118924 0.00186341
internal_weight=853.426 196.313 657.112 174.496 129.797 37.9566 17.6711 91.8404 85.0335 35.6353 21.6572 49.3982 32.9246 636.484
internal_count=11061 5030 6031 3989 2140 483 169 1657 1526 751 517 775 688 5472
is_linear=0
shrinkage=0.05


Tree=46
num_leaves=15
num_cat=0
split_feature=28 15 21 42 28 19 26 4 4 4 13 25 21 41
split_gain=9.49781 5.89645 8.94307 10.6186 8.51598 6.39151 5.71351 5.52375 5.11871 4.7887 4.58966 4.39658 6.41167 7.24048
threshold=-0.22500000149011609 0.44505494832992559 0.30952382087707525 1.0000000180025095e-35 2.0714285373687749 0.77500000596046459 0.41666667163372045 0.29285715520381933 0.23611111193895343 0.29285715520381933 1.2424533367156985 0.52272728085517894 0.53571429848670971 1.0000000180025095e-35
decision_type=2 2 2 2 2 2 2 2 2 2 2 2 2 2
left_child=7 4 -3 8 5 -2 9 -1 -4 -5 -8 12 13 -9
right_child=1 2 3 6 -6 -7 10 11 -10 -11 -12 -13 -14 -15
leaf_value=-0.036070402529011336 -0.00028810099083530422 0.028348157511576023 -0.01770748505929606 0.015065651315740298 -0.044583007948230113 0.030196849240770408 -0.01184987150329511 0.047607680015525684 0.033261428361235836 -0.057512803357239232 0.067507304927535886 0.036314965361530477 -0.028847340820653784 -0.040360493512975097
leaf_weight=26.388398144976236 643.84244438284077 48.292001927038655 6.4603286180645254 2.7980749695561853 10.630950842518358 17.665577824227512 10.97531624464318 7.1162446048110706 20.740157462656498 12.1041600741446 2.1846762225031844 5.2336674763355395 21.431481935782358 3.4845179624389857
leaf_count=920 7126 748 38 43 590 451 124 111 134 233 32 55 342 114
internal_value=-2.0659e-11 0.00152363 0.0126298 -0.00110586 -0.000187471 0.000526 -0.022684 -0.018567 0.0211559 -0.0438853 0.00132413 -0.00617266 -0.0131146 0.0186921
internal_weight=839.348 775.694 103.555 55.2627 672.139 661.508 28.0622 63.6543 27.2005 14.9022 13.16 37.2659 32.0322 10.6008
internal_count=11061 9519 1352 604 8167 7577 432 1542 172 276 156 622 567 225
is_linear=0
shrinkage=0.05


Tree=47
num_leaves=15
num_cat=0
split_feature=28 29 41 12 9 21 27 42 4 18 18 41 23 19
split_gain=8.71977 5.22598 9.05019 8.63527 6.45093 7.58082 7.0336 6.43643 6.36999 5.40187 7.75861 5.39392 6.82289 6.37106
threshold=-0.38750000298023218 1.2424533367156985 1.0000000180025095e-35 1.0000000180025095e-35 1.0000000180025095e-35 0.64583334326744091 1.8293302059173586 1.5000000000000002 0.17424242943525317 0.091287881135940566 0.16339285671710971 1.0000000180025095e-35 0.90454545617103588 0.46428571641445165
decision_type=2 2 2 2 2 2 2 2 2 2 2 2 2 2
left_child=-1 8 3 -3 6 -6 -4 -7 9 11 -11 13 -13 -2
right_child=1 2 4 -5 5 7 -8 -9 -10 10 -12 12 -14 -15
leaf_value=-0.022329019425666168 -0.0052707223572701365 -0.02338503260955577 0.012303304928226497 0.012500977045431107 -0.074751116856250979 -0.036292428515132785 -0.058710714817884341 0.027129051090910766 0.013197918437533622 -0.079359362340748349 0.0062392025939253578 0.0023577396062640075 0.02253428098439321 0.030901155480926347
leaf_weight=41.545681337476708 256.38398847379722 23.157163535361178 16.956292841583494 60.715982801746577 9.682840987108646 17.720686651300642 4.3894443495664737 5.1669304873794308 124.74293958419003 5.0714956759475154 5.5379120944999158 197.39869851525873 53.190322021022439 12.780138682341201
leaf_count=1297 3211 1397 215 601 101 150 285 18 1483 53 52 1566 254 378
internal_value=3.79196e-11 0.00116998 -0.00768105 0.00259294 -0.0236635 -0.0376647 -0.00229971 -0.0219749 0.00303164 0.000640494 -0.0346785 0.00136144 0.00664044 -0.00355325
internal_weight=834.441 792.895 137.789 83.8731 53.9162 32.5705 21.3457 22.8876 655.105 530.363 10.6094 519.753 250.589 269.164
internal_count=11061 9764 2767 1998 769 269 500 168 6997 5514 105 5409 1820 3589
is_linear=0
shrinkage=0.05


Tree=48
num_leaves=15
num_cat=0
split_feature=30 29 28 39 3 28 27 15 4 21 21 22 26 27
split_gain=8.73236 6.48878 4.86042 5.8046 6.68044 5.94468 4.39472 4.05194 6.81521 5.87345 5.02683 5.51315 3.93677 5.12789
threshold=1.4978661537170412 0.89587974548339855 0.81666666269302379 1.0000000180025095e-35 1.0000000180025095e-35 2.1833333969116215 1.2856956720352175 0.30952382087707525 0.81666666269302379 0.92857143282890331 0.35416667163372045 0.95454546809196483 0.22500000149011615 1.3176894187927248
decision_type=2 2 2 2 2 2 2 2 2 2 2 2 2 2
left_child=2 -2 6 4 12 -5 -1 8 -8 -10 -9 -12 -4 -14
right_child=1 -3 3 5 -6 -7 7 10 9 -11 11 -13 13 -15
leaf_value=0.0018840348236520749 -0.0022262014155933602 -0.025440712035854431 -0.017158831438921215 0.035946554144610871 -0.082565500750255913 -0.040791109034528844 -0.032018568979338427 0.058919260316461941 -0.027839247539594478 0.080422740934966638 0.041701065569469259 -0.028983140103192407 0.0076392079863534697 0.062680810230413206
leaf_weight=565.9069868355291 69.235544173046947 53.254353628959507 12.837267821072599 30.608185628545471 2.192489266395568 2.7505774331511921 30.032405859208666 3.6379188176943016 2.3136708030942819 2.7322444866877049 3.9597627823241028 9.0944758704863489 31.396760285366327 4.89065983518958
leaf_count=4848 844 2503 371 927 19 93 630 92 58 20 34 114 471 37
internal_value=7.64747e-11 -0.0123191 0.00214844 0.0133823 0.00282752 0.0296192 0.00060841 -0.0133355 -0.0229849 0.0307821 0.00694238 -0.00754239 0.00663871 0.0150575
internal_weight=824.843 122.49 702.353 84.6759 51.3172 33.3588 617.677 51.7705 35.0783 5.04592 16.6922 13.0542 49.1247 36.2874
internal_count=11061 3347 7714 1918 898 1020 5796 948 708 78 240 148 879 508
is_linear=0
shrinkage=0.05


Tree=49
num_leaves=15
num_cat=0
split_feature=28 29 41 12 1 7 21 18 28 19 4 18 4 21
split_gain=8.95104 5.72811 8.22474 6.60758 5.93884 5.38867 8.63557 5.56734 5.11205 5.67885 5.07685 5.41516 6.58842 5.01528
threshold=-0.38750000298023218 1.2424533367156985 1.0000000180025095e-35 1.0000000180025095e-35 1.0000000180025095e-35 1.0000000180025095e-35 0.64583334326744091 0.082291666418313994 1.4142857193946841 0.77500000596046459 0.15476191043853763 0.67708334326744091 0.84523808956146251 0.53571429848670971
decision_type=2 2 2 2 2 2 2 2 2 2 2 2 2 2
left_child=13 4 3 -3 8 7 -7 -4 9 -2 -6 -12 -13 -1
right_child=1 2 5 -5 10 6 -8 -9 -10 -11 11 12 -14 -15
leaf_value=-0.0077390057414825526 0.0014886468130875794 -0.021516615896817304 -0.057147598894719757 0.010514498423978327 -0.04432928637271865 -0.070871230568277904 -0.018318727823488756 0.019331370203592827 -0.023982661672749279 0.036298877500546382 0.022939068788615544 -0.090200996396212194 0.012407265539823265 -0.04322742292355506
leaf_weight=23.380827548564412 531.67405049572699 22.184634682838805 3.0383079714374608 58.706941581331193 3.3367125482764086 10.998621598933822 27.023684173822403 10.975959379691629 19.219791474984959 11.980206602718679 68.497219210490584 2.4117304775863877 4.4529539099894464 17.337890933384188
leaf_count=746 4973 1397 142 601 39 146 268 213 762 353 805 12 53 551
internal_value=5.92773e-11 0.00120131 -0.00824537 0.00172992 0.00315858 -0.0237521 -0.0335205 0.00275065 0.00135981 0.00225574 0.0160239 0.0186961 -0.0236415 -0.0228499
internal_weight=815.22 774.501 132.928 80.8916 641.573 52.0366 38.0223 14.0143 562.874 543.654 78.6986 75.3619 6.86468 40.7187
internal_count=11061 9764 2767 1998 6997 769 414 355 6088 5326 909 870 65 1297
is_linear=0
shrinkage=0.05


Tree=50
num_leaves=15
num_cat=0
split_feature=28 10 16 29 23 41 18 19 21 4 42 27 5 30
split_gain=8.3074 5.16071 10.2562 10.1453 5.51955 12.4371 4.82082 4.74577 9.20487 11.5074 4.40109 4.4131 4.27501 4.25083
threshold=-0.22500000149011609 1.0000000180025095e-35 0.18333333730697635 1.7005987167358401 0.26785714924335485 1.0000000180025095e-35 0.082291666418313994 0.26785714924335485 0.35416667163372045 0.15476191043853763 1.0000000180025095e-35 1.0789818167686465 1.0000000180025095e-35 1.4978661537170412
decision_type=2 2 2 2 2 2 2 2 2 2 2 2 2 2
left_child=12 2 3 13 7 6 10 -3 -9 -10 11 -6 -1 -2
right_child=1 4 -4 -5 5 -7 -8 8 9 -11 -12 -13 -14 -15
leaf_value=-0.021194527387113589 0.0045487877150447208 -0.026787509492874669 0.035058893134695811 -0.061437650686940883 -0.015965945323375776 -0.052552134336761605 0.020327551183018794 0.028087424634039362 0.053286645072369548 -0.054972732737243318 0.028841558281082355 0.034312712475763028 0.036692916897627846 -0.00944159494042217
leaf_weight=56.481970594380982 487.49920242570806 44.619641825091094 24.925207079853863 6.1789735173806539 36.264895394444466 9.6231885463930649 39.498313955496997 13.98933001898695 3.2061700625345102 10.471784413559361 8.907690220512448 4.9614041741006067 3.3802720070816568 61.099136362434365
leaf_count=1510 4818 1661 416 163 138 71 394 302 47 227 72 58 32 1152
internal_value=1.08693e-10 0.0014284 0.00368273 0.00227305 -0.00618977 0.00146423 0.00726358 -0.0166993 -0.000429833 -0.0295963 -0.00302893 -0.00991513 -0.0179258 0.00299063
internal_weight=811.107 751.245 579.703 554.777 171.542 99.2555 89.6323 72.2869 27.6673 13.678 50.134 41.2263 59.8622 548.598
internal_count=11061 9519 6549 6133 2970 733 662 2237 576 274 268 196 1542 5970
is_linear=0
shrinkage=0.05


Tree=51
num_leaves=15
num_cat=0
split_feature=28 29 34 23 18 4 21 36 42 28 19 22 27 21
split_gain=6.61054 5.59262 7.84315 7.83671 7.2753 5.65194 4.46628 6.9279 5.2682 4.94166 4.76768 4.32942 7.66637 4.99191
threshold=-0.38750000298023218 1.2424533367156985 1.0000000180025095e-35 0.63333335518836986 0.087301589548587813 0.29285715520381933 0.53571429848670971 1.0000000180025095e-35 2.5000000000000004 -1.2916666865348814 0.22500000149011615 0.45000000298023229 2.0809439420700078 0.35416667163372045
decision_type=2 2 2 2 2 2 2 2 2 2 2 2 2 2
left_child=6 5 4 -4 -3 -2 7 8 10 -9 -1 -6 13 -13
right_child=1 2 3 -5 11 -7 -8 9 -10 -11 -12 12 -14 -15
leaf_value=-0.035832893325482847 0.0011524418574935117 -0.021585594703639192 -0.06740907816186259 -0.0068601882921244519 0.04935553645163844 0.015190431627336088 -0.039008508697625233 -0.020988854016720567 0.079535015477078419 0.072472425896081841 0.086316447616372485 0.023494407930572735 -0.061025246386003019 -0.0049428131347214257
leaf_weight=15.135368584073152 556.00501210312359 35.33263301406987 10.329462405759843 11.072063117986543 5.3493169960565856 82.316788697848096 17.197946736472659 2.1753220022656024 1.1930338493548323 4.042873825877904 0.84336279798299152 26.735267098876648 4.4210039126919574 36.502907361485995
leaf_count=663 5958 984 218 79 126 1039 551 28 21 29 5 579 293 488
internal_value=8.33541e-12 0.00103922 -0.0084244 -0.0360842 -0.00296054 0.00296275 -0.0196656 -0.00544339 -0.0218184 0.0397767 -0.0293858 0.0060531 0.00262949 0.00707962
internal_weight=808.652 768.064 129.743 21.4015 108.341 638.322 40.5879 23.39 17.1718 6.2182 15.9787 73.0085 67.6592 63.2382
internal_count=11061 9764 2767 297 2470 6997 1297 746 689 57 668 1486 1360 1067
is_linear=0
shrinkage=0.05


Tree=52
num_leaves=15
num_cat=0
split_feature=27 15 28 19 13 20 29 18 28 36 13 28 27 26
split_gain=7.25734 6.30019 7.1223 5.13849 4.04704 4.16 3.37829 6.6386 4.82649 5.71723 4.67124 4.30296 3.985 5.30725
threshold=1.2856956720352175 0.4083333313465119 -0.22500000149011609 0.70833334326744091 3.0201274156570439 0.58571431040763866 0.89587974548339855 0.2225056737661362 0.64583334326744091 1.0000000180025095e-35 2.5249279737472539 2.1833333969116215 1.3176894187927248 0.22500000149011615
decision_type=2 2 2 2 2 2 2 2 2 2 2 2 2 2
left_child=3 4 -3 -1 6 -6 -2 8 9 -8 -11 -9 -10 -14
right_child=1 2 -4 -5 5 -7 7 11 12 10 -12 -13 13 -15
leaf_value=0.0018597963192576552 -0.0067387709221089324 -0.064681540430455417 0.012334690127620744 0.028141083323143714 -0.02546488568990396 0.060209546163228059 -0.049527318998461717 0.0082839444285090266 -0.062733767328446113 0.051819741605825656 -0.091085543069400032 -0.095141704626505855 -0.01707434392362743 0.04917694522480251
leaf_weight=592.97552818327677 64.550972767174244 3.2141841739648944 45.45084666472394 19.200931318569928 2.3194749900139859 3.6410334939137101 30.800790608860552 18.75139787665103 3.4855559021234539 2.5532817092025648 0.73687451658770431 1.0626508789136995 16.325990513432775 3.7097740024328223
leaf_count=5446 921 82 664 599 141 30 1265 552 25 80 20 83 1116 37
internal_value=9.31289e-11 -0.00835771 0.00724799 0.00268411 -0.0134913 0.0268702 -0.0151858 -0.0222281 -0.0308141 -0.0428351 0.0198142 0.0027371 -0.0133914 -0.00480741
internal_weight=808.779 196.603 48.665 612.176 147.938 5.96051 141.977 77.4263 57.6123 34.0909 3.29016 19.814 23.5213 20.0358
internal_count=11061 5016 746 6045 4270 171 4099 3178 2543 1365 100 635 1178 1153
is_linear=0
shrinkage=0.05


Tree=53
num_leaves=15
num_cat=0
split_feature=28 29 34 23 5 20 2 36 22 21 26 21 24 9
split_gain=8.15449 6.96932 8.49425 8.92632 6.41525 7.7364 5.74682 5.59441 5.22893 4.78805 6.49622 4.77371 7.17863 6.28938
threshold=-0.38750000298023218 1.2424533367156985 1.0000000180025095e-35 0.63333335518836986 1.0000000180025095e-35 0.36666667461395269 1.0000000180025095e-35 1.0000000180025095e-35 0.45000000298023229 0.6904762089252473 0.15476191043853763 0.35416667163372045 0.22500000149011615 1.0000000180025095e-35
decision_type=2 2 2 2 2 2 2 2 2 2 2 2 2 2
left_child=9 -2 4 -4 5 -3 8 11 -7 10 -1 -6 -13 -14
right_child=1 2 3 -5 7 6 -8 -9 -10 -11 -12 12 13 -15
leaf_value=-0.033611012739127123 0.0032927794590016123 -0.049461636135833646 -0.068451234599075178 -0.0054651515687319675 0.016850898061669332 0.02103638832669506 0.039679520042295802 0.070110585238312192 -0.032645143240174361 -0.044552226135533397 0.017315178239607164 -0.050116849051997737 -0.038798433951093711 0.019244437180775675
leaf_weight=12.807982498023195 637.92567682382651 13.87755820143502 11.392280505388046 11.111270535970105 30.751649655983783 6.6063647107221231 5.9881151127628973 3.2437354271532959 14.47723270743154 14.835398713941684 12.252641394734381 8.4989974927739222 6.4076855868333977 17.181643566116691
leaf_count=639 6997 1033 218 79 581 87 56 30 168 465 193 191 172 152
internal_value=3.75983e-11 0.0011457 -0.00942796 -0.0373515 -0.00355709 -0.0191075 -0.00354731 0.00607885 -0.0158245 -0.0220394 -0.00871218 0.0027736 -0.0107173 0.00347797
internal_weight=807.358 767.462 129.537 22.5036 107.033 40.9493 27.0717 66.0837 21.0836 39.896 25.0606 62.84 32.0883 23.5893
internal_count=11061 9764 2767 297 2470 1344 311 1126 255 1297 832 1096 515 324
is_linear=0
shrinkage=0.05


Tree=54
num_leaves=15
num_cat=0
split_feature=28 29 41 18 21 42 21 9 42 26 18 36 4 15
split_gain=7.79645 6.96538 8.82301 5.76116 7.3328 5.57031 6.11795 6.08974 7.8553 5.34782 5.07968 7.06232 4.9374 4.63823
threshold=-0.38750000298023218 1.2424533367156985 1.0000000180025095e-35 0.94444444775581371 0.6904762089252473 1.5000000000000002 0.92857143282890331 1.0000000180025095e-35 1.0000000180025095e-35 0.15476191043853763 0.082291666418313994 1.0000000180025095e-35 0.29285715520381933 0.30952382087707525
decision_type=2 2 2 2 2 2 2 2 2 2 2 2 2 2
left_child=3 -2 10 4 9 7 12 13 -9 -1 11 -3 -7 -4
right_child=1 2 5 -5 -6 6 -8 8 -10 -11 -12 -13 -14 -15
leaf_value=-0.031494953284964426 0.0032610629384456271 -0.029770151098112888 -0.032110190727077284 0.097980837039405244 -0.052271719111744934 0.010740371072174999 0.050112198120411788 -0.020833757800813573 -0.077094367425369098 0.015714989184310853 0.0094255850104339751 0.055810022545852191 -0.045971152514770727 0.048666772819177785
leaf_weight=11.818098315154204 637.22347352048382 19.226580670685511 4.2194925688672802 0.98271388933062453 14.81036782520823 7.366412884672175 4.0729437603149554 11.943107847939245 12.911929289111868 12.181802256032823 54.598219783511013 2.7562796429265282 8.0123954017180932 3.0701947691850364
leaf_count=638 6997 687 172 4 463 130 31 111 102 192 1242 69 160 63
internal_value=6.93263e-11 0.00112183 -0.00951318 -0.0215779 -0.0246053 -0.0254949 -0.00437579 -0.0382747 -0.0500606 -0.00753226 0.00125449 -0.0190398 -0.0188065 0.00191061
internal_weight=805.194 765.401 128.178 39.793 38.8103 51.5965 19.4518 32.1447 24.855 23.9999 76.5811 21.9829 15.3788 7.28969
internal_count=11061 9764 2767 1297 1293 769 321 448 213 830 1998 756 290 235
is_linear=0
shrinkage=0.05


Tree=55
num_leaves=15
num_cat=0
split_feature=10 34 29 29 23 13 28 2 18 18 18 36 11 18
split_gain=6.57623 8.40973 7.88067 7.4348 6.87017 6.82818 5.76276 7.66347 5.53708 6.5535 6.46296 5.50499 5.34524 5.3199
threshold=1.0000000180025095e-35 1.0000000180025095e-35 1.7005987167358401 1.4978661537170412 0.13392857462167743 1.7005987167358401 -1.0000000180025095e-35 1.0000000180025095e-35 0.082291666418313994 0.55902779102325451 0.029910714365541938 1.0000000180025095e-35 1.0000000180025095e-35 0.71944448351860057
decision_type=2 2 2 2 2 2 2 2 2 2 2 2 2 2
left_child=2 4 6 -3 5 -2 11 -8 10 -10 -6 -1 -7 -11
right_child=1 3 -4 -5 8 12 7 -9 9 13 -12 -13 -14 -15
leaf_value=-0.046905536912232933 -0.035853523173089888 -0.0091156132760178282 -0.045667751553511757 -0.068975894561632001 -0.0046693943496992742 0.04938814260605167 0.0030514296665421709 0.032332801674851107 0.017990154165133256 -0.072693633392823323 -0.080470264946051376 0.0097284213994505049 -0.010105354853665781 0.019522756144926934
leaf_weight=10.856059261015618 28.360464802128263 10.824262246489527 8.3087828060379234 9.9603982443804835 55.422907307278365 4.2657595876371479 544.74859832657967 23.300914332619868 58.459113602060825 3.8294224329292765 2.9623557262821114 7.0952160726301363 32.846828136709519 2.6436540614813566
leaf_count=550 610 233 217 195 374 66 5970 402 646 32 46 74 1612 34
internal_value=4.73621e-11 -0.00761549 0.0026855 -0.0378018 -0.00429217 -0.0173823 0.00337109 0.00425253 0.00265779 0.0127044 -0.00851538 -0.024521 -0.00326711 -0.0350318
internal_weight=803.885 209.575 594.31 20.7847 188.791 65.4731 586.001 568.05 123.317 64.9322 58.3853 17.9513 37.1126 6.47308
internal_count=11061 3848 7213 428 3420 2288 6996 6372 1132 712 420 624 1678 66
is_linear=0
shrinkage=0.05


Tree=56
num_leaves=15
num_cat=0
split_feature=30 18 39 4 30 20 35 10 10 15 34 21 23 21
split_gain=5.27389 4.70094 5.43866 5.04062 4.75165 6.7501 5.15997 4.68372 4.08684 5.42787 6.28009 6.80447 5.69566 10.8355
threshold=1.4978661537170412 0.23306878656148913 1.0000000180025095e-35 0.27922078967094427 2.6020033359527592 0.73214286565780651 1.0000000180025095e-35 1.0000000180025095e-35 1.0000000180025095e-35 0.84523808956146251 1.0000000180025095e-35 1.0000000180025095e-35 0.13392857462167743 0.35416667163372045
decision_type=2 2 2 2 2 2 2 2 2 2 2 2 2 2
left_child=8 4 3 -3 -2 6 -6 -4 -1 10 12 -12 13 -10
right_child=1 2 7 -5 5 -7 -8 -9 9 -11 11 -13 -14 -15
leaf_value=0.0038797027308700074 -0.022218928333470191 0.0611774817012391 0.037995693924642499 -0.033462283972735339 -0.059793463381657565 0.052063730238661989 0.033682013724798114 -0.010068192216195371 0.015664635004495674 0.031576014275383951 0.039072300938588295 -0.049724151597960155 0.0016343129599790465 -0.042722385328142966
leaf_weight=512.64635118399747 65.289310932450462 1.6181002156808961 13.811884692404419 10.781399586703627 3.8136784599628282 5.5987156601622701 2.4088929408462718 8.0070973917609081 12.441217532381414 9.5693022594787163 2.5449555485392947 14.169618409650864 111.62431693740655 21.992875697324052
leaf_count=5484 2344 15 121 248 257 42 62 258 489 134 83 176 910 438
internal_value=-1.19695e-11 -0.0100932 0.00533034 -0.0211121 -0.0169376 0.0122316 -0.0236071 0.0203573 0.00164042 -0.00502051 -0.00717199 -0.036204 -0.00384964 -0.0216269
internal_weight=796.318 111.329 34.2185 12.3995 77.1106 11.8213 6.22257 21.819 684.989 172.342 162.773 16.7146 146.058 34.4341
internal_count=11061 3347 642 263 2705 361 319 379 7714 2230 2096 259 1837 927
is_linear=0
shrinkage=0.05


Tree=57
num_leaves=15
num_cat=0
split_feature=29 41 28 26 21 9 13 22 7 21 25 4 18 27
split_gain=4.84351 10.254 6.48997 5.9682 7.2102 9.02816 5.92007 5.20217 4.3057 8.11919 5.07383 5.86404 3.89288 3.86152
threshold=1.2424533367156985 1.0000000180025095e-35 -1.0000000180025095e-35 0.15476191043853763 0.46428571641445165 1.0000000180025095e-35 2.3502402305603032 0.30952382087707525 1.0000000180025095e-35 0.64583334326744091 0.52272728085517894 0.23611111193895343 0.35000000894069677 1.8293302059173586
decision_type=2 2 2 2 2 2 2 2 2 2 2 2 2 2
left_child=2 3 -1 -2 7 12 -7 -5 13 -10 11 -11 -6 -3
right_child=1 8 -4 4 5 6 -8 -9 9 10 -12 -13 -14 -15
leaf_value=-0.027556219798894274 -0.019150220379019228 0.014090318920184731 0.002693308634129539 -0.062991129239296936 -0.031978540927632831 0.013957668030728902 -0.057909166629529545 0.040920590474905212 -0.06136435258943921 0.007002349997866507 0.068478805159109632 -0.04322719738225151 -0.11830611761731109 -0.055990697971178616
leaf_weight=18.245655336882919 24.243083619512618 9.9505631977808644 629.24446248414461 1.2848107898607874 4.9331675763241938 34.976334408856928 3.1212833859026423 19.261467089178041 15.904491915600373 10.156792129739193 1.6681851493194688 13.578851690050213 1.7760652136057613 2.4494758584187357
leaf_count=684 1691 151 6997 15 70 251 31 308 302 108 11 193 20 229
internal_value=-2.2818e-11 -0.00831773 0.00184091 0.0020376 0.00989733 -0.00134885 0.00806972 0.0344227 -0.0255925 -0.0333489 -0.0158094 -0.0217333 -0.0548311 0.000246672
internal_weight=790.795 143.305 647.49 89.5962 65.3531 44.8069 38.0976 20.5463 53.7084 41.3083 25.4038 23.7356 6.70923 12.4
internal_count=11061 3380 7681 2386 695 372 282 323 994 614 312 301 90 380
is_linear=0
shrinkage=0.05


Tree=58
num_leaves=15
num_cat=0
split_feature=28 21 19 35 29 41 2 4 28 16 21 5 11 21
split_gain=5.18536 6.46473 4.41343 10.7763 7.96672 7.48702 5.88414 5.60957 5.54812 5.48533 4.79542 6.43603 4.71567 4.51029
threshold=2.0714285373687749 0.35416667163372045 0.26785714924335485 1.0000000180025095e-35 1.2424533367156985 1.0000000180025095e-35 1.0000000180025095e-35 0.29285715520381933 -1.0000000180025095e-35 0.70833334326744091 0.92857143282890331 1.0000000180025095e-35 1.0000000180025095e-35 0.64583334326744091
decision_type=2 2 2 2 2 2 2 2 2 2 2 2 2 2
left_child=2 -2 4 -4 8 7 12 -6 -1 -9 -7 -12 13 -5
right_child=1 -3 3 6 5 10 -8 9 -10 -11 11 -13 -14 -15
leaf_value=-0.026695566425847275 -0.011075210974279343 -0.08952689184002964 0.023230393650786028 -0.0075201899465554157 -0.021867685511245072 -0.048694726556190837 -0.078149190604038396 0.016283151196305076 0.0021097116982107264 -0.055477871100593018 -0.027290017310764993 0.057329108805664067 -0.040252030166072636 0.036976439963690794
leaf_weight=17.228759832505602 11.171964827575719 3.4328233657870433 62.200013203546405 21.263444783166054 23.985357878147624 20.185087795893196 2.9466625442728391 30.023871312849224 562.05459732818417 2.9221431184560052 11.626281043048946 2.7854598464909932 7.4256895880680522 7.7781697846949092
leaf_count=684 581 141 1364 237 892 640 18 645 5535 55 135 20 85 29
internal_value=-4.101e-11 -0.0295151 0.000558063 0.0102688 -0.000912916 -0.014621 -0.0101861 -0.00347322 0.001253 0.00991832 -0.0329655 -0.0109351 -0.00469448 0.00439727
internal_weight=787.03 14.6048 772.426 101.614 670.812 91.5282 39.414 56.9314 579.283 32.946 34.5968 14.4117 36.4673 29.0416
internal_count=11061 722 10339 1733 8606 2387 369 1592 6219 700 795 155 351 266
is_linear=0
shrinkage=0.05


Tree=59
num_leaves=15
num_cat=0
split_feature=10 28 16 23 34 42 5 21 4 27 27 18 18 21
split_gain=4.49132 5.24299 6.23967 4.89458 9.91977 7.40006 7.02219 5.46879 9.91121 5.39143 5.19925 5.15694 5.55628 4.76321
threshold=1.0000000180025095e-35 -1.0000000180025095e-35 0.18333333730697635 0.13392857462167743 1.0000000180025095e-35 1.5000000000000002 1.0000000180025095e-35 0.35416667163372045 0.23611111193895343 1.9466055631637575 1.1956896185874941 0.082291666418313994 0.029910714365541938 0.73214286565780651
decision_type=2 2 2 2 2 2 2 2 2 2 2 2 2 2
left_child=1 13 -3 5 11 6 -2 9 -9 -7 -6 12 -5 -1
right_child=3 2 -4 4 10 7 -8 8 -10 -11 -12 -13 -14 -15
leaf_value=-0.003017275201307026 -0.015857411495954574 0.0019939336545292748 0.028666623281808037 -0.003467720267534195 -0.003563961472105759 0.0092785255763400826 0.032656099669291512 0.022130513338126677 -0.074243433039061432 -0.055979418344225942 -0.068759848857617129 0.013944067730500085 -0.076070982996518002 -0.054717309785439899
leaf_weight=10.98062773095444 26.754234128340613 541.87250435183523 22.851074344012886 56.065143423271365 5.086929773911832 9.4123445511795598 10.342657486908136 3.3367392586078521 13.306374145497101 4.7684931888943529 7.6671344807255082 60.102283102925867 2.7651592633919782 7.496686485130339
leaf_count=368 1057 6127 416 374 50 383 157 123 341 460 145 712 46 302
internal_value=-7.3402e-11 0.00221569 0.00307322 -0.00647366 -0.000850632 -0.0173757 -0.00233179 -0.0354812 -0.0549216 -0.0126653 -0.0427566 0.00364327 -0.00688024 -0.0239932
internal_weight=782.808 583.201 564.724 199.607 131.687 67.9208 37.0969 30.824 16.6431 14.1808 12.7541 118.933 58.8303 18.4773
internal_count=11061 7213 6543 3848 1327 2521 1214 1307 464 843 195 1132 420 670
is_linear=0
shrinkage=0.05


Tree=60
num_leaves=15
num_cat=0
split_feature=30 19 15 20 42 27 18 34 27 18 28 24 7 20
split_gain=4.58451 4.93456 4.19997 6.00654 8.07535 7.58878 3.91218 3.92687 3.7955 5.43971 3.47275 3.37933 3.03709 4.88867
threshold=0.89587974548339855 0.70833334326744091 0.44505494832992559 0.73214286565780651 1.5000000000000002 2.771639466285706 0.49166667461395269 1.0000000180025095e-35 1.5910680294036867 0.098015878349542632 1.9166666865348818 0.63333335518836986 1.0000000180025095e-35 0.92857143282890331
decision_type=2 2 2 2 2 2 2 2 2 2 2 2 2 2
left_child=1 8 3 -2 5 6 7 11 10 -10 -1 -5 -4 -14
right_child=2 -3 12 4 -6 -7 -8 -9 9 -11 -12 -13 13 -15
leaf_value=0.00097355361584505111 -0.021237024665196572 0.028207821246759513 0.016161854067744136 -0.050840205093414727 0.091942177984256149 0.06077714136079803 0.062294541662826754 0.001373322063604579 -0.014435647512280079 0.062716602712979172 -0.056771889180314061 -0.0053110844382052054 -0.045087738326507788 0.007953603638705101
leaf_weight=581.50253895390779 73.282531825243495 17.44439987023361 27.076226154342294 9.5608517203945684 2.3621337963268152 4.2033299985341719 1.7862757770344604 20.154722089413553 3.7602478023618442 5.8219032231718302 2.6153356330469242 7.1038306991104028 6.5098466917406776 13.05777501501143
leaf_count=5321 3816 575 424 165 13 28 13 156 34 60 41 114 240 61
internal_value=-1.80305e-11 0.00199718 -0.00739298 -0.0123973 0.00194362 -0.00302236 -0.00996875 -0.0134746 0.00122704 0.0324404 0.000715004 -0.031432 0.00531569 -0.00969243
internal_weight=776.242 611.144 165.098 118.454 45.1711 42.809 38.6057 36.8194 593.7 9.58215 584.118 16.6647 46.6438 19.5676
internal_count=11061 6031 5030 4305 489 476 448 435 5456 94 5362 279 725 301
is_linear=0
shrinkage=0.05


Tree=61
num_leaves=15
num_cat=0
split_feature=27 18 19 20 30 28 10 28 15 22 27 21 26 27
split_gain=4.12137 5.02198 5.90912 3.69504 4.1782 3.61733 3.28341 4.4237 8.09538 6.83245 6.6383 6.45854 4.22228 3.99182
threshold=1.9466055631637575 0.17416666448116305 0.77500000596046459 0.43650794029235845 2.7403194904327397 1.3095238208770754 1.0000000180025095e-35 0.84523808956146251 0.22500000149011615 0.73214286565780651 1.8145129680633547 0.73214286565780651 0.29166667163372045 1.8680953383445742
decision_type=2 2 2 2 2 2 2 2 2 2 2 2 2 2
left_child=6 2 3 -2 -5 -3 7 10 11 12 -1 13 -10 -9
right_child=1 5 -4 4 -6 -7 -8 8 9 -11 -12 -13 -14 -15
leaf_value=0.001758450726025241 -0.038571791705103768 0.018334829704574059 0.065096240569100655 -0.022646408681693736 0.037842345228490039 -0.031264041834002013 -0.0048967349578847227 -0.026573580789150144 -0.076659407248611838 0.038795273347541355 -0.071101125856939271 0.029931444815523997 0.032451831008551195 0.029232761220832806
leaf_weight=462.76905999012524 24.442676834703889 16.626728090341206 1.8384138187393535 11.005936909699811 3.85470140678808 4.719536783755756 173.29316725907847 19.488508806796748 2.2165691133122887 32.04773761681281 3.147511815535835 10.43202312546782 1.4777511116117237 3.8349310685880473
leaf_count=4392 1439 370 27 306 52 208 2619 561 24 502 95 339 36 91
internal_value=-7.17449e-11 -0.0123096 -0.0225197 -0.0266179 -0.00695623 0.0073688 0.00108536 0.00302153 0.0147891 0.031373 0.00126625 -0.00277076 -0.0330142 -0.0173977
internal_weight=771.195 62.488 41.1417 39.3033 14.8606 21.3463 708.707 535.414 69.4975 35.7421 465.917 33.7555 3.69432 23.3234
internal_count=11061 2402 1824 1797 358 578 8659 6040 1553 562 4487 991 60 652
is_linear=0
shrinkage=0.05


Tree=62
num_leaves=15
num_cat=0
split_feature=28 21 19 35 29 24 36 13 25 18 2 13 29 41
split_gain=3.6022 4.24018 3.37447 9.49509 4.72303 6.0162 8.35254 6.77475 6.0481 6.43642 4.28695 4.02748 3.69331 3.62527
threshold=2.1833333969116215 0.35416667163372045 0.26785714924335485 1.0000000180025095e-35 1.2424533367156985 0.35416667163372045 1.0000000180025095e-35 2.1383330821990971 0.18333333730697635 0.082291666418313994 1.0000000180025095e-35 3.0201274156570439 1.7005987167358401 1.0000000180025095e-35
decision_type=2 2 2 2 2 2 2 2 2 2 2 2 2 2
left_child=2 -2 4 -4 -1 6 11 -8 -7 -10 13 -6 -11 -5
right_child=1 -3 3 10 5 8 7 -9 9 12 -12 -13 -14 -15
leaf_value=0.00081522734955410579 -0.012145235517158459 -0.085190672936715173 0.021553126177216803 0.031126914184975547 -0.031394960453784322 0.089154865123107663 0.047025544248474521 -0.064686156233320996 -0.041755110461528591 -0.00051825563045426813 -0.074316276783375712 0.033621049544336243 0.046355756809671189 -0.013099900157089457
leaf_weight=567.22501409222605 10.034005895955486 2.4772146758041336 59.507809457136318 5.5029382873326531 48.679253873910056 2.110712508903819 6.902805070509201 1.689315121155232 6.5006902200984795 11.820000391686337 2.46711875591427 2.5044968125293954 6.5206095835310398 29.326698392396793
leaf_count=6219 574 135 1368 20 1466 10 59 68 257 276 18 66 192 333
internal_value=-9.25046e-12 -0.0266082 0.00044342 0.00915602 -0.000846306 -0.0117132 -0.0205559 0.0250617 0.00789868 0.000994512 -0.0106238 -0.0282136 0.0161468 -0.00611225
internal_weight=763.269 12.5112 750.757 96.8046 653.953 86.7279 59.7759 8.59212 26.952 24.8413 37.2968 51.1838 18.3406 34.8296
internal_count=11061 709 10352 1739 8613 2394 1659 127 735 725 371 1532 468 353
is_linear=0
shrinkage=0.05


Tree=63
num_leaves=15
num_cat=0
split_feature=30 18 24 34 25 30 27 15 10 28 7 41 20 28
split_gain=3.24994 3.81621 3.28302 4.35075 3.1956 2.76104 3.05694 2.73705 2.68138 3.73406 2.9149 4.09966 3.37831 2.63133
threshold=1.4978661537170412 0.17416666448116305 0.81666666269302379 1.0000000180025095e-35 0.84523808956146251 2.6020033359527592 2.3994886875152592 0.89444443583488475 1.0000000180025095e-35 -1.7083333134651182 1.0000000180025095e-35 1.0000000180025095e-35 0.92857143282890331 0.81666666269302379
decision_type=2 2 2 2 2 2 2 2 2 2 2 2 2 2
left_child=13 2 3 -2 -4 6 8 -8 10 -10 11 -3 -12 -1
right_child=1 5 4 -5 -6 -7 7 -9 9 -11 12 -13 -14 -15
leaf_value=0.00016845989068774189 -0.030002767249842445 0.051325748533834065 0.062161019009701592 0.0012084694133501106 -0.0060036902458846389 0.048087551991201412 -0.064671302496447813 0.040946300689008869 0.11352715188640955 -0.023843356205569752 -0.050661599434839936 -0.011803369400370918 0.014488081370380443 0.010299287255441924
leaf_weight=586.99531038344139 37.415535079315305 8.1710432105464843 2.3551159568596614 15.91498691315064 6.3696116008795798 3.2595948178204699 2.9598218176979567 0.77377030020579685 0.52256349427625792 9.2745705435518158 2.8998316715005785 3.7529523618286484 6.3407884356565773 71.951734068163205
leaf_count=5796 1978 92 20 301 199 54 115 11 9 420 67 52 29 1918
internal_value=3.35767e-11 -0.00839851 -0.016037 -0.0206887 0.0123964 0.00409024 -4.32643e-05 -0.0427825 0.00511055 -0.0165162 0.0151216 0.0314565 -0.00595677 0.00127467
internal_weight=758.957 100.01 62.0552 53.3305 8.72473 37.9549 34.6953 3.73359 30.9617 9.79713 21.1646 11.924 9.24062 658.947
internal_count=11061 3347 2498 2279 219 849 795 126 669 429 240 144 96 7714
is_linear=0
shrinkage=0.05


Tree=64
num_leaves=15
num_cat=0
split_feature=29 36 2 39 5 13 28 24 20 28 15 18 23 42
split_gain=3.43833 7.05705 6.027 6.02196 5.44264 5.20624 4.50827 4.34582 4.71032 5.81903 4.66273 4.33631 3.76275 3.4342
threshold=1.2424533367156985 1.0000000180025095e-35 1.0000000180025095e-35 1.0000000180025095e-35 1.0000000180025095e-35 2.1383330821990971 -1.0000000180025095e-35 0.52272728085517894 0.15476191043853763 0.68333333730697643 0.13392857462167743 0.94444444775581371 0.43650794029235845 1.5000000000000002
decision_type=2 2 2 2 2 2 2 2 2 2 2 2 2 2
left_child=6 2 4 12 -2 -3 11 8 9 -6 -10 -1 -4 -12
right_child=1 5 3 -5 7 -7 -8 -9 10 -11 13 -13 -14 -15
leaf_value=-0.030540182559124371 -0.03040479377254976 0.048692913261059338 -0.051508911764588966 0.021360563720345855 0.088625097195837055 -0.050593942001177228 0.0022289490546488397 0.032597648261252124 -0.0013385259879108099 -0.0022143496239705562 -0.068664223336325103 0.095289492631370307 0.021801619775709449 -0.017664151135080391
leaf_weight=15.07944991503609 42.05523952114163 8.392472072504459 5.6147579547832738 22.94380562461447 1.9975543428445259 1.5668218221981067 608.15053798817098 6.4071950612124047 10.69320459617302 15.011130298138594 7.318360048462635 0.71725820936262685 2.5430484632961452 6.012825868325308
leaf_count=680 1589 80 168 647 15 79 6997 87 112 403 79 4 47 74
internal_value=-1.38556e-11 -0.00737884 -0.0107195 0.00824154 -0.0173088 0.0330728 0.00154397 -0.0056994 -0.0116794 0.00845413 -0.0259334 -0.0248268 -0.0286557 -0.0456614
internal_weight=754.504 130.556 120.597 31.1016 89.4955 9.95929 623.947 47.4403 41.0331 17.0087 24.0244 15.7967 8.15781 13.3312
internal_count=11061 3380 3221 862 2359 159 7681 770 683 418 265 684 215 153
is_linear=0
shrinkage=0.05


Tree=65
num_leaves=15
num_cat=0
split_feature=28 21 15 18 35 21 23 18 22 4 25 42 27 27
split_gain=3.37445 4.03284 3.03113 3.00907 6.16493 6.41702 7.9804 5.57458 4.56591 5.58551 3.76034 3.67053 3.51442 5.7328
threshold=2.1833333969116215 0.35416667163372045 0.38750000298023229 0.32500000298023229 1.0000000180025095e-35 0.58571431040763866 0.58571431040763866 0.5000000298023225 0.73214286565780651 0.46428571641445165 0.44505494832992559 2.5000000000000004 1.4742324352264407 1.7560210227966311
decision_type=2 2 2 2 2 2 2 2 2 2 2 2 2 2
left_child=3 2 -2 -1 5 10 8 -8 9 -7 -5 -6 -10 -14
right_child=1 -3 -4 4 11 6 7 -9 12 -11 -12 -13 13 -15
leaf_value=-0.00073057445379646547 -0.033935747795757781 -0.084859431328950075 0.023810201979732919 0.051760517789458775 -0.0040746082948410825 -0.037258688229173394 0.038579372976405769 -0.025033374872487531 -0.05629797272132623 0.046331219724652047 0.008930713204720683 -0.057333658171075497 0.076094260100451783 -0.068624085169697757
leaf_weight=652.00223077961709 5.9697609100840037 2.3615579892066298 3.6692480719648302 15.839402497105768 17.900777113158259 3.5514290630817413 17.231776817701761 4.3042761534452429 8.129107916261999 4.5701920040883124 7.575936291133984 3.948670021723955 1.477608108194546 1.2746427346719427
leaf_count=8973 469 135 105 346 245 21 135 49 193 65 223 31 35 36
internal_value=1.16717e-11 -0.0263007 -0.0119538 0.000427786 0.00922989 0.0170636 0.00502665 0.0258655 -0.01859 0.00977896 0.0379031 -0.0136997 -0.039764 0.00907123
internal_weight=749.807 12.0006 9.63901 737.806 85.8038 63.9544 40.539 21.5361 19.003 8.12162 23.4153 21.8494 10.8814 2.75225
internal_count=11061 709 574 10352 1379 1103 534 184 350 86 569 276 264 71
is_linear=0
shrinkage=0.05


Tree=66
num_leaves=15
num_cat=0
split_feature=27 29 13 28 9 15 18 22 13 28 21 35 27 26
split_gain=3.24451 2.88216 2.843 2.65411 2.57932 2.5476 5.36166 4.43518 4.29277 4.06993 3.73376 4.07993 7.01573 6.28588
threshold=1.9152100682258608 0.89587974548339855 2.7403194904327397 1.3095238208770754 1.0000000180025095e-35 0.4083333313465119 0.5168350636959077 0.95454546809196483 2.6020033359527592 -0.77500000596046437 0.30952382087707525 1.0000000180025095e-35 1.0789818167686465 0.41666667163372045
decision_type=2 2 2 2 2 2 2 2 2 2 2 2 2 2
left_child=2 4 5 -3 -2 8 9 -8 -1 -7 -11 -12 -13 -14
right_child=1 3 -4 -5 -6 6 7 -9 -10 10 11 12 13 -15
leaf_value=-0.00014157339732159572 0.0031686492075402826 -0.013337325941496021 0.046177506911664501 -0.047198882259824465 -0.054022964754392382 -0.053577097386268792 0.053962025404738205 -0.044464265322981325 -0.081904701040069361 0.029096922467024847 0.015358125120992442 -0.048065149098911929 -0.024482558337340865 0.089795857987970448
leaf_weight=586.39480074727908 31.985360601684079 25.079989882418886 3.4702052200445896 7.5226516586262724 2.1009168438613406 2.223296425654552 1.3623348865658025 7.1590435323305428 1.6097303797723714 28.97218523803167 32.857406675000675 7.6378748975694162 2.5756660727784038 2.2584007680416107
leaf_count=7119 520 1349 49 772 15 46 23 129 24 522 402 41 44 6
internal_value=2.85905e-11 -0.0105221 0.00103723 -0.0211505 -0.000356371 0.00080449 0.00889311 -0.0287286 -0.000365409 0.0130825 0.0150771 0.00611632 -0.0182313 0.0289065
internal_weight=743.21 66.6889 676.521 32.6026 34.0863 673.051 85.0462 8.52138 588.005 76.5248 74.3015 45.3293 12.4719 4.83407
internal_count=11061 2656 8405 2121 535 8356 1213 152 7143 1061 1015 493 91 50
is_linear=0
shrinkage=0.05


Tree=67
num_leaves=15
num_cat=0
split_feature=28 21 30 18 35 21 23 26 18 28 18 42 22 27
split_gain=3.19298 3.87345 2.99811 2.9624 5.28414 4.34076 7.33857 4.19412 3.91261 3.60159 4.75471 4.36376 3.34475 4.65434
threshold=2.0714285373687749 0.35416667163372045 0.89587974548339855 0.32500000298023229 1.0000000180025095e-35 0.58571431040763866 0.58571431040763866 0.75000000000000011 0.5000000298023225 -0.22500000149011609 0.27876985073089605 2.5000000000000004 0.73214286565780651 1.4742324352264407
decision_type=2 2 2 2 2 2 2 2 2 2 2 2 2 2
left_child=3 2 -2 9 5 -5 7 12 -8 -1 -11 -12 -7 -14
right_child=1 -3 -4 4 -6 6 8 -9 -10 10 11 -13 13 -15
leaf_value=-0.01690789080767854 0.042909332229070042 -0.083585271498628488 -0.026359258584379687 0.034347318264114711 -0.011998744296036742 0.0016438683146519136 0.039063582519588823 0.045316190255258099 -0.015952595507650293 0.00065758333762210919 -0.05477674653160134 0.038979354363797569 -0.06633414298252123 0.014364977601413817
leaf_weight=32.625127946783323 1.9876566734164933 2.3339642670471212 7.2965783075196669 22.485190140549093 21.346273427596316 6.5418714124243715 15.669264137977736 2.3951931335031977 4.0713457642123094 603.71664994949242 6.7443878966150788 1.5209696588572112 6.7920422846218571 2.4245420986553654
leaf_count=1300 21 141 560 568 276 76 135 72 49 7493 130 38 131 71
internal_value=6.05818e-11 -0.0260048 -0.0115296 0.000415964 0.0093839 0.0169434 0.00661652 -0.0163284 0.0277169 -0.000721024 0.000141907 -0.037524 -0.0256981 -0.0451052
internal_weight=737.951 11.6182 9.28423 726.333 81.7257 60.3794 37.8943 18.1536 19.7406 644.607 611.982 8.26536 15.7585 9.21658
internal_count=11061 722 581 10339 1378 1102 534 350 184 8961 7661 168 278 202
is_linear=0
shrinkage=0.05


Tree=68
num_leaves=15
num_cat=0
split_feature=28 21 18 35 21 23 34 22 27 1 18 19 18 25
split_gain=3.10047 3.82113 2.83569 4.78196 3.60748 6.39981 3.64859 5.37342 3.70098 3.63327 6.98538 5.12502 3.5519 3.29438
threshold=2.1833333969116215 0.35416667163372045 0.32500000298023229 1.0000000180025095e-35 0.58571431040763866 0.58571431040763866 1.0000000180025095e-35 0.73214286565780651 1.6070912480354311 1.0000000180025095e-35 0.64583334326744091 0.46428571641445165 0.5000000298023225 0.44505494832992559
decision_type=2 2 2 2 2 2 2 2 2 2 2 2 2 2
left_child=2 -2 -1 4 13 6 7 8 -6 10 11 -9 -7 -4
right_child=1 -3 3 -5 5 12 -8 9 -10 -11 -12 -13 -14 -15
leaf_value=-0.00070377150116024412 -0.011187191090156279 -0.082997906750378117 0.045663302520775023 -0.011198779715170505 0.067649088346845146 0.038473788308897507 -0.083434464771279748 -0.093481881333731531 -0.0091147474470138143 -0.06275527442334819 0.099935234061831024 0.015555011560484031 -0.014219787656867931 0.0052156039042086785
leaf_weight=643.21922085847473 9.0315758549841103 2.3304910664446643 15.099814161483666 21.174721636692993 3.1440130239352628 14.915775241330268 1.7280982779338945 1.9373483636882154 3.136626933934167 4.5456599011085927 1.2815943248569963 2.4286429705098271 4.07088329643011 7.5518787998007602
leaf_count=8973 574 135 346 276 40 135 29 40 39 119 27 56 49 223
internal_value=2.7553e-11 -0.0259164 0.000406586 0.00922228 0.0164483 0.00686713 -0.0143171 -0.00706676 0.0293123 -0.029482 -0.0027008 -0.0328286 0.0271759 0.0321784
internal_weight=735.596 11.3621 724.234 81.0151 59.8403 37.1886 18.202 16.4739 6.28064 10.1932 5.64759 4.36599 18.9867 22.6517
internal_count=11061 709 10352 1379 1103 534 350 321 79 242 123 96 184 569
is_linear=0
shrinkage=0.05


Tree=69
num_leaves=15
num_cat=0
split_feature=27 28 30 20 28 4 28 18 15 28 24 17 30 30
split_gain=3.18925 3.15142 2.8806 3.92125 3.27703 3.74006 3.52858 3.51405 3.09386 2.7566 2.68139 2.48793 2.48735 3.77275
threshold=1.9152100682258608 -1.2916666865348814 2.6020033359527592 0.73214286565780651 0.64583334326744091 0.19090909510850909 1.3095238208770754 0.34910714626312261 0.44505494832992559 -1.7083333134651182 0.81666666269302379 0.89444443583488475 2.0126758217811589 2.4414010047912602
decision_type=2 2 2 2 2 2 2 2 2 2 2 2 2 2
left_child=1 -1 4 8 5 -2 7 12 -4 -7 -11 -8 -6 -14
right_child=2 -3 3 -5 6 9 11 -9 -10 10 -12 -13 13 -15
leaf_value=-0.037721478779707468 -0.048291455292086664 0.0013449380063630468 -0.037482879974522446 0.042836904617353434 0.046513251210302059 0.088649818777608219 -0.031304360800530097 -0.046263955856181815 0.044211486059164917 -0.021434253433367176 0.084352019164621983 0.038669620724931422 -0.01110408858830819 0.062048065500792816
leaf_weight=5.2028695599292396 12.374539202603048 661.35613438556902 4.36246997193666 5.4895771713927388 5.1911565051414135 0.6928722127340724 12.271947978937529 2.444788326509296 1.5781881387811152 9.1871630781679379 0.64080182788893658 1.4169723077211536 8.3817886468023044 2.2318940472323439
leaf_count=223 539 8182 325 45 151 21 839 43 24 403 10 17 193 46
internal_value=-4.4536e-11 0.00104 -0.0104615 0.0123718 -0.0152212 -0.0296579 -0.00487208 0.00952154 -0.0157801 -0.00774121 -0.0145368 -0.0240612 0.0181508 0.00427868
internal_weight=732.823 666.559 66.2642 11.4302 54.8339 22.8954 31.9385 18.2496 5.94066 10.5208 9.82796 13.6889 15.8048 10.6137
internal_count=11061 8405 2656 394 2262 973 1289 433 349 434 413 856 390 239
is_linear=0
shrinkage=0.05


Tree=70
num_leaves=15
num_cat=0
split_feature=28 21 28 15 18 4 27 35 1 42 27 24 18 42
split_gain=2.93794 4.00149 3.00441 3.43407 2.73047 5.18127 4.39544 4.30927 5.48954 3.2209 3.71539 3.85833 3.1698 3.17846
threshold=2.0714285373687749 0.35416667163372045 -1.2916666865348814 0.63333335518836986 0.32500000298023229 0.57738095521926891 2.3250372409820561 1.0000000180025095e-35 1.0000000180025095e-35 2.5000000000000004 1.4742324352264407 0.30952382087707525 0.27876985073089605 2.5000000000000004
decision_type=2 2 2 2 2 2 2 2 2 2 2 2 2 2
left_child=2 -2 3 -1 12 6 7 -6 -9 -7 11 -11 -4 -14
right_child=1 -3 4 -5 5 9 -8 8 -10 10 -12 -13 13 -15
leaf_value=-0.014222281326286041 -0.0096808152809420359 -0.081898745232609926 6.7426418277018939e-05 -0.098629535508851743 0.035621474254267455 0.0036638741450475028 -0.056271575794490769 -0.050511244641078035 0.03100205058648163 0.012600306771587308 0.04401057276556427 -0.075229168559223514 -0.04307175972930951 0.036765004106180194
leaf_weight=6.1353576396941198 8.8987993021728453 2.445142319018486 624.20121853321325 1.4995196047239003 28.298563205520622 32.800842440919951 1.6857255366630841 3.7178908255882543 4.6472512581385672 1.7691710790386412 1.2899924641242249 4.2645864633377641 7.5076912518707086 1.4948967981617896
leaf_count=340 581 141 8448 12 393 660 22 41 61 45 54 62 162 39
internal_value=6.1812e-11 -0.0252471 0.00039816 -0.0308002 0.000732856 0.00953028 0.022672 0.0263016 -0.00522657 -0.00303001 -0.0330098 -0.0494765 -0.000357424 -0.0298147
internal_weight=730.657 11.3439 719.313 7.63488 711.678 78.474 38.3494 36.6637 8.36514 40.1246 7.32375 6.03376 633.204 9.00259
internal_count=11061 722 10339 352 9987 1338 517 495 102 821 161 107 8649 201
is_linear=0
shrinkage=0.05


Tree=71
num_leaves=15
num_cat=0
split_feature=28 21 15 13 10 28 16 21 29 1 23 34 42 27
split_gain=2.98542 4.16986 2.6349 2.25281 2.67531 4.14538 4.09368 4.06177 5.28832 4.69539 3.25024 4.35092 4.76455 4.26784
threshold=2.1833333969116215 0.35416667163372045 0.38750000298023229 3.0201274156570439 1.0000000180025095e-35 -1.0000000180025095e-35 0.18333333730697635 0.53571429848670971 0.89587974548339855 1.0000000180025095e-35 0.26785714924335485 1.0000000180025095e-35 1.0000000180025095e-35 1.1956896185874941
decision_type=2 2 2 2 2 2 2 2 2 2 2 2 2 2
left_child=3 2 -2 4 5 7 -7 8 -1 -10 -6 12 -12 -13
right_child=1 -3 -4 -5 10 6 -8 -9 9 -11 11 13 -14 -15
leaf_value=-0.07616722194620823 -0.031336557924455492 -0.081205622399531441 0.024440664173501644 0.033909561119759929 -0.013901741648585398 0.0018585389829747661 0.026119615908654886 -0.050260002138167552 -0.030673431806565912 0.059033134122979371 -0.0052420103625357706 -0.0012714312829229684 0.016999006713330746 -0.067870396865035446
leaf_weight=1.7135939792497064 5.2891223191400041 2.5863886350125531 3.5307885871152394 4.9819801844423628 66.315143267565873 499.21440196590265 18.014804187812842 7.418512640404515 2.4257075477507897 3.6590512649854645 64.455380700645037 5.214332805015145 38.440893142484128 4.4657247780123726
leaf_count=70 469 135 105 151 2329 5749 359 335 207 44 477 50 475 106
internal_value=-2.75991e-11 -0.0253787 -0.00900781 0.000404118 0.000169456 0.00194682 0.00270354 -0.0237745 0.00142091 0.0232713 -0.00512062 5.20629e-05 0.00306698 -0.0319957
internal_weight=727.726 11.4063 8.81991 716.32 711.338 532.446 517.229 15.2169 7.79835 6.08476 178.891 112.576 102.896 9.68006
internal_count=11061 709 574 10352 10201 6764 6108 656 321 251 3437 1108 952 156
is_linear=0
shrinkage=0.05


Tree=72
num_leaves=15
num_cat=0
split_feature=28 21 27 19 41 24 21 15 18 42 18 29 24 36
split_gain=3.28112 4.47841 2.43433 2.18664 5.93256 2.80175 2.77838 5.8564 3.03328 3.15832 3.02616 2.67888 3.7343 4.40419
threshold=2.1833333969116215 0.35416667163372045 1.9580035805702212 0.26785714924335485 1.0000000180025095e-35 0.89444443583488475 0.46428571641445165 0.58571431040763866 0.23306878656148913 1.5000000000000002 0.24999999254941943 1.2424533367156985 0.35416667163372045 1.0000000180025095e-35
decision_type=2 2 2 2 2 2 2 2 2 2 2 2 2 2
left_child=3 2 -2 11 6 -6 8 10 9 -5 -8 -1 13 -13
right_child=1 -3 -4 4 5 -7 7 -9 -10 -11 -12 12 -14 -15
leaf_value=0.00061876175099710934 0.019914852798084245 -0.080572673293825239 -0.033486907908583469 -0.012836558514144378 -0.012576028961252678 0.036292340955241038 0.026905500198448687 -0.10745060676398877 0.049606612037868855 0.036272673577811283 -0.0051151567426197912 -0.022163005162013846 0.0070019411847486073 0.01901944390847057
leaf_weight=543.90672270586947 4.0181686598225479 2.8740182596957302 4.5512654126505367 5.9265204118564743 32.608827379648574 3.2228991650044909 15.917361969826748 1.0617210930213321 11.244434052845461 7.3147810321534052 13.754535169922745 47.150237066030968 24.486668804020155 7.5286512734601265
leaf_count=6219 180 135 394 109 393 81 386 19 299 190 262 1532 735 127
internal_value=3.05171e-11 -0.0265614 -0.00844707 0.000425632 0.00766329 -0.00818054 0.0179443 0.00793351 0.0305096 0.0142924 0.0120622 -0.000632025 -0.00922555 -0.0164927
internal_weight=725.567 11.4435 8.56943 714.123 91.0511 35.8317 55.2194 30.7336 24.4857 13.2413 29.6719 623.072 79.1656 54.6789
internal_count=11061 709 574 10352 1739 474 1265 667 598 299 648 8613 2394 1659
is_linear=0
shrinkage=0.05


Tree=73
num_leaves=15
num_cat=0
split_feature=28 21 15 27 41 13 20 27 29 18 4 35 15 42
split_gain=3.81198 5.08383 2.36835 2.35874 2.2086 2.01178 2.59181 2.45202 3.61202 2.3407 5.491 3.06551 5.51843 3.00696
threshold=2.1833333969116215 0.35416667163372045 0.13392857462167743 1.4985301494598391 1.0000000180025095e-35 3.0201274156570439 0.58571431040763866 2.2259460687637334 1.2424533367156985 0.32500000298023229 0.57738095521926891 1.0000000180025095e-35 0.30952382087707525 2.5000000000000004
decision_type=2 2 2 2 2 2 2 2 2 2 2 2 2 2
left_child=5 2 -2 -3 -4 7 -7 9 -9 13 11 -11 -13 -1
right_child=1 3 4 -5 -6 6 -8 8 -10 10 -12 12 -14 -15
leaf_value=-0.0012196486368357775 -0.038631928660574265 -0.10669838116775761 -0.0094824339792563446 -0.012341086787715189 0.06141192007134743 -0.023278106747085917 0.055744041348596479 -0.0046953870617921847 -0.04896179523321427 0.031617173309803105 -0.0038827847161091973 -0.04834148498912768 0.034414988675843583 0.011916622803670488
leaf_weight=559.71332929917844 3.5464599835104291 2.4032783056609328 3.1633534676511772 0.91429394445731293 1.6830956896301357 1.4780740779824544 3.4822359569370747 20.281395618687387 5.9632779170060521 27.018704875605181 38.096484935435001 3.7112997989170236 4.4058429769938812 47.240437162690796
leaf_count=6918 389 26 161 109 24 115 36 510 583 404 773 45 60 908
internal_value=1.47252e-10 -0.0282952 -0.00758268 -0.0806943 0.0151381 0.000465778 0.032197 0.000242972 -0.0147535 0.000821606 0.00926574 0.0235222 -0.00342272 -0.000197226
internal_weight=723.102 11.7105 8.39291 3.31757 4.84645 711.391 4.96031 706.431 26.2447 680.186 73.2323 35.1358 8.11714 606.954
internal_count=11061 709 574 135 185 10352 151 10201 1093 9108 1282 509 105 7826
is_linear=0
shrinkage=0.05


Tree=74
num_leaves=15
num_cat=0
split_feature=28 21 15 30 27 18 26 30 20 19 18 15 41 30
split_gain=7.52912 7.33942 2.08848 1.99889 2.56321 5.64672 3.49664 2.15942 3.09254 3.57483 2.5551 3.10401 4.17364 3.15101
threshold=2.1833333969116215 0.35416667163372045 0.13392857462167743 1.4978661537170412 1.5975314974784853 0.048115082085132606 0.41666667163372045 2.6020033359527592 0.73214286565780651 0.46428571641445165 0.23306878656148913 0.89444443583488475 1.0000000180025095e-35 2.3502402305603032
decision_type=2 2 2 2 2 2 2 2 2 2 2 2 2 2
left_child=3 2 -2 4 -1 6 -6 10 9 -9 -5 12 13 -12
right_child=1 -3 -4 7 5 -7 -8 8 -10 -11 11 -13 -14 -15
leaf_value=0.0012287959715502985 -0.037832629795993639 -0.084764177640209964 0.013624200426309628 -0.015985895672906286 -0.073126276903442769 0.043706192038375523 0.064070469677354816 -0.040365459634207207 0.040502827075994459 0.067589138652297834 0.013867967689560005 0.026388417945767701 -0.053905703479201351 -0.07480193757584773
leaf_weight=614.79047085630009 3.3983315512887184 5.054239235847489 4.6978587108314969 49.681454118981492 1.9512177633005188 8.9740412703831662 0.60947275906801213 3.3814241185900737 5.4775127908214927 0.99177237506955851 10.355994805519002 9.3579422300681472 4.02243189275032 1.1092468432616431
leaf_count=7162 389 135 185 1965 151 267 7 251 45 6 249 82 135 32
internal_value=3.87393e-11 -0.0374879 -0.00797452 0.000693654 0.00166693 0.0250188 -0.0404719 -0.00653081 0.0154705 -0.015883 -0.00943886 0.00365264 -0.0100847 0.00528927
internal_weight=723.853 13.1504 8.09619 710.703 626.325 11.5347 2.56069 84.3778 9.85071 4.3732 74.5271 24.8456 15.4877 11.4652
internal_count=11061 709 574 10352 7587 425 158 2765 302 257 2463 498 416 281
is_linear=0
shrinkage=0.05


Tree=75
num_leaves=15
num_cat=0
split_feature=28 21 27 27 25 18 18 23 22 21 23 24 28 15
split_gain=6.30132 6.13348 2.60461 2.01905 1.92112 4.02221 4.55213 4.37468 4.14693 7.17939 7.14256 4.2892 3.98008 3.8226
threshold=2.1833333969116215 0.35416667163372045 1.4985301494598391 1.9580035805702212 0.18333333730697635 0.082291666418313994 0.048115082085132606 0.58571431040763866 0.73214286565780651 0.58571431040763866 0.18333333730697635 0.52272728085517894 -1.0000000180025095e-35 0.22500000149011615
decision_type=2 2 2 2 2 2 2 2 2 2 2 2 2 2
left_child=4 3 -3 -2 12 6 -6 8 -7 13 -11 -12 -1 -10
right_child=1 2 -4 -5 5 7 -8 -9 9 10 11 -13 -14 -15
leaf_value=-0.022931894607170954 0.018238032205331219 -0.097816066237600266 -0.0036381962878752117 -0.032170328737773694 -0.010042042926558012 0.02609387716992443 -0.069790209773770095 0.021069981134298699 0.031156533025355794 -0.064312781075296074 -0.019736030062035125 0.064361641577797099 0.0027531620926317737 -0.0066388770581794036
leaf_weight=15.521210015402174 3.8084284990909492 3.845322989160195 0.90738860450801428 4.1522979637957178 70.612513549509458 9.6106222788803262 3.3386365075712083 24.425699019804597 9.6948068914352934 9.5914129398879613 7.8768088356009667 1.8775804871693251 533.51718891333439 21.583933018264361
leaf_count=766 180 26 109 394 1183 317 117 264 312 263 167 12 6359 592
internal_value=4.52073e-11 -0.0348889 -0.0798356 -0.00805486 0.000626804 -0.00422017 -0.0127395 0.00322141 -0.00401628 -0.00973243 -0.0336747 -0.00354843 0.00202705 0.00507576
internal_weight=720.364 12.7134 4.75271 7.96073 707.65 158.612 73.9512 84.6609 60.2352 50.6245 19.3458 9.75439 549.038 31.2787
internal_count=11061 709 135 574 10352 3227 1300 1927 1663 1346 442 179 7125 904
is_linear=0
shrinkage=0.05


Tree=76
num_leaves=15
num_cat=0
split_feature=28 21 27 15 13 20 27 29 13 24 22 34 1 4
split_gain=5.36164 5.42359 2.3893 2.01566 1.93053 2.30008 2.12195 3.13365 2.75183 2.84636 2.00191 5.20607 3.441 2.22913
threshold=2.1833333969116215 0.35416667163372045 1.5160248279571535 0.38750000298023229 3.0201274156570439 0.58571431040763866 2.2259460687637334 1.2424533367156985 2.4414010047912602 0.89444443583488475 0.95454546809196483 1.0000000180025095e-35 1.0000000180025095e-35 0.13392857462167743
decision_type=2 2 2 2 2 2 2 2 2 2 2 2 2 2
left_child=4 3 -3 -2 6 -6 -1 8 9 -8 11 12 -10 -12
right_child=1 2 -4 -5 5 -7 7 -9 10 -11 13 -13 -14 -15
leaf_value=0.00089305828245540429 -0.028930033622039913 -0.094425720864005067 -0.0043848573032281629 0.022304724690164479 -0.022313024712837099 0.054548112979518885 -0.012313016778603346 -0.047128613112835116 -0.051884452137655829 -0.086374484230773624 0.059315199511012585 0.053170128049393688 0.061016407317720837 -0.01045783058425926
leaf_weight=678.1069641293434 4.5883245710865577 3.6163779231137596 0.92527776019414876 3.3005751790478826 1.3681401627836738 3.3731443118304014 6.0118273484986338 5.5149764685775144 4.4275076973717642 1.6543004426639525 3.1992082295473665 2.4908342104172334 0.79626018786802877 1.7825414920225737
leaf_count=9108 469 27 108 105 115 36 165 583 166 33 64 33 16 33
internal_value=9.85946e-11 -0.0325535 -0.0760816 -0.00749432 0.000570966 0.0323691 0.000356808 -0.0136954 -0.00464034 -0.028295 0.00964248 -0.00631217 -0.0346749 0.0343494
internal_weight=721.156 12.4306 4.54166 7.8889 708.726 4.74128 703.984 25.8775 20.3625 7.66613 12.6964 7.7146 5.22377 4.98175
internal_count=11061 709 135 574 10352 151 10201 1093 510 198 312 215 182 97
is_linear=0
shrinkage=0.05


Tree=77
num_leaves=15
num_cat=0
split_feature=28 21 27 13 20 30 28 27 1 21 18 21 30 26
split_gain=6.81648 6.23243 2.37118 1.99163 2.17251 1.98442 1.77115 4.16755 3.30925 4.55604 3.99823 3.5727 4.5428 4.40189
threshold=2.1833333969116215 0.35416667163372045 1.4970285892486574 3.0201274156570439 0.58571431040763866 0.89587974548339855 0.81666666269302379 1.4487110376358034 1.0000000180025095e-35 0.58571431040763866 0.45833335816860205 0.35416667163372045 1.7005987167358401 0.22500000149011615
decision_type=2 2 2 2 2 2 2 2 2 2 2 2 2 2
left_child=3 5 -3 6 -5 -2 7 -1 11 -10 -11 12 -8 -13
right_child=1 2 -4 4 -6 -7 8 -9 9 10 -12 13 -14 -15
leaf_value=0.00070651571731732794 0.039204020326313482 -0.093061611311373665 -0.0066951801054023242 -0.020984813714736157 0.053896281670156566 -0.020972627101970509 -0.030434916737074148 -0.013848872169137237 0.021168321752029175 0.0012629790169080867 -0.086022979556373835 -0.018760369042980798 0.0057339512460932683 0.032577820675673337
leaf_weight=544.38901399011957 1.7826461624354104 4.3665698241384234 0.9715436513070016 1.3485105343279418 3.4384280596859753 5.9182864360045642 16.792506289493758 54.062034254573518 44.771067651920021 4.5339623509207732 1.8461642615729941 6.2836761634680469 17.973498515668325 12.444658078253267
leaf_count=5165 20 17 118 115 36 554 637 2105 997 114 33 240 544 366
internal_value=1.93317e-10 -0.0358232 -0.0773428 0.000659854 0.0328018 -0.00704267 0.00044102 -0.000608369 0.00644231 0.0155352 -0.0239942 -0.00225227 -0.0117362 0.015353
internal_weight=720.923 13.039 5.33811 707.884 4.78694 7.70093 703.097 598.451 104.646 51.1512 6.38013 53.4943 34.766 18.7283
internal_count=11061 709 135 10352 151 574 10201 7270 2931 1144 147 1787 1181 606
is_linear=0
shrinkage=0.05


Tree=78
num_leaves=15
num_cat=0
split_feature=28 21 13 20 28 1 21 27 18 27 21 42 26 34
split_gain=3.39035 3.42317 2.45769 2.19421 1.9245 3.23236 3.81859 3.9925 5.56031 3.21116 3.19978 3.50401 3.50244 3.4435
threshold=2.1833333969116215 0.35416667163372045 3.0201274156570439 0.58571431040763866 0.81666666269302379 1.0000000180025095e-35 0.46428571641445165 1.8680953383445742 0.24999999254941943 1.4487110376358034 0.35416667163372045 3.5000000000000004 0.22500000149011615 1.0000000180025095e-35
decision_type=2 2 2 2 2 2 2 2 2 2 2 2 2 2
left_child=2 -2 4 -4 9 10 7 -7 -9 -1 -6 12 13 -12
right_child=1 -3 3 -5 5 6 -8 8 -10 -11 11 -13 -14 -15
leaf_value=0.00025437896973174102 -0.0076884757311770947 -0.065559133971759526 -0.019613956968375344 0.055352640175539904 -0.011160555702131314 0.030517058293735751 -0.013349239813368181 -0.05605419348453973 0.023735792649216818 -0.012589233008475599 -0.028821699402338381 -0.047057989335963467 0.039986234540606264 0.06828258623058564
leaf_weight=541.61280544457259 7.6962722423486394 3.8255272471578792 1.3303868160000991 3.6649947129189968 34.273997427371796 31.807737956405617 9.3140156490844657 3.5384768192889151 5.7017600025865249 53.470780195319094 4.478810022701512 2.0268906173296264 10.351782944984732 1.1467427832540122
leaf_count=5165 574 135 115 36 1181 654 248 150 92 2105 205 69 320 12
internal_value=4.40383e-11 -0.026903 0.000441102 0.0353873 0.000190903 0.00651381 0.015554 0.0221124 -0.00681916 -0.000899674 -0.00219506 0.0148722 0.0227287 -0.00902744
internal_weight=714.241 11.5218 702.719 4.99538 697.724 102.64 50.362 41.048 9.24024 595.084 52.2782 18.0042 15.9773 5.62555
internal_count=11061 709 10352 151 10201 2931 1144 896 242 7270 1787 606 537 217
is_linear=0
shrinkage=0.05


Tree=79
num_leaves=15
num_cat=0
split_feature=28 13 35 28 1 35 14 21 25 26 41 13 28 27
split_gain=2.20795 2.3546 2.29429 2.16348 3.00733 3.06305 5.93842 2.99811 3.35878 3.96967 4.13527 3.34127 2.7482 3.38042
threshold=2.0714285373687749 3.0201274156570439 1.0000000180025095e-35 0.81666666269302379 1.0000000180025095e-35 1.0000000180025095e-35 1.5000000000000002 0.35416667163372045 0.30952382087707525 0.22500000149011615 1.0000000180025095e-35 1.8688347935676577 1.2250000238418581 1.1956896185874941
decision_type=2 2 2 2 2 2 2 2 2 2 2 2 2 2
left_child=1 3 -2 -1 7 -6 -7 11 9 10 -9 -5 -10 -14
right_child=2 -3 -4 4 5 6 -8 8 12 -11 -12 -13 13 -15
leaf_value=-0.0010486087329298346 -0.034439312141259053 0.03439989339062776 0.01999868779297044 -0.024598032595694205 0.025392035532592644 0.031299115921429942 -0.024729432259730295 -0.052421983028143451 0.0071326608856786093 0.047731190869039486 0.040593960623771096 0.0068262483998133977 -0.17242524949860294 -0.017428180682338992
leaf_weight=593.61437623848906 8.5744455778913089 5.0407938983407794 2.4996977948467238 18.50267634523334 30.711524056911003 8.4468287257477641 10.745463785366155 2.5650543633382794 2.4250280646956521 8.5392582404892874 2.2369374674744904 15.583486438088583 0.5874840887263415 0.87675906647928059
leaf_count=7270 617 151 105 628 864 119 154 118 75 310 27 550 16 57
internal_value=1.0567e-10 0.000350501 -0.0221514 0.000103484 0.00686001 0.0155996 -7.03901e-05 -0.00163891 0.0153593 0.0272785 -0.00909187 -0.0102315 -0.0255268 -0.0796162
internal_weight=710.95 699.876 11.0741 694.835 101.221 49.9038 19.1923 51.3167 17.2305 13.3413 4.80199 34.0862 3.88927 1.46424
internal_count=11061 10339 722 10188 2918 1137 273 1781 603 455 145 1178 148 73
is_linear=0
shrinkage=0.05


Tree=80
num_leaves=15
num_cat=0
split_feature=25 14 5 20 9 15 28 28 27 27 21 15 24 29
split_gain=2.39347 3.64001 5.04583 4.81607 9.59009 4.31866 5.17399 4.17862 4.62808 3.75822 4.6632 3.63467 3.41327 3.37428
threshold=0.18333333730697635 1.5000000000000002 1.0000000180025095e-35 0.18333333730697635 1.0000000180025095e-35 0.13392857462167743 0.15476191043853763 0.22500000149011615 1.3503527641296389 1.3367404937744143 0.77500000596046459 0.13392857462167743 0.30952382087707525 1.2424533367156985
decision_type=2 2 2 2 2 2 2 2 2 2 2 2 2 2
left_child=-1 2 7 13 -5 -6 -7 -2 -9 10 -3 -11 -8 -4
right_child=1 9 3 4 5 6 12 8 -10 11 -12 -13 -14 -15
leaf_value=0.0015732985150991457 -0.004519155529535265 -0.029988207269252845 0.016573922370797547 -0.088699832636265796 0.040396311166048401 -0.086566998052700198 -0.059754513999092776 -0.12509919262737593 -0.025039913322245269 -0.043058313617813468 -0.11571047584176715 0.016231474077789698 0.022659530615449282 0.074122299775077713
leaf_weight=548.33117129065795 97.917593619145919 8.5739294239319861 5.4719394068233687 2.5817320672795203 8.5299301990307885 1.7295512761920679 1.5247097873943838 1.352451863582244 7.9418318360112607 3.9647975671687146 1.9466962355654693 7.4271554562728852 7.1378300683572888 4.7654204918071628
leaf_count=7543 1337 138 122 35 93 28 16 89 570 465 36 420 113 56
internal_value=1.29488e-10 -0.00536279 -0.00237602 0.0151351 0.00169682 0.0140306 -0.00761064 -0.00756034 -0.0396 -0.0243027 -0.0458499 -0.00440344 0.00815368 0.0433623
internal_weight=709.197 160.866 138.953 31.7411 21.5038 18.922 10.3921 107.212 9.29428 21.9126 10.5206 11.392 8.66254 10.2374
internal_count=11061 3518 2459 463 285 250 157 1996 659 1059 174 885 129 178
is_linear=0
shrinkage=0.05


Tree=81
num_leaves=15
num_cat=0
split_feature=25 28 21 36 18 39 18 23 42 18 18 18 38 29
split_gain=2.07079 3.37313 4.40522 4.89217 3.42788 5.88325 4.52501 3.27115 6.81686 4.38338 6.40482 4.07762 3.4412 3.49334
threshold=0.18333333730697635 -1.0000000180025095e-35 0.53571429848670971 1.0000000180025095e-35 0.3304761946201325 1.0000000180025095e-35 0.28928571939468389 0.13392857462167743 2.5000000000000004 0.082291666418313994 0.029910714365541938 0.096230160444974913 1.0000000180025095e-35 1.7005987167358401
decision_type=2 2 2 2 2 2 2 2 2 2 2 2 2 2
left_child=1 2 3 -1 6 -6 -3 8 -2 10 -9 -11 13 -13
right_child=7 4 -4 -5 5 -7 -8 9 -10 11 -12 12 -14 -15
leaf_value=-0.036856901966311161 -0.0056514544525408149 0.0013970911615642891 -0.04700040935058232 0.043361057977413846 0.0009043886280570468 0.040385441950601647 -0.056242378718532396 -0.0054197162890142767 -0.050101826673549212 0.0670810069215418 -0.076236877464413169 -0.0022806449051362208 0.054069925402091906 0.039227076568685203
leaf_weight=3.5648453839821732 38.000138042087201 489.19481916478253 8.1127733060857263 4.0712653279770166 24.244901079509873 15.447992705041541 3.428888020454905 56.269173289882019 11.157922653655985 3.0001199541147789 3.3848469274234949 38.516583547345363 3.5911445333622387 5.8372146897017947
leaf_count=324 1718 6112 388 54 289 311 65 375 590 45 55 582 42 111
internal_value=6.22127e-11 0.00146012 -0.0213449 0.00591207 0.00213482 0.0162699 0.000995894 -0.00500912 -0.0157408 -0.000239196 -0.00943797 0.0105321 0.00699359 0.00318201
internal_weight=707.823 548.065 15.7489 7.63611 532.317 39.6929 492.624 159.757 49.1581 110.599 59.654 50.9451 47.9449 44.3538
internal_count=11061 7543 766 378 6777 600 6177 3518 2308 1210 430 780 735 693
is_linear=0
shrinkage=0.05


Tree=82
num_leaves=15
num_cat=0
split_feature=2 18 29 36 13 39 23 42 23 10 13 28 5 28
split_gain=1.80973 3.7833 3.38641 3.92126 11.2822 3.10493 3.78628 2.75091 4.34692 3.37983 3.65523 2.79048 2.38308 3.74747
threshold=1.0000000180025095e-35 0.11666667088866235 1.2424533367156985 1.0000000180025095e-35 2.1383330821990971 1.0000000180025095e-35 0.43650794029235845 2.5000000000000004 0.15476191043853763 1.0000000180025095e-35 1.8688347935676577 -0.38750000298023218 1.0000000180025095e-35 -0.26785714924335474
decision_type=2 2 2 2 2 2 2 2 2 2 2 2 2 2
left_child=2 -2 -1 12 -5 6 -3 11 9 -9 -11 -7 -4 -14
right_child=1 5 3 4 -6 7 -8 8 -10 10 -12 -13 13 -15
leaf_value=0.0007116152868651502 0.057748660191849724 -0.046997738819627266 -0.022636063318411191 0.049513531532037372 -0.084275028100820076 -0.043565565017493618 0.016904958432722123 0.020045075316743988 0.049455057396761072 -0.094476810580323659 0.0049840939398101075 0.021838562685057149 0.05726172831756568 -0.0088144375969772416
leaf_weight=567.38721287911176 3.6916046229016493 5.5564638897194509 37.051387173327385 7.3562640508171153 2.0053418430034071 1.7266932865604747 3.9771807319484651 1.8622480281628657 1.9849499005358664 2.7493837210640777 1.3911374025919938 29.373765972035475 2.2654062323272219 40.6411785443197
leaf_count=7159 126 197 1589 79 76 65 66 90 33 60 95 656 20 750
internal_value=-4.24887e-11 0.00895009 -0.000712966 -0.00976238 0.0208548 0.00524506 -0.0203392 0.0114851 -0.0146881 -0.0358985 -0.0610598 0.0182073 -0.0133471 -0.00532571
internal_weight=709.02 52.3134 656.707 89.3196 9.36161 48.6218 9.53364 39.0882 7.98772 6.00277 4.14052 31.1005 79.958 42.9066
internal_count=11061 1388 9673 2514 155 1262 263 999 278 245 155 721 2359 770
is_linear=0
shrinkage=0.05


Tree=83
num_leaves=15
num_cat=0
split_feature=18 4 18 42 27 10 41 8 10 13 42 24 15 34
split_gain=2.0622 4.98999 4.96354 2.661 3.77667 2.97323 2.56783 4.87278 3.21484 4.24859 3.12564 3.64594 2.4958 4.82941
threshold=0.32500000298023229 0.57738095521926891 0.31952381134033209 2.5000000000000004 1.4742324352264407 1.0000000180025095e-35 1.0000000180025095e-35 1.0000000180025095e-35 1.0000000180025095e-35 1.7005987167358401 1.5000000000000002 0.63333335518836986 0.30952382087707525 1.0000000180025095e-35
decision_type=2 2 2 2 2 2 2 2 2 2 2 2 2 2
left_child=2 6 -1 -3 5 -5 8 -8 9 -2 -10 -12 13 -9
right_child=1 3 -4 4 -6 -7 7 12 10 -11 11 -13 -14 -15
leaf_value=-0.00073922079445348462 0.071817840157395452 0.0020851395109835647 -0.094022610314211108 0.014338882826112377 0.030208938003579117 -0.066211466568490265 -0.059392622027408609 -0.084113293123920074 0.031840159178322502 0.015805709753930339 -0.078694206232396147 0.01658267442830072 0.035640229487855953 0.027072245961347122
leaf_weight=626.87306066125166 7.4885341855697334 31.497795016155578 1.4292630983982224 1.4826541332295144 2.0290088500187267 5.0393768437788822 2.5161809858400348 1.5230437633581457 6.2285852662753314 6.1788870971649885 1.7617490210104731 2.3347915068734437 7.1042266053846106 2.7223376062465832
leaf_count=9554 147 679 16 47 122 74 15 32 96 56 44 37 93 49
internal_value=1.40222e-11 0.00767299 -0.000951422 -0.00463018 -0.0293661 -0.0478999 0.020688 0.00355878 0.0305874 0.0464954 0.00952984 -0.0243919 0.017515 -0.0128159
internal_weight=706.209 77.9072 628.302 40.0488 8.55104 6.52203 37.8583 13.8658 23.9925 13.6674 10.3251 4.09654 11.3496 4.24538
internal_count=11061 1491 9570 922 243 121 569 189 380 203 177 81 174 81
is_linear=0
shrinkage=0.05


Tree=84
num_leaves=15
num_cat=0
split_feature=13 20 25 28 36 18 18 24 36 20 27 21 23 42
split_gain=1.78057 2.08571 1.82018 3.41853 3.61724 3.14111 5.0473 4.98017 5.32698 3.76887 3.92443 4.46166 4.85054 2.86584
threshold=3.0201274156570439 0.58571431040763866 0.18333333730697635 -1.0000000180025095e-35 1.0000000180025095e-35 0.082291666418313994 0.11666667088866235 0.89444443583488475 1.0000000180025095e-35 0.58571431040763866 1.213249742984772 0.30952382087707525 0.30952382087707525 1.0000000180025095e-35
decision_type=2 2 2 2 2 2 2 2 2 2 2 2 2 2
left_child=2 -2 3 4 -1 7 -7 8 -4 10 11 -8 -13 -9
right_child=1 -3 5 -5 -6 6 9 13 -10 -11 -12 12 -14 -15
leaf_value=-0.046061787712171835 -0.022362841746087721 0.050564104536402948 -0.045772658602817547 0.0018164094852539244 0.0052197373942446529 0.038809789137619503 0.017723112403963442 -0.010295938880793559 0.049722707328455761 0.013076481996576423 0.0026783446482548006 -0.068686636050359712 -0.016123796592155116 0.020475375056700992
leaf_weight=7.740579386794705 1.3616251647181332 3.5021103285253048 15.056890132123954 526.34058571432251 6.1874436885118484 8.2487762033706513 4.7608071323484209 47.951522081857547 1.6171986632980413 25.960592506919056 26.653016407217365 7.1813959446735707 11.287934896070508 8.9842880730575398
leaf_count=662 147 36 801 6707 87 205 139 230 59 320 1144 104 165 255
internal_value=1.26495e-11 0.0301479 -0.000210082 0.00116942 -0.0232803 -0.00493609 0.001666 -0.0124784 -0.0365107 -0.00237376 -0.0104145 -0.0254365 -0.0365617 -0.00544032
internal_weight=702.835 4.86374 697.971 540.269 13.928 157.702 84.0925 73.6099 16.6741 75.8437 49.8832 23.2301 18.4693 56.9358
internal_count=11061 183 10878 7456 749 3422 2077 1345 860 1872 1552 408 269 485
is_linear=0
shrinkage=0.05


Tree=85
num_leaves=15
num_cat=0
split_feature=15 4 4 4 28 25 21 27 19 13 18 18 35 4
split_gain=2.12328 2.51053 2.26284 3.48038 1.85352 3.20673 3.32966 2.81703 2.68782 2.64779 2.63472 3.04717 2.37161 3.4092
threshold=0.6904762089252473 0.23611111193895343 0.73214286565780651 0.84523808956146251 1.3666666746139529 0.26785714924335485 0.77500000596046459 1.7560210227966311 0.77500000596046459 1.2424533367156985 0.71944448351860057 0.61666667461395275 1.0000000180025095e-35 0.37980769574642187
decision_type=2 2 2 2 2 2 2 2 2 2 2 2 2 2
left_child=4 -2 -3 -4 8 7 -7 12 10 -8 11 -1 -6 -14
right_child=1 2 3 -5 5 6 9 -9 -10 -11 -12 -13 13 -15
leaf_value=-0.00047375431065468568 -0.0088627835917449872 0.023369452478063435 -0.073690113987056091 0.016795650704851003 0.024322041243937782 -0.02149043129655492 -0.16953866252845906 -0.022245866798130773 0.028304841077854581 -0.050245629483383847 0.044103701232992829 -0.05159447747501264 0.013229121532329481 -0.085401981610279204
leaf_weight=612.53166255113319 12.061475808033718 27.509140702604782 1.6130327559076238 3.1146913864649832 10.140715177054519 6.4123630719259364 0.75254894047975529 10.901035708462585 8.2185558318160457 1.2179927566030526 3.2963703053537747 2.9289637136971569 2.4598304866813119 1.3608010824536902
leaf_count=8201 127 384 19 62 392 537 13 729 353 75 47 45 55 22
internal_value=-3.18729e-11 0.0105969 0.0178777 -0.0140768 -0.000711011 -0.012216 -0.038959 -0.00319896 -0.000100962 -0.0958036 -0.000478258 -0.000717037 0.0116729 -0.0219005
internal_weight=704.519 44.2983 32.2369 4.72772 660.221 33.2453 8.3829 24.8624 626.976 1.97054 618.757 615.461 13.9613 3.82063
internal_count=11061 592 465 81 10469 1823 625 1198 8646 88 8293 8246 469 77
is_linear=0
shrinkage=0.05


Tree=86
num_leaves=15
num_cat=0
split_feature=25 28 36 18 41 18 24 9 29 13 18 4 23 42
split_gain=1.56298 2.78696 3.31987 2.97373 4.54634 3.45263 3.11239 4.06109 3.70454 2.92442 2.46518 3.13954 2.36883 5.62568
threshold=0.18333333730697635 -1.0000000180025095e-35 1.0000000180025095e-35 0.3304761946201325 1.0000000180025095e-35 0.28333334624767309 0.44505494832992559 1.0000000180025095e-35 1.7005987167358401 1.4978661537170412 0.23904763162136081 0.23611111193895343 0.13392857462167743 2.5000000000000004
decision_type=2 2 2 2 2 2 2 2 2 2 2 2 2 2
left_child=1 2 -1 5 -5 6 8 9 -3 -8 11 -4 13 -2
right_child=12 3 10 4 -6 -7 7 -9 -10 -11 -12 -13 -14 -15
leaf_value=-0.042260940969328226 -0.004338387123844537 0.0010973765009807946 -0.011922128157152156 0.029896574555058023 -0.0051698163023080309 -0.045910255444309322 -0.033001098541365147 0.073746659432239917 -0.043534113311015733 0.040829791891616951 -0.031373012099976637 0.081375187219558207 -0.00026398755972929436 -0.044601333068192556
leaf_weight=7.8544640573381894 38.582486315834103 471.71620085227187 1.860274905106053 22.253306338272523 15.809975056676192 3.9206352726323521 2.6953478143550438 3.3742870725691319 4.6956261423765673 2.669693420175463 2.4894363775383681 1.7499442985281346 110.97038433223497 11.192419084152787
leaf_count=679 1718 5801 45 408 192 75 25 15 224 37 23 19 1210 590
internal_value=2.09363e-11 0.00128607 -0.0207691 0.0018699 0.0153314 0.000822229 0.00119989 0.0307685 0.000657478 0.00373783 0.00690572 0.0333009 -0.00432907 -0.0133919
internal_weight=701.834 541.089 13.9541 527.135 38.0633 489.072 485.151 8.73933 476.412 5.36504 6.09966 3.61022 160.745 49.7749
internal_count=11061 7543 766 6777 600 6177 6102 77 6025 62 87 64 3518 2308
is_linear=0
shrinkage=0.05


Tree=87
num_leaves=15
num_cat=0
split_feature=2 18 29 36 13 35 5 28 23 7 15 28 24 23
split_gain=1.35745 4.09161 2.76662 4.97397 4.79695 2.41342 2.31776 4.12297 3.90302 5.44165 3.05075 3.84819 3.70468 5.85645
threshold=1.0000000180025095e-35 0.11666667088866235 1.2424533367156985 1.0000000180025095e-35 2.1383330821990971 1.0000000180025095e-35 1.0000000180025095e-35 -0.26785714924335474 0.63333335518836986 1.0000000180025095e-35 0.18333333730697635 0.84523808956146251 0.22500000149011615 0.22500000149011615
decision_type=2 2 2 2 2 2 2 2 2 2 2 2 2 2
left_child=2 -2 -1 6 -5 -3 -4 -8 9 -9 12 -12 -11 -14
right_child=1 5 3 4 -6 -7 7 8 -10 10 11 -13 13 -15
leaf_value=0.00067161341057697904 0.058507720274301359 0.0064673204949576152 -0.022167775579605975 0.044015321239904696 -0.068045387400937518 -0.046425641417758998 0.059049145960785747 0.017714180867827181 0.035849793851078247 -0.051174501666613872 -0.062724616508728195 -0.0077783749817369619 -0.033086250753511813 0.045268071883635977
leaf_weight=562.76808057165181 3.7019695846829554 44.327281910547754 35.60683512048854 6.9306907828431559 1.1076073243748394 2.2669295723317182 2.3777171983383587 9.892264410533242 4.3978098570369175 3.6827936337504097 8.556786894798277 5.0773558226937885 4.5646717149356828 4.9937076447531581
leaf_count=7159 126 1225 1589 79 76 37 20 221 40 121 103 108 114 43
internal_value=2.88928e-11 0.0079137 -0.000612393 -0.00890018 0.0285743 0.00389394 -0.012706 -0.00496878 -0.00866646 -0.0139911 -0.0256612 -0.0422626 -0.00856703 0.00784941
internal_weight=700.253 50.2962 649.956 87.1882 8.0383 46.5942 79.1499 43.5431 41.1654 36.7676 26.8753 13.6341 13.2412 9.55838
internal_count=11061 1388 9673 2514 155 1262 2359 770 750 710 489 211 278 157
is_linear=0
shrinkage=0.05


Tree=88
num_leaves=15
num_cat=0
split_feature=13 27 29 34 27 28 27 8 42 15 4 18 41 25
split_gain=1.41972 1.89661 2.886 2.37186 2.68988 1.96598 2.42681 3.12405 3.88646 2.64724 1.71208 6.82748 3.83031 5.00644
threshold=3.0201274156570439 2.2259460687637334 1.2424533367156985 1.0000000180025095e-35 2.6382048130035405 0.84523808956146251 2.4826980829238896 1.0000000180025095e-35 2.5000000000000004 0.89444443583488475 0.29285715520381933 0.11666667088866235 1.0000000180025095e-35 0.18333333730697635
decision_type=2 2 2 2 2 2 2 2 2 2 2 2 2 2
left_child=1 10 3 5 -5 -3 -7 9 -9 -8 -1 -12 13 -13
right_child=-2 2 -4 4 -6 6 7 8 -10 -11 11 12 -14 -15
leaf_value=-0.00090571179377821039 0.027751436257388313 -0.037851214221714655 -0.046673635440596759 -0.013915247267771564 0.068261516276587567 -0.026019291929710139 -0.072410297838663679 0.073503565553151615 -0.045611383498429914 0.060501696208874647 0.055787782605562899 0.024349481154829281 -0.0086087092441303314 -0.0014330887600661362
leaf_weight=541.02527778389049 4.578481478674802 5.4911760352552035 5.230102644825819 1.8848334447247901 2.111219676444307 5.1493867537355964 1.2685292832320554 3.0167834053281699 0.8858891934796701 0.53163899295032013 6.4156663709436534 33.115563288505655 45.57735182356555 43.642212311518961
leaf_count=6932 183 223 727 51 21 167 72 44 62 5 124 667 787 996
internal_value=6.70542e-11 -0.000182728 -0.0135475 -0.00502942 0.0295009 -0.0134723 -0.00113665 0.0213312 0.046465 -0.0331577 0.000327489 0.00550954 0.00287278 0.00969027
internal_weight=699.924 695.346 25.5696 20.3395 3.99605 16.3434 10.8522 5.70284 3.90267 1.80017 669.776 128.751 122.335 76.7578
internal_count=11061 10878 1372 645 72 573 350 183 106 77 9506 2574 2450 1663
is_linear=0
shrinkage=0.05


Tree=89
num_leaves=15
num_cat=0
split_feature=19 41 25 30 39 18 13 9 15 26 14 18 18 24
split_gain=1.45669 7.05832 3.37796 4.04478 3.39984 3.18118 2.97767 3.1111 2.79314 3.2296 2.49402 2.40816 3.4556 2.86257
threshold=0.41428571939468389 1.0000000180025095e-35 0.44505494832992559 1.7005987167358401 1.0000000180025095e-35 0.098015878349542632 1.7005987167358401 1.0000000180025095e-35 0.6904762089252473 0.41666667163372045 1.5000000000000002 0.29083333909511572 0.3304761946201325 0.4083333313465119
decision_type=2 2 2 2 2 2 2 2 2 2 2 2 2 2
left_child=-1 2 3 11 -5 -6 7 10 9 -3 -4 13 -13 -2
right_child=1 8 6 4 5 -7 -8 -9 -10 -11 -12 12 -14 -15
leaf_value=-0.00076487259795550303 0.035757730632723382 -0.044187972815981219 -0.02273975847999633 0.073839528065476737 0.031993318273927387 -0.067457731435734913 0.04222769848153652 0.019917410771962189 0.025847454119193859 -0.0052658069150571503 -0.10241559584420289 -0.04540207857352653 0.027290230664428362 0.094877098882361566
leaf_weight=628.36782614018011 18.180293417273795 8.7655019374797174 2.8748018676415068 0.83615168899996106 1.1511329021304848 2.6672326109837741 2.2116805429686792 2.507489544339478 3.7993341749534002 13.596629817504434 1.4918649314786305 2.0473283330793484 8.1154020529502287 2.3074317272985345
leaf_count=9453 564 147 49 25 39 51 73 51 71 199 42 35 254 8
internal_value=-2.97651e-11 0.00681227 0.0189531 0.0259502 -0.0174789 -0.037476 -0.00823542 -0.0244713 -0.0137884 -0.0205225 -0.0499609 0.0325452 0.012646 0.0424161
internal_weight=698.92 70.5523 44.3908 35.305 4.65452 3.81837 9.08584 6.87416 26.1615 22.3621 4.36667 30.6505 10.1627 20.4877
internal_count=11061 1608 1191 976 115 90 215 142 417 346 91 861 289 572
is_linear=0
shrinkage=0.05


Tree=90
num_leaves=15
num_cat=0
split_feature=19 41 25 13 30 9 27 17 15 28 14 39 18 18
split_gain=1.5301 6.07166 3.17866 3.43867 3.37146 2.97708 2.54066 2.42644 2.4062 2.72558 2.39497 2.32819 2.50428 1.94878
threshold=0.41428571939468389 1.0000000180025095e-35 0.44505494832992559 1.7005987167358401 1.7005987167358401 1.0000000180025095e-35 1.8530659079551699 0.22500000149011615 0.6904762089252473 1.9166666865348818 1.5000000000000002 1.0000000180025095e-35 0.098015878349542632 0.3304761946201325
decision_type=2 2 2 2 2 2 2 2 2 2 2 2 2 2
left_child=-1 2 4 5 6 10 -2 -5 9 -3 -4 -6 -13 -10
right_child=1 8 3 7 11 -7 -8 -9 13 -11 -12 12 -14 -15
leaf_value=-0.00078231509161567632 0.027838329492374265 -0.012811374721948722 -0.022312811542258851 -0.013046795175129631 0.062436228804618736 0.01925370481334578 0.093024694167787303 0.087495867386550977 -0.025195032191285473 -0.073502872276036274 -0.098103345740065823 0.028293604098975675 -0.061551296430130312 0.051075270067150173
leaf_weight=628.09838312878856 28.722074635181347 20.29127614246682 2.9598686448298377 1.0623451297433351 0.77987764973658968 2.4563598153181374 1.576824047951958 1.3790633891039759 1.2711154427379363 2.0354392400477073 1.6089496899803633 1.1383732807589697 2.4337827383424155 2.4551927587017417
leaf_count=9453 849 289 49 54 25 51 12 19 22 57 42 39 51 49
internal_value=4.22572e-11 0.00700252 0.0183049 -0.00737226 0.0253199 -0.0251371 0.0312308 0.0437461 -0.0121366 -0.0183444 -0.0490031 -0.015832 -0.0329196 0.025058
internal_weight=698.269 70.1705 44.1175 9.46659 34.6509 7.02518 30.2989 2.44141 26.053 22.3267 4.56882 4.35203 3.57216 3.72631
internal_count=11061 1608 1191 215 976 142 861 73 417 346 91 115 90 71
is_linear=0
shrinkage=0.05


Tree=91
num_leaves=15
num_cat=0
split_feature=25 23 42 18 18 18 28 12 21 2 15 5 27 27
split_gain=1.39472 3.06446 5.71695 3.50401 4.59069 4.39385 3.27079 3.49874 3.66401 4.37923 3.61259 3.60407 3.47204 3.23918
threshold=0.18333333730697635 0.13392857462167743 2.5000000000000004 0.082291666418313994 0.029910714365541938 0.096230160444974913 1.2250000238418581 1.0000000180025095e-35 0.77500000596046459 1.0000000180025095e-35 0.22500000149011615 1.0000000180025095e-35 1.1728994250297549 1.4742324352264407
decision_type=2 2 2 2 2 2 2 2 2 2 2 2 2 2
left_child=-1 2 -2 4 -3 -5 7 -7 9 10 11 -9 -10 -4
right_child=1 3 13 5 -6 6 -8 8 12 -11 -12 -13 -14 -15
leaf_value=0.0012216620961307998 -0.0049943199058339049 -0.004373262041319618 -0.061723716597747093 0.066807886292770277 -0.067973520909514876 -0.035770119887946872 0.069524421162645997 -0.050988080259521576 0.012506457242732423 0.020385324653532082 -0.053566915254141895 0.047722412444042239 0.062678317452511331 -0.0038985660805525069
leaf_weight=536.64969333721092 38.218531407765113 57.518746368412394 8.3198443563596793 3.2296424945816389 2.9844819246209218 4.9859409269411108 1.9704666025936592 1.5443068528547903 17.445173589978371 7.6018828479573122 6.1914256000891328 2.3047932386398315 4.2978249564766875 3.4162601520074523
leaf_count=7543 1718 375 140 45 55 202 36 24 195 129 74 31 44 450
internal_value=1.5532e-11 -0.00409678 -0.0143676 0.000564355 -0.00751051 0.0104199 0.00649016 0.0036909 0.00868642 -0.00824375 -0.0299194 0.00811853 0.0224237 -0.0448914
internal_weight=696.679 160.029 49.9546 110.075 60.5032 49.5715 46.3418 44.3713 39.3854 17.6424 10.0405 3.8491 21.743 11.7361
internal_count=11061 3518 2308 1210 430 780 735 699 497 258 129 55 239 590
is_linear=0
shrinkage=0.05


Tree=92
num_leaves=15
num_cat=0
split_feature=25 14 27 21 5 20 9 28 27 15 27 15 28 29
split_gain=1.59497 3.59833 4.64929 5.23485 4.24152 3.91095 10.1577 3.70505 4.99302 3.53918 3.15579 3.14309 4.84394 3.06013
threshold=0.18333333730697635 1.5000000000000002 1.3367404937744143 0.30952382087707525 1.0000000180025095e-35 0.18333333730697635 1.0000000180025095e-35 0.22500000149011615 1.3503527641296389 0.13392857462167743 2.0590610504150395 0.13392857462167743 0.15476191043853763 1.2424533367156985
decision_type=2 2 2 2 2 2 2 2 2 2 2 2 2 2
left_child=-1 4 3 -3 7 13 -7 -2 -9 -4 -11 -8 -13 -6
right_child=1 2 9 -5 5 6 11 8 -10 10 -12 12 -14 -15
leaf_value=0.0013059694093342353 -0.0032216314599823599 0.023503660705532961 -0.039935385220887458 -0.058977537309570331 0.016341555711764735 -0.079479564708447747 0.040567882597760646 -0.11825596032157792 -0.019533594287426709 0.034412277933894689 -0.060900317084659254 -0.084741446399905773 0.013546310528694963 0.07295067960790215
leaf_weight=537.37180925594294 97.886941785196541 2.374978213338184 3.4895474878285295 10.123633656126911 5.3896490689367074 3.1692054565064636 8.1334283663891274 1.5623669175547528 7.1061206279846374 6.2997010774852242 1.0073204737564081 1.4841544316150237 8.0675326049095002 4.2855474799871445
leaf_count=7543 1337 51 465 123 122 35 93 89 570 280 140 28 129 56
internal_value=1.12211e-10 -0.0043758 -0.0225438 -0.0433045 -0.00128847 0.0151425 0.0029531 -0.00599616 -0.0373268 0.00148978 0.0212728 0.0177252 -0.00172578 0.0414161
internal_weight=697.752 160.38 23.2952 12.4986 137.085 30.5295 20.8543 106.555 8.66849 10.7966 7.30702 17.6851 9.55169 9.6752
internal_count=11061 3518 1059 174 2459 463 285 1996 659 885 420 250 157 178
is_linear=0
shrinkage=0.05


Tree=93
num_leaves=15
num_cat=0
split_feature=25 23 42 18 42 21 4 20 16 19 41 26 19 13
split_gain=1.56095 3.39496 5.73385 4.77366 3.5787 3.51556 2.98163 3.97201 4.4099 3.0103 3.41795 2.84327 3.59523 2.68639
threshold=0.18333333730697635 0.13392857462167743 1.5000000000000002 0.18257576227188113 1.5000000000000002 0.35416667163372045 0.84523808956146251 0.58571431040763866 0.18333333730697635 0.30952382087707525 1.0000000180025095e-35 0.15476191043853763 0.46428571641445165 2.0126758217811589
decision_type=2 2 2 2 2 2 2 2 2 2 2 2 2 2
left_child=-1 2 3 -2 -3 -4 7 8 9 -6 -11 -7 -13 -5
right_child=1 4 5 13 6 11 -8 -9 -10 10 -12 12 -14 -15
leaf_value=0.0012901755574736696 -0.01832056587934144 -0.0032770996785998065 -0.012028210415676747 0.0030474095549996171 -0.082847361697965319 -0.0037552546226791543 0.0619406828862245 0.04187493351367761 0.063884982628097317 0.02657059321230118 -0.069162235078401801 -0.096785542971554339 -0.036729032382963815 0.050934978595641604
leaf_weight=537.76522428338649 14.717605850572001 93.279814687557518 10.593538685614476 6.5979381703073141 1.9742965743644179 2.5403885599371288 3.6200932827778152 5.7970122713595629 1.4886387786827979 2.6131745632737875 1.449545696377754 4.4181627444922906 5.71602728869766 5.2660624103154987
leaf_count=7543 751 957 797 192 44 303 48 59 38 45 19 44 59 162
internal_value=1.09238e-11 -0.00433436 -0.015162 0.000703439 0.000562584 -0.0332867 0.0217023 0.0107685 -0.0131927 -0.0321989 -0.0075861 -0.0510548 -0.0629116 0.0243032
internal_weight=697.838 160.072 49.8497 26.5816 110.223 23.2681 16.9428 13.3227 7.52566 6.03702 4.06272 12.6746 10.1342 11.864
internal_count=11061 3518 2308 1105 1210 1203 253 205 146 108 64 406 103 354
is_linear=0
shrinkage=0.05


Tree=94
num_leaves=15
num_cat=0
split_feature=30 27 34 9 18 13 27 13 27 13 42 29 28 15
split_gain=1.47553 4.06255 3.94597 1.90377 1.75661 1.68339 3.20314 1.53485 1.91193 1.33055 1.28074 1.25106 1.22593 7.9048
threshold=2.6020033359527592 2.2259460687637334 1.0000000180025095e-35 1.0000000180025095e-35 0.17416666448116305 2.6735538244247441 1.5216117501258852 3.0201274156570439 3.0874320268630986 2.7403194904327397 1.5000000000000002 1.2424533367156985 0.81666666269302379 0.13392857462167743
decision_type=2 2 2 2 2 2 2 2 2 2 2 2 2 2
left_child=1 5 4 11 7 12 -7 9 -9 10 -2 -3 -1 -14
right_child=2 3 -4 -5 -6 6 -8 8 -10 -11 -12 -13 13 -15
leaf_value=-0.00072223031238145222 -0.042080218808492428 -0.010516995950452785 0.06596927403816652 -0.066768660762565116 0.041230642005994265 -0.061101806943525065 0.050574512997008526 0.050759764637301856 -0.059365283307265405 -0.065190390519996963 0.047244226445280993 -0.045657502716896128 -0.0097475747873576289 0.019263585145801482
leaf_weight=575.14383587907651 0.91735501307993972 12.61386605750886 3.0981749016209505 2.2464363303733981 1.801891036389861 0.7784123714081933 3.6663048395421356 1.3980199655052272 0.54886547269416031 1.8205831362283786 0.71333995985332876 3.1691599729820146 44.871479433160857 49.253112374790362
leaf_count=6577 22 437 40 112 49 9 104 55 36 165 27 585 1705 1138
internal_value=1.26185e-10 -0.000279687 0.0187868 -0.0237027 -0.0015157 0.000347145 0.0310164 -0.0157843 0.0197133 -0.0358087 -0.00300565 -0.0175731 0.000143466 0.00543326
internal_weight=702.041 691.743 10.2982 18.0295 7.20005 673.713 4.44472 5.39816 1.94689 3.45128 1.63069 15.783 669.268 94.1246
internal_count=11061 10667 394 1134 354 9533 113 305 91 214 49 1022 9420 2843
is_linear=0
shrinkage=0.05


Tree=95
num_leaves=15
num_cat=0
split_feature=28 25 23 42 42 4 20 16 21 18 28 15 18 26
split_gain=1.77488 1.54285 4.39245 6.08144 3.86299 4.61883 4.43026 4.30329 3.77206 3.65068 3.25284 2.99161 4.06091 2.71945
threshold=-2.7083333730697627 0.18333333730697635 0.13392857462167743 1.5000000000000002 1.5000000000000002 0.84523808956146251 0.58571431040763866 0.18333333730697635 0.35416667163372045 0.18257576227188113 0.84523808956146251 0.4083333313465119 0.38333334028720861 0.15476191043853763
decision_type=2 2 2 2 2 2 2 2 2 2 2 2 2 2
left_child=-1 -2 3 9 -4 6 7 10 -5 -3 -6 12 -11 -10
right_child=1 2 4 8 5 -7 -8 -9 13 11 -12 -13 -14 -15
leaf_value=-0.065069945999684256 0.0013857745937250075 -0.016747895964669152 -0.002705065071632505 -0.012007343473567744 -0.061774987735686772 0.06763153462041202 0.041594861871238363 0.063057346095420033 -0.0047149327252468442 0.060501280457230758 0.012886797788583546 -0.0083818252188064112 -0.04162248240249472 -0.062357879128558474
leaf_weight=1.0463993937592011 536.96871692984132 14.13501405704301 93.551771274243947 10.539355114218779 3.9585841770749557 4.3329040473327032 5.7003019442781806 1.3873422527685759 2.504568201911753 5.5739324168243893 2.3102014039177448 4.9911717577488162 1.1794161155703475 11.177980432286857
leaf_count=54 7509 739 957 792 65 48 59 38 303 154 43 141 56 103
internal_value=6.32331e-11 9.75055e-05 -0.00419002 -0.016483 0.00134656 0.0227739 0.00822188 -0.0166257 -0.0344892 0.000369904 -0.0342603 0.0209719 0.0426662 -0.0518064
internal_weight=699.358 698.311 161.343 50.1014 111.241 17.6893 13.3564 7.65613 24.2219 25.8795 6.26879 11.7445 6.75335 13.6825
internal_count=11061 11007 3498 2288 1210 253 205 146 1198 1090 108 351 210 406
is_linear=0
shrinkage=0.05


Tree=96
num_leaves=15
num_cat=0
split_feature=28 28 25 23 42 42 21 26 18 13 1 18 19 15
split_gain=2.57144 1.73009 1.75044 5.16162 5.5575 4.27898 4.02567 4.02902 3.54577 2.95166 4.31083 4.0499 2.57818 2.41493
threshold=-2.7083333730697627 -2.4500000476837154 0.18333333730697635 0.13392857462167743 1.5000000000000002 1.5000000000000002 0.53571429848670971 0.18333333730697635 0.19444445520639422 1.7005987167358401 1.0000000180025095e-35 0.2225056737661362 0.46428571641445165 0.38750000298023229
decision_type=2 2 2 2 2 2 2 2 2 2 2 2 2 2
left_child=-1 -2 -3 4 8 13 -6 -8 -4 10 -7 -11 -9 -5
right_child=1 2 3 5 6 9 7 12 -10 11 -12 -13 -14 -15
leaf_value=-0.070263217951890874 0.050044475436579597 0.0013743475376942229 -0.016982962681971008 -0.0058212428379852132 -0.01409140469302643 0.034404112753371338 0.0053617496640378775 -0.093690673348445525 0.021783360534011868 -0.015490024947305316 -0.032148603670977625 0.075157489427875757 -0.044060906848827117 0.017827147844271068
leaf_weight=1.2997312226798374 1.7317677739192721 537.53426504149684 14.245526826212883 81.788122441910673 12.389795608381974 6.1654199999757129 2.3359466544498 4.9086905294097942 10.066706942452582 1.6674357681768004 4.0193866305053234 4.720324850641191 5.6044990308582783 12.437070781365035
leaf_count=54 39 7484 742 760 883 87 230 38 334 52 60 54 47 197
internal_value=3.71513e-11 0.000130534 6.67435e-06 -0.00457815 -0.0179925 0.00142102 -0.0344271 -0.0540358 -0.000931405 0.0248505 0.00813939 0.0514952 -0.0672334 -0.00269982
internal_weight=700.915 699.615 697.883 160.349 49.5512 110.798 25.2389 12.8491 24.3122 16.5726 10.1848 6.38776 10.5132 94.2252
internal_count=11061 11007 10968 3484 2274 1210 1198 315 1076 253 147 106 85 957
is_linear=0
shrinkage=0.05


Tree=97
num_leaves=15
num_cat=0
split_feature=25 23 42 42 27 19 28 21 15 13 41 27 4 20
split_gain=1.50804 4.59028 6.58954 4.16827 3.34923 6.58179 3.26078 3.77397 3.95252 3.05775 3.40381 2.94052 2.85271 3.48762
threshold=0.18333333730697635 0.13392857462167743 2.5000000000000004 1.5000000000000002 1.417090177536011 0.46428571641445165 -1.0000000180025095e-35 0.6904762089252473 0.15476191043853763 1.2424533367156985 1.0000000180025095e-35 1.7560210227966311 0.84523808956146251 0.58571431040763866
decision_type=2 2 2 2 2 2 2 2 2 2 2 2 2 2
left_child=6 2 9 -3 5 -4 7 8 -1 10 -2 -6 13 -5
right_child=1 3 4 12 11 -7 -8 -9 -10 -11 -12 -13 -14 -15
leaf_value=-0.043717450545694758 -0.052326121561982956 -0.0025108293841849326 -0.10189843851090026 -0.01037589178797356 0.045391260063542362 -0.023960352785974116 0.0018963540890198291 -0.054862078498719782 0.027289616174685671 0.0023848169586069001 0.018305974242422637 -0.044645808797817148 0.062803213103279465 0.042582285031180264
leaf_weight=3.2777434084273391 5.931823907652868 94.998379642318469 4.8965039248869271 6.9420345518738049 1.6697230651770945 6.0630493768840097 526.98166400243645 5.4995060577057293 4.8740152874961495 28.817526757280575 2.3941272557713091 1.9847069104580439 3.7949154758825889 5.6303141787648201
leaf_count=360 107 957 56 146 112 66 6777 321 85 1539 72 356 48 59
internal_value=4.2026e-11 -0.00421366 -0.0165169 0.00150432 -0.0449595 -0.0587815 0.00127137 -0.0228549 -0.00126164 -0.00532632 -0.0320159 -0.00350753 0.024809 0.0133405
internal_weight=703.756 163.123 51.7575 111.366 14.614 10.9596 540.633 13.6513 8.15176 37.1435 8.32595 3.65443 16.3673 12.5723
internal_count=11061 3518 2308 1210 590 122 7543 766 445 1718 179 468 253 205
is_linear=0
shrinkage=0.05


Tree=98
num_leaves=15
num_cat=0
split_feature=18 17 42 27 4 21 17 2 23 21 10 15 28 27
split_gain=1.46789 2.16043 5.60416 3.51275 3.17515 3.56607 3.28175 2.87721 2.75944 3.12866 3.59221 3.4646 2.39234 2.3506
threshold=0.88194444775581371 0.26785714924335485 2.5000000000000004 1.2360399365425112 0.57738095521926891 0.6904762089252473 0.4083333313465119 1.0000000180025095e-35 0.13392857462167743 0.35416667163372045 1.0000000180025095e-35 0.15476191043853763 1.5357142686843874 1.5635566115379336
decision_type=2 2 2 2 2 2 2 2 2 2 2 2 2 2
left_child=1 7 4 -4 13 6 -6 -1 9 11 -11 -9 -13 -3
right_child=-2 2 3 -5 5 -7 -8 8 -10 10 -12 12 -14 -15
leaf_value=-0.00022140868552838046 0.031745752223388012 0.036661743799102635 -0.081625029488619813 -0.0048452758897800227 -0.050153423810196322 -0.068281830547847214 0.034364155335906615 -0.02705442782744882 0.033328233043001934 0.027164982500829011 -0.068897076568926935 0.08690364025528835 0.002908494586835661 -0.0071393017165965024
leaf_weight=652.52285254187882 3.6226450745016328 6.1447118913056382 4.2076100874692193 2.3061712698836345 1.9009261780884106 3.041014414455276 2.9019050262286328 2.1918510233517754 12.71851956413593 1.5178307752357794 2.7121328489010921 2.1010313007864174 1.4211172846844418 6.1074972844799049
leaf_count=9648 72 165 28 137 83 55 75 128 234 49 91 73 95 128
internal_value=8.26719e-11 -0.000163871 -0.014138 -0.0544415 -0.00107433 -0.0259136 0.000912703 0.000386867 0.017901 -0.00183075 -0.0344273 0.0222998 0.0530133 0.0148277
internal_weight=705.418 701.795 26.6098 6.51378 20.0961 7.84385 4.80283 675.185 22.6625 9.94396 4.22996 5.714 3.52215 12.2522
internal_count=11061 10989 671 165 506 213 158 10318 670 436 140 296 168 293
is_linear=0
shrinkage=0.05


Tree=99
num_leaves=15
num_cat=0
split_feature=25 23 42 42 4 21 24 18 15 20 16 18 18 28
split_gain=1.4279 4.71887 5.69977 4.9562 4.36516 3.82599 3.72289 2.93255 3.29741 2.80281 3.28152 2.73567 2.51193 2.53745
threshold=0.18333333730697635 0.13392857462167743 1.5000000000000002 1.5000000000000002 0.84523808956146251 0.53571429848670971 0.89444443583488475 0.16339285671710971 0.4083333313465119 0.58571431040763866 0.18333333730697635 0.38333334028720861 0.1718254089355469 0.84523808956146251
decision_type=2 2 2 2 2 2 2 2 2 2 2 2 2 2
left_child=-1 2 7 -3 9 -4 -7 -2 11 10 12 -9 -5 -14
right_child=1 3 5 4 -6 6 -8 8 -10 -11 -12 -13 13 -15
leaf_value=0.0012402086462121676 -0.016689933936321597 -0.0027456647270377734 -0.012629620486375701 0.016196601424166783 0.068634751128734919 -0.060149213902731737 0.022641345707085887 0.051629217018226425 -0.012673802295736636 0.038693483426934405 0.061914245235682723 -0.035458939455836884 -0.082693663102964846 0.0078919843659016799
leaf_weight=539.58775664522545 12.739467941137265 95.306876256072428 12.188143703926471 2.1552168882335554 4.5360371861606827 12.333546747191575 1.5258622415276484 6.2609934218053223 5.3112660571350716 5.2637180839665234 1.2998212701641021 1.0534759440342893 2.3191775835584854 1.1596154831349847
leaf_count=7543 697 957 888 50 48 276 39 197 155 59 38 56 37 21
internal_value=1.44637e-10 -0.00409415 -0.0166355 0.00166079 0.0267579 -0.033064 -0.0510343 0.000234977 0.0173123 0.0111848 -0.0096981 0.0390862 -0.0262198 -0.052498
internal_weight=703.041 163.453 51.4128 112.04 16.7336 26.0476 13.8594 25.3652 12.6257 12.1975 6.93383 7.31447 5.63401 3.47879
internal_count=11061 3518 2308 1210 253 1203 315 1105 408 205 146 253 108 58
is_linear=0
shrinkage=0.05


Tree=100
num_leaves=15
num_cat=0
split_feature=25 23 42 21 42 15 28 26 19 28 4 39 18 42
split_gain=1.69674 4.3282 5.42374 3.62144 3.52649 4.27281 3.78878 3.48065 3.42557 3.82572 2.94426 3.68168 2.7387 2.83385
threshold=0.18333333730697635 0.13392857462167743 1.5000000000000002 0.53571429848670971 1.5000000000000002 0.18333333730697635 0.22500000149011615 0.18333333730697635 0.46428571641445165 1.4142857193946841 0.84523808956146251 1.0000000180025095e-35 0.18257576227188113 1.0000000180025095e-35
decision_type=2 2 2 2 2 2 2 2 2 2 2 2 2 2
left_child=-1 2 12 -4 -3 10 -7 -5 -9 -10 11 -6 -2 -14
right_child=1 4 3 7 5 6 -8 8 9 -11 -12 -13 13 -15
leaf_value=0.0013513829508681717 -0.014857997760349285 -0.002557228250101763 -0.012211096131860581 0.0077021753491387296 -0.040844896589926377 -0.083088526789220962 0.011111414734252664 -0.087407360994755254 0.00019415054682721573 -0.079113513080424858 0.08070499906422382 0.046282809068163372 0.052883104301140349 0.00037664549544305333
leaf_weight=540.0593651207455 13.733642967912603 95.935136050742585 12.211547033759416 2.2567610144324144 1.6513013059739003 1.3602817364735518 4.9580780137330294 5.8485019095242006 3.5208444036543369 2.6766571700572968 3.4549931837245822 4.5625463232863694 3.897348463884553 7.5438863575691357
leaf_count=7543 751 957 888 230 30 26 95 38 31 16 26 76 55 299
internal_value=4.31178e-12 -0.00446073 -0.0164275 -0.0322095 0.00106587 0.0228072 -0.00916892 -0.0492839 -0.05996 -0.0340583 0.0437028 0.023129 0.000194274 0.0182625
internal_weight=703.671 163.612 51.6892 26.5143 111.922 15.9872 6.31836 14.3028 12.046 6.1975 9.66884 6.21385 25.1749 11.4412
internal_count=11061 3518 2308 1203 1210 253 121 315 85 47 132 106 1105 354
is_linear=0
shrinkage=0.05


Tree=101
num_leaves=15
num_cat=0
split_feature=30 20 27 34 13 4 26 9 15 27 29 19 23 21
split_gain=1.4699 3.85484 3.64764 2.63789 2.01612 2.06736 2.15217 1.82525 1.62022 1.53695 1.24517 1.22754 1.22003 4.48959
threshold=2.6020033359527592 0.73214286565780651 2.2259460687637334 1.0000000180025095e-35 2.6735538244247441 0.23611111193895343 0.29166667163372045 1.0000000180025095e-35 0.44505494832992559 1.9020126461982729 1.2424533367156985 0.77500000596046459 0.41428571939468389 0.58571431040763866
decision_type=2 2 2 2 2 2 2 2 2 2 2 2 2 2
left_child=2 8 4 -3 12 6 -6 10 11 -7 -4 -2 13 -1
right_child=1 3 7 -5 5 9 -8 -9 -10 -11 -12 -13 -14 -15
leaf_value=0.00089409190101062501 -0.044575140090291496 0.01451025046569291 -0.0099566842832653074 0.08329743479281744 -0.064452657910756633 0.029771216556088803 0.045406692656170568 -0.066176471875712919 0.037546523162872422 0.11020892511116911 -0.046395481259449992 0.072057679938965627 0.0033165439768477844 -0.012195800816863906
leaf_weight=388.52747101151908 2.8574795845779577 3.018363512121141 12.496471908263631 2.5894111832603812 0.83579941315110662 1.3537667073542254 0.95539991650730371 2.1302180067868894 1.0099147704895584 1.0579340034746563 2.8858609309245358 0.24493428575806309 204.64165895211045 78.788667016720865
leaf_count=6360 321 35 437 10 38 37 10 112 24 28 585 4 1582 1478
internal_value=7.44091e-11 0.0193089 -0.000270566 0.046273 0.000312944 0.0348353 -0.00585526 -0.0227999 -0.0174608 0.0650566 -0.0167929 -0.035367 9.70172e-05 -0.00131284
internal_weight=703.393 9.7201 693.673 5.60777 676.161 4.2029 1.7912 17.5126 4.11233 2.4117 15.3823 3.10241 671.958 467.316
internal_count=11061 394 10667 45 9533 113 48 1134 349 65 1022 325 9420 7838
is_linear=0
shrinkage=0.05


Tree=102
num_leaves=15
num_cat=0
split_feature=13 20 25 23 29 42 18 42 20 5 21 26 14 19
split_gain=1.53914 1.70075 1.47734 3.71081 4.34678 4.15558 3.20066 3.13483 3.44854 4.692 3.08766 3.13664 2.80712 3.22466
threshold=3.0201274156570439 0.58571431040763866 0.18333333730697635 0.15476191043853763 1.8688347935676577 1.5000000000000002 0.16339285671710971 1.0000000180025095e-35 0.18333333730697635 1.0000000180025095e-35 0.53571429848670971 0.18333333730697635 1.5000000000000002 0.46428571641445165
decision_type=2 2 2 2 2 2 2 2 2 2 2 2 2 2
left_child=2 -2 -1 5 -5 6 -4 -8 9 -9 -7 -12 13 -13
right_child=1 -3 3 4 -6 10 7 8 -10 -11 11 12 -14 -15
leaf_value=0.0010771728415812384 -0.022174263076011905 0.049214422790407615 -0.019510501088985624 -0.00080254700134653944 0.064173262512939352 -0.01085542981896059 0.050664437009554676 -0.035699080524155324 -0.12406502851318545 0.043485627207169801 0.008422330755881155 -0.065570423882548759 -0.076490458596685601 0.014297268231867133
leaf_weight=536.3415273950377 1.1411264161288261 3.1028768834657967 11.645351326878883 107.60224459582241 2.6370586784905745 12.127242681861389 4.4388253886718276 3.462956336006755 0.53702957369387139 4.0687660123221576 2.2850336505798632 2.6407442064955813 6.8174722162075341 2.4237921722233295
leaf_count=7456 147 36 660 1132 57 853 70 249 8 78 230 22 41 22
internal_value=2.95003e-11 0.0300195 -0.00018278 -0.00438827 0.000751754 -0.0156204 -0.000647299 0.0169155 -0.00165058 0.00707786 -0.0293742 -0.0452266 -0.0555439 -0.0273472
internal_weight=701.272 4.244 697.028 160.687 110.239 50.4472 24.1529 12.5076 8.06875 7.53172 26.2943 14.167 11.882 5.06454
internal_count=11061 183 10878 3422 1189 2233 1065 405 335 327 1168 315 85 44
is_linear=0
shrinkage=0.05


Tree=103
num_leaves=15
num_cat=0
split_feature=25 14 29 21 5 28 27 20 9 15 28 28 29 1
split_gain=1.86636 5.23395 5.13363 5.931 3.14399 3.78529 4.04005 3.25869 5.91472 3.29161 4.65899 2.85106 2.73218 2.37308
threshold=0.18333333730697635 1.5000000000000002 1.8688347935676577 0.64583334326744091 1.0000000180025095e-35 0.22500000149011615 1.3503527641296389 0.18333333730697635 1.0000000180025095e-35 0.13392857462167743 0.15476191043853763 1.7321428656578066 1.2424533367156985 1.0000000180025095e-35
decision_type=2 2 2 2 2 2 2 2 2 2 2 2 2 2
left_child=-1 4 3 -3 5 -2 -7 12 -9 -10 -11 -5 -6 -13
right_child=1 2 -4 11 7 6 -8 8 9 10 -12 13 -14 -15
leaf_value=0.0014191077097188355 -0.0020011568812733482 -0.0094041369520813916 0.054212424700113705 -0.069754223159821827 0.01546917355877407 -0.097333724919487524 -0.017173801723703246 -0.057876778212819592 0.038304997723233362 -0.083660774999601922 0.010251315388178611 -0.058185690822556535 0.070596944858636587 0.063681540237269407
leaf_weight=540.11818523789407 99.343728628300596 13.698538204946095 1.8943255169870088 9.1625489853904565 5.4544266932643968 2.0786422116798331 6.4471339946321677 3.3894312279298928 7.8425143151544061 1.5868950495496372 7.8715166767942719 0.80055517237633356 3.8227488780394197 0.79731145306141116
leaf_count=7543 1337 774 90 123 122 89 570 35 93 28 129 50 56 22
internal_value=-5.32906e-11 -0.00466828 -0.0250846 -0.031226 -0.000764857 -0.00474505 -0.0367173 0.013562 0.0025215 0.0143541 -0.00550489 -0.0590064 0.0381851 0.00262423
internal_weight=704.309 164.19 26.3533 24.459 137.837 107.87 8.52578 29.9675 20.6904 17.3009 9.45841 10.7604 9.27718 1.59787
internal_count=11061 3518 1059 969 2459 1996 659 463 285 250 157 195 178 72
is_linear=0
shrinkage=0.05


Tree=104
num_leaves=15
num_cat=0
split_feature=28 25 27 19 28 28 6 9 1 29 42 20 30 13
split_gain=2.5346 6.04943 3.50315 6.02894 2.55496 3.38211 3.96259 3.42089 3.21348 3.79565 5.42599 2.7794 2.96364 3.26381
threshold=1.3095238208770754 0.26785714924335485 1.2360399365425112 0.63333335518836986 0.81666666269302379 0.73214286565780651 1.0000000180025095e-35 1.0000000180025095e-35 1.0000000180025095e-35 1.7005987167358401 1.5000000000000002 0.30952382087707525 1.7005987167358401 1.8688347935676577
decision_type=2 2 2 2 2 2 2 2 2 2 2 2 2 2
left_child=4 -2 3 -3 5 -1 -7 -8 9 10 -6 12 13 -10
right_child=1 2 -4 -5 8 6 7 -9 11 -11 -12 -13 -14 -15
leaf_value=0.0001720122966920625 0.0023277745358205137 -0.088880558590152023 -0.0082679857129040225 -0.01037253213523321 -0.0086601002054352474 0.056842834793921916 -0.10315989047193426 -0.01955870628209427 0.025524058731305112 -0.082782804438297705 0.037972344394178167 -0.033003518819852272 -0.0051679210016079393 0.073721623229648189
leaf_weight=590.5272797177895 29.904192579211667 5.5378717379644531 7.1328228281781767 4.3791762953624129 24.066189210221637 0.93223160022171114 2.1442666500806808 2.8500419417396188 16.239175811409961 1.328999190009198 8.4205715598072839 2.0640643669757983 5.5580428344546808 4.48190324922325
leaf_count=7226 1328 27 650 51 674 83 9 49 369 53 339 31 89 83
internal_value=-6.46205e-11 -0.0112237 -0.0349918 -0.0542129 0.000800161 -0.000205174 -0.0377884 -0.0554522 0.010447 3.88858e-05 0.00342703 0.0228647 0.0272528 0.035949
internal_weight=705.567 46.9541 17.0499 9.91705 658.613 596.454 5.92654 4.99431 62.1589 33.8158 32.4868 28.3432 26.2791 20.7211
internal_count=11061 2056 728 78 9005 7367 141 58 1638 1066 1013 572 541 452
is_linear=0
shrinkage=0.05


Tree=105
num_leaves=15
num_cat=0
split_feature=28 27 19 27 39 42 27 29 4 42 41 13 5 30
split_gain=3.43542 7.21109 9.19409 4.15977 2.96399 2.68377 2.92295 4.32021 3.21187 2.59067 2.54902 3.92834 2.35768 2.1825
threshold=1.3095238208770754 1.1956896185874941 0.63333335518836986 1.6868718266487124 1.0000000180025095e-35 2.5000000000000004 1.697936534881592 1.7005987167358401 0.81666666269302379 4.5000000000000009 1.0000000180025095e-35 1.2424533367156985 1.0000000180025095e-35 2.6020033359527592
decision_type=2 2 2 2 2 2 2 2 2 2 2 2 2 2
left_child=5 2 -2 -3 -4 13 7 8 9 10 -7 -12 -5 -1
right_child=1 3 4 12 -6 6 -8 -9 -10 -11 11 -13 -14 -15
leaf_value=-0.00030911574411983037 -0.083359183309078544 0.019064935474643024 -0.028852683610527376 -0.0050060525833659575 0.034059986125168279 0.026075339483748562 0.066735449419274312 -0.075127473521330548 -0.043530948630336887 -0.031112649358475936 -0.017960876964183702 0.053272888151813171 -0.045281271362132114 0.026398551095208767
leaf_weight=600.11149000044679 7.0269787800498289 15.465755863944649 4.8990419930778444 12.980476134296625 3.030078471172601 29.707356614002492 2.3329481346008825 1.4646515095373605 2.4564771724981247 2.8209635382518163 8.6294490268919599 2.4950125026516607 5.0463498089375198 7.7480707253562278
leaf_count=7968 32 510 83 915 118 518 83 22 54 52 74 17 398 217
internal_value=-3.54415e-13 -0.0128495 -0.041716 4.08316e-05 -0.00481088 0.000946448 0.0120927 0.00941309 0.0120985 0.0152289 0.0184306 -0.00198445 -0.0162805 3.1313e-05
internal_weight=706.215 48.4487 14.9561 33.4926 7.92912 657.766 49.9069 47.5739 46.1093 43.6528 40.8318 11.1245 18.0268 607.86
internal_count=11061 2056 233 1823 201 9005 820 737 715 661 609 91 1313 8185
is_linear=0
shrinkage=0.05


Tree=106
num_leaves=15
num_cat=0
split_feature=28 27 19 27 39 4 41 29 28 18 18 20 25 42
split_gain=2.97769 6.46648 7.54617 3.42903 2.82161 2.50927 5.86802 5.71328 4.95942 4.01708 5.04583 4.01189 3.41504 4.64336
threshold=1.3095238208770754 1.1956896185874941 0.63333335518836986 1.6868718266487124 1.0000000180025095e-35 0.29285715520381933 1.0000000180025095e-35 1.7005987167358401 0.53571429848670971 0.5000000298023225 0.88194444775581371 0.22500000149011615 0.44505494832992559 3.5000000000000004
decision_type=2 2 2 2 2 2 2 2 2 2 2 2 2 2
left_child=5 2 -2 -3 -4 7 9 -1 -9 12 11 -11 -7 -14
right_child=1 3 4 -5 -6 6 -8 8 -10 10 -12 -13 13 -15
leaf_value=7.3124195433648309e-05 -0.075821775730810614 0.017604228583031966 -0.028029308780052234 -0.014627993547927161 0.033473727486158289 0.03040842700991029 -0.0071928275967212173 -0.0066323364455938899 -0.091588189737541945 0.039255448912131605 0.054209313280270302 -0.050350222556296155 -0.0011782638539643315 0.091819195477917281
leaf_weight=540.01893412595382 7.2566586263710624 15.497402762746786 5.084198154974727 17.647978425127803 2.9450895618647337 38.445830241806107 41.11568271915894 3.7395854088535989 3.1774834232928697 1.5710288120899329 2.1803401252254844 6.0971042332239449 19.374030246341139 1.4421541570336547
leaf_count=6501 32 510 83 1313 118 753 818 207 113 65 48 67 422 11
internal_value=-2.42544e-11 -0.0119648 -0.0388681 0.000442454 -0.0054704 0.000881778 0.00776408 -0.00050524 -0.0456584 0.0166623 -0.012908 -0.031992 0.0215765 0.00526464
internal_weight=705.594 48.4313 15.2859 33.1454 8.02929 657.162 110.226 546.936 6.91707 69.1105 9.84847 7.66813 59.262 20.8162
internal_count=11061 2056 233 1823 201 9005 2184 6821 320 1366 180 132 1186 433
is_linear=0
shrinkage=0.05


Tree=107
num_leaves=15
num_cat=0
split_feature=28 27 19 27 39 7 13 29 10 42 27 29 42 4
split_gain=2.63327 5.65219 6.09897 3.05847 2.66083 2.26451 2.11095 1.97853 1.93201 1.92458 3.08167 3.30323 2.5229 2.77233
threshold=1.3095238208770754 1.1956896185874941 0.63333335518836986 1.6868718266487124 1.0000000180025095e-35 1.0000000180025095e-35 3.0201274156570439 1.2424533367156985 1.0000000180025095e-35 2.5000000000000004 1.697936534881592 1.7005987167358401 4.5000000000000009 0.81666666269302379
decision_type=2 2 2 2 2 2 2 2 2 2 2 2 2 2
left_child=6 2 -2 -3 5 8 9 -5 -4 -1 11 12 13 -11
right_child=1 3 4 7 -6 -7 -8 -9 -10 10 -12 -13 -14 -15
leaf_value=-0.00016670265464544475 -0.068969113759780473 0.016564591622003036 -0.038421890527055094 -0.0058456870677541092 0.033029177197576108 -0.06484331361650307 0.037121952470761617 -0.049048775207905466 0.041473165846148352 0.015891909380553185 0.065178094915644039 -0.068395739580934964 -0.034056355533054014 -0.039898877378996424
leaf_weight=602.98051476021647 7.3976197263691565 15.571781129285226 1.5250384928658587 14.163536766340259 2.8202400472946465 2.2699870471842587 3.982697626517619 3.2600082295175516 1.5018408056348562 39.977173059014603 2.4162594114022786 1.3991720721533045 3.0841149510815731 2.3580273082479826
leaf_count=8072 32 510 33 654 118 28 113 659 22 609 83 22 58 48
internal_value=-6.92685e-11 -0.0112413 -0.0361308 0.000462041 -0.0062032 -0.0270919 0.000831021 -0.0139291 0.00121948 0.000609413 0.0101145 0.00727276 0.00960378 0.0127844
internal_weight=704.708 48.5101 15.5147 32.9953 8.11711 5.29687 656.198 17.4235 3.02688 652.215 49.2347 46.8185 45.4193 42.3352
internal_count=11061 2056 233 1823 201 83 9005 1313 55 8892 820 737 715 657
is_linear=0
shrinkage=0.05


Tree=108
num_leaves=15
num_cat=0
split_feature=28 27 19 27 39 4 21 27 4 29 18 14 38 41
split_gain=2.70305 6.82449 4.6798 3.17697 2.93705 2.6233 2.49544 2.24461 2.02996 5.36657 4.54126 3.96649 3.7504 3.32864
threshold=1.3095238208770754 1.1956896185874941 0.63333335518836986 1.6868718266487124 1.0000000180025095e-35 0.15476191043853763 0.92857143282890331 3.0441441535949711 0.29285715520381933 1.7005987167358401 0.11666667088866235 3.5000000000000004 1.0000000180025095e-35 1.0000000180025095e-35
decision_type=2 2 2 2 2 2 2 2 2 2 2 2 2 2
left_child=7 2 -2 6 5 -4 -3 8 9 -1 -10 13 -11 -12
right_child=1 3 4 -5 -6 -7 -8 -9 10 12 11 -13 -14 -15
leaf_value=-1.4920666905190529e-05 -0.062470566189252397 0.01075402269576674 -0.077964790825322497 -0.012857367034134577 0.032455878756499211 -0.0066960243032845798 0.071108423152908759 0.056474480768689418 0.051850644643495626 -0.068139761850290512 0.010446666290579505 0.094855667615752176 0.022815819281319798 -0.0080625561200368037
leaf_weight=539.71956842503278 8.7055722543736938 14.105607660661917 1.9369731419719736 17.171234731438744 2.7253569313324988 3.8728083223104477 1.9493297339795397 1.8089705005404528 5.3430219426227259 4.7777866499091024 65.213288997794734 1.2033016718924034 1.4857787496293893 38.707696088269586
leaf_count=6479 32 463 28 1313 118 55 47 31 118 255 1295 3 58 766
internal_value=-8.01286e-11 -0.011152 -0.0366769 0.00209259 -0.0103682 -0.0304569 0.018082 0.000854993 0.000701723 -0.000548938 0.0068831 0.00459759 -0.0465642 0.00355249
internal_weight=708.726 50.4669 17.2407 33.2262 8.53514 5.80978 16.0549 658.259 656.45 545.983 110.467 105.124 6.26357 103.921
internal_count=11061 2056 233 1823 201 83 510 9005 8974 6792 2182 2064 313 2061
is_linear=0
shrinkage=0.05


Tree=109
num_leaves=15
num_cat=0
split_feature=27 28 27 18 21 4 24 27 29 19 35 42 27 18
split_gain=3.49263 2.26894 4.50236 5.93115 8.53649 4.1593 3.87574 2.1014 1.9505 1.9026 1.61692 1.59167 2.65059 2.51481
threshold=3.0441441535949711 1.3095238208770754 1.1956896185874941 0.20750001072883609 0.92857143282890331 0.13392857462167743 0.30952382087707525 1.6868718266487124 1.2424533367156985 0.77500000596046459 1.0000000180025095e-35 2.5000000000000004 1.697936534881592 0.42638888955116278
decision_type=2 2 2 2 2 2 2 2 2 2 2 2 2 2
left_child=1 9 3 5 10 6 -3 -4 -9 11 -5 -1 13 -13
right_child=-2 2 7 4 -6 -7 -8 8 -10 -11 -12 12 -14 -15
leaf_value=-0.00047605492985137391 0.058145383212147676 0.017128081144702524 0.014099165274605061 0.027169246549949341 -0.09424988656891839 0.023558168948697486 -0.11034365887813598 -0.0033658436692939071 -0.047638670746969418 0.022467028585092808 -0.03388557943983099 0.0087533876354953851 0.060886337399998047 -0.045111307816251549
leaf_weight=597.66409072236274 2.5733007601811542 1.0670224744826575 15.64256244531134 2.2647912898100895 5.9496580837294459 5.9997214796021581 1.351689326809719 13.766564804711381 3.0365037457886492 9.7792722354643029 2.0806145686656237 46.36868043319555 2.3247433884826014 2.2731197116663671
leaf_count=7803 55 50 510 90 17 44 9 638 651 441 23 603 82 45
internal_value=-1.19052e-10 -0.000210868 -0.010354 -0.0298852 -0.0553396 0.00124348 -0.0541091 0.000910938 -0.0113664 0.000577262 -0.00206429 0.000247234 0.00872896 0.00623619
internal_weight=712.142 709.569 51.1591 18.7135 10.2951 8.41843 2.41871 32.4456 16.8031 658.41 4.34541 648.631 50.9665 48.6418
internal_count=11061 11006 2032 233 130 103 59 1799 1289 8974 113 8533 730 648
is_linear=0
shrinkage=0.05


Tree=110
num_leaves=15
num_cat=0
split_feature=25 28 36 21 28 18 20 18 21 18 42 28 13 5
split_gain=1.74383 2.04491 2.67142 3.04905 3.50687 2.27472 1.93169 5.21422 4.03817 3.11211 5.27742 3.35617 3.16943 3.03835
threshold=0.18333333730697635 -1.0000000180025095e-35 1.0000000180025095e-35 0.58571431040763866 -1.5500000119209287 0.35833333432674414 0.58571431040763866 0.082291666418313994 0.58571431040763866 0.20750001072883609 3.5000000000000004 -1.0000000180025095e-35 1.7005987167358401 1.0000000180025095e-35
decision_type=2 2 2 2 2 2 2 2 2 2 2 2 2 2
left_child=1 2 5 4 -4 -1 8 -8 13 10 12 -11 -10 -2
right_child=6 -3 3 -5 -6 -7 7 -9 9 11 -12 -13 -14 -15
leaf_value=-0.051146404915887705 -0.015448254594878875 0.0018568852869068943 -0.031029115509300112 -0.038752854152001297 0.074328481320203782 0.027814817851349583 -0.007509597852201063 0.018345062943061128 0.030297423662816809 0.0056505806018397357 -0.074938069954529937 -0.045179198305529529 -0.036338872800999365 0.011458808476419252
leaf_weight=5.9501264644495659 18.681489029171644 527.37685049131687 1.2304328894242647 2.2032872090348974 2.2056074684951454 1.0772250191657802 63.863084220211022 28.072902684216388 6.9468782685580646 4.0285916138091151 2.0765628290100713 16.749000386160333 2.4012295306383749 23.932218294357881
leaf_count=632 1443 6777 17 33 37 47 381 362 118 106 26 268 185 629
internal_value=-1.54916e-10 0.00138006 -0.0184727 0.00715981 0.0366003 -0.0390424 -0.00446945 0.000385193 -0.010435 -0.0237978 -0.00283589 -0.0353238 0.0131807 -0.00033702
internal_weight=706.795 540.044 12.6667 5.63933 3.43604 7.02735 166.752 91.936 74.816 32.2023 11.4247 20.7776 9.34811 42.6137
internal_count=11061 7543 766 87 54 679 3518 743 2775 703 329 374 303 2072
is_linear=0
shrinkage=0.05


Tree=111
num_leaves=15
num_cat=0
split_feature=13 27 27 4 29 25 18 41 18 35 7 15 34 13
split_gain=1.46142 1.66609 1.49726 1.29066 1.25959 1.24025 1.67283 3.24226 2.67067 2.44753 2.56482 2.34512 2.32199 2.19724
threshold=3.0201274156570439 3.0874320268630986 3.0672401189804082 0.46428571641445165 1.7005987167358401 0.18333333730697635 0.3304761946201325 1.0000000180025095e-35 0.28928571939468389 1.0000000180025095e-35 1.0000000180025095e-35 0.6904762089252473 1.0000000180025095e-35 2.3502402305603032
decision_type=2 2 2 2 2 2 2 2 2 2 2 2 2 2
left_child=5 2 3 4 -2 6 8 13 -1 10 -10 12 -9 -8
right_child=1 -3 -4 -5 -6 -7 7 11 9 -11 -12 -13 -14 -15
leaf_value=0.00050467377707511115 0.029348155749070706 -0.046013393845904832 0.095584348611283607 0.078342777943406036 -0.054339507118168651 -0.0039968910289464943 0.027664031584599361 -0.044076191146304039 0.063889072492369012 -0.091796475066466626 -0.056148764923686915 0.017051623734097795 0.0056465295765512468 -0.031960628984962276
leaf_weight=494.03250841890986 1.3973419906687925 0.63886164283030655 0.95044627011520777 0.76859469502232958 0.66292983233870462 163.23276730412181 20.848585700266998 5.28773686068598 0.7689507557079186 1.4992551016621292 1.056279567477759 6.4540071114897719 4.2232471946626902 1.6688132878043678
leaf_count=6700 65 39 9 21 49 3422 407 86 21 24 31 77 64 46
internal_value=-5.28313e-11 0.028666 0.04129 0.0230481 0.00242013 -0.000181171 0.000981212 0.0110246 0.000204114 -0.0444603 -0.00557806 -0.00621142 -0.0219974 0.0232451
internal_weight=703.49 4.41817 3.77931 2.82887 2.06027 699.072 535.839 38.4824 497.357 3.32449 1.82523 15.965 9.51098 22.5174
internal_count=11061 183 144 135 114 10878 7456 680 6776 76 52 227 150 453
is_linear=0
shrinkage=0.05


Tree=112
num_leaves=15
num_cat=0
split_feature=28 13 20 27 23 29 34 20 13 27 28 18 1 15
split_gain=1.15249 1.0793 1.44928 1.08272 2.62938 1.84451 1.80971 2.31525 1.56479 2.14048 3.02708 1.26136 7.40179 2.89972
threshold=-2.7083333730697627 3.0201274156570439 0.58571431040763866 2.2259460687637334 0.15476191043853763 1.2424533367156985 1.0000000180025095e-35 0.92857143282890331 2.6735538244247441 2.046747207641602 0.43650794029235845 0.5000000298023225 1.0000000180025095e-35 0.6904762089252473
decision_type=2 2 2 2 2 2 2 2 2 2 2 2 2 2
left_child=-1 3 -3 8 5 6 -5 -8 11 10 -10 -2 -13 -14
right_child=1 2 -4 4 -6 -7 7 -9 9 -11 -12 12 13 -15
leaf_value=-0.057160787655749584 0.000457255786056576 -0.025519628301012655 0.042873400996764219 -0.0075664459992658348 -0.066827901338958065 -0.040232975773056907 -0.022190097012309895 0.060630816645952948 -0.075925943608096694 0.095981507210044226 0.053533576758716075 0.034187671125609338 -0.059622478274249671 -0.0053170825646523309
leaf_weight=0.8807179571595033 656.54901824941771 1.0357709024101485 3.0717118661850691 13.805426572682345 1.9184739083284501 3.2518770366150411 1.2957414970733219 2.4195198193192482 0.71321721945423577 1.00255960249342 1.2306967295589855 5.2916412699269104 6.3241981761966599 4.0211312816245481
leaf_count=54 9082 143 36 548 109 649 52 12 23 25 35 102 113 78
internal_value=2.83543e-11 7.17201e-05 0.0256269 -7.87014e-05 -0.0108216 -0.00564908 0.000769765 0.031746 0.000282365 0.0366401 0.0060352 0.000122994 -0.0139117 -0.0385145
internal_weight=702.812 701.931 4.10748 697.824 22.691 20.7726 17.5207 3.71526 675.132 2.94647 1.94391 672.186 15.637 10.3453
internal_count=11061 11007 179 10828 1370 1261 612 64 9458 83 58 9375 293 191
is_linear=0
shrinkage=0.05


Tree=113
num_leaves=15
num_cat=0
split_feature=28 15 14 41 27 18 13 27 20 25 23 18 41 35
split_gain=1.09963 1.31455 1.91818 2.15136 1.00834 2.11067 0.984358 1.3695 1.13525 0.913973 1.68559 4.96769 7.8915 7.6563
threshold=2.4500000476837163 0.44505494832992559 3.5000000000000004 1.0000000180025095e-35 2.0809439420700078 0.063392855226993575 3.0201274156570439 3.0874320268630986 0.58571431040763866 0.44505494832992559 0.90454545617103588 0.070138890296220793 1.0000000180025095e-35 1.0000000180025095e-35
decision_type=2 2 2 2 2 2 2 2 2 2 2 2 2 2
left_child=6 4 3 -3 5 -2 9 8 -8 10 -1 12 -12 -13
right_child=1 2 -4 -5 -6 -7 7 -9 -10 -11 11 13 -14 -15
leaf_value=-0.00022358116442685772 0.026173913728025678 -0.058212442371217199 0.056445108862509946 0.055585731424602283 -0.066117632235460175 -0.075457594455168808 -0.015514453958175731 -0.044795969430710771 0.053016832671612661 -0.0037798805214284085 -0.046160406281025967 0.0051776328504074785 0.021543667461940415 -0.056203989784510237
leaf_weight=478.61695651545597 1.2499407873401649 1.4181785840773962 1.1353892688057383 0.5873198277549817 1.8221312638343077 0.86397446037153702 0.78568777837790493 0.59891777817392711 2.6175603540614247 126.69291157310363 4.6939789913594714 20.415912896394733 51.801623039878905 6.7631297297775737
leaf_count=7843 124 71 34 8 306 68 94 31 29 1989 29 145 263 27
internal_value=8.91489e-11 -0.0196094 0.00451405 -0.0248861 -0.0388594 -0.0153637 0.000200256 0.0249255 0.0371954 5.66317e-05 0.000921057 0.00746836 0.0159184 -0.0100963
internal_weight=700.064 7.07693 3.14089 2.0055 3.93605 2.11392 692.987 4.00217 3.40325 688.985 562.292 83.6746 56.4956 27.179
internal_count=11061 611 113 79 498 192 10450 154 123 10296 8307 464 292 172
is_linear=0
shrinkage=0.05


Tree=114
num_leaves=15
num_cat=0
split_feature=28 34 41 18 4 18 29 41 21 20 18 4 15 18
split_gain=1.20531 1.47632 1.06252 1.16868 0.974648 4.56229 2.42448 2.40281 4.11531 5.65068 4.63246 4.35487 6.03972 5.35501
threshold=2.4500000476837163 1.0000000180025095e-35 1.0000000180025095e-35 0.16339285671710971 0.29285715520381933 0.11666667088866235 1.7005987167358401 1.0000000180025095e-35 0.46428571641445165 0.58571431040763866 0.19444445520639422 0.57738095521926891 0.30952382087707525 0.42638888955116278
decision_type=2 2 2 2 2 2 2 2 2 2 2 2 2 2
left_child=4 2 -2 -4 6 -6 -1 8 -7 10 -10 -12 -13 -14
right_child=1 -3 3 -5 5 7 -8 -9 9 -11 11 12 13 -15
leaf_value=-0.00032867493150738484 -0.025072694091532389 -0.08955218284102423 -0.026172624276874147 0.062364811126067891 0.047539117456152857 0.02504540123382263 -0.029554522131315049 -0.0071719346369672719 0.028393774943853818 0.019721828413304242 -0.042142560189056065 0.028916825903111766 0.025281444782556218 -0.058478059506053282
leaf_weight=553.76574895014346 4.56476006872981 0.70346540072932828 0.66714176631649003 0.8445493828621693 5.7734274011745574 23.155946273967857 7.1883045000286065 45.029634401231306 5.8143137156148432 22.409681251039729 12.951213719235968 7.7026307537453276 2.8028348181396705 5.9786182409879984
leaf_count=7249 523 15 50 23 145 837 410 877 94 279 247 133 62 117
internal_value=8.54713e-11 -0.0209794 -0.0130408 0.0232913 0.000205377 0.00407766 -0.000703187 0.00208376 0.00724096 9.07096e-05 -0.0123896 -0.0204455 -0.00339859 -0.031744
internal_weight=699.352 6.77992 6.07645 1.51169 692.572 131.618 560.954 125.845 80.8152 57.6593 35.2496 29.4353 16.4841 8.78145
internal_count=11061 611 596 73 10450 2791 7659 2646 1769 932 653 559 312 179
is_linear=0
shrinkage=0.05


Tree=115
num_leaves=15
num_cat=0
split_feature=28 25 27 23 15 13 27 20 34 23 38 18 35 34
split_gain=1.07117 0.951038 1.68068 2.8391 2.36028 2.31359 2.25679 2.31089 2.14017 1.75805 4.49317 4.55527 7.85303 4.40398
threshold=-2.7083333730697627 0.44505494832992559 1.9466055631637575 0.36666667461395269 0.89444443583488475 2.6020033359527592 2.1555545330047612 0.73214286565780651 1.0000000180025095e-35 0.77500000596046459 1.0000000180025095e-35 0.070138890296220793 1.0000000180025095e-35 1.0000000180025095e-35
decision_type=2 2 2 2 2 2 2 2 2 2 2 2 2 2
left_child=-1 2 9 4 5 -4 -7 -8 -9 13 11 -11 -13 -2
right_child=1 -3 3 -5 -6 6 7 8 -10 10 -12 12 -14 -15
leaf_value=-0.056219390389367602 0.0030968648794114026 -0.0038277677964454466 -0.020416233643165825 -0.055098283329522428 0.033943564060065996 0.10388156713711355 -0.021906636225810502 -0.0056164595947507086 0.065625584114366517 0.019594870936782763 -0.04107637721881504 0.010999115901897961 -0.051362970433460248 -0.0086583280988217354
leaf_weight=0.84624696322134596 348.82228672603378 127.83762859328272 18.217212282266708 3.1448018025257616 3.4192948223790145 0.60318620980251481 4.3171298208471836 2.1007151438388973 2.1160750834969804 52.154502403922379 4.3476768648251882 18.198366597294811 6.9861322753131381 103.26218322760542
leaf_count=54 5535 2149 991 132 46 26 580 32 16 268 24 131 28 1049
internal_value=-3.7146e-11 6.8402e-05 0.000945778 -0.00984659 -0.00522225 -0.010118 0.0104143 0.0038079 0.0301343 0.00163158 0.00838217 0.0111625 -0.00630001 0.00041182
internal_weight=696.373 695.527 567.69 33.9184 30.7736 27.3543 9.13711 8.53392 4.21679 533.771 81.6867 77.339 25.1845 452.084
internal_count=11061 11007 8858 1823 1691 1645 654 628 48 7035 451 427 159 6584
is_linear=0
shrinkage=0.05


Tree=116
num_leaves=15
num_cat=0
split_feature=27 9 13 20 13 34 18 1 28 29 4 18 21 42
split_gain=0.962105 2.91637 2.45 1.87983 1.52606 2.55194 1.71273 1.44985 2.75117 1.36128 0.85144 4.2898 1.94381 3.38209
threshold=2.2259460687637334 1.0000000180025095e-35 2.6735538244247441 0.73214286565780651 2.9700856208801274 1.0000000180025095e-35 0.12440476566553117 1.0000000180025095e-35 0.43650794029235845 1.2424533367156985 0.29285715520381933 0.092261906713247313 0.26785714924335485 1.0000000180025095e-35
decision_type=2 2 2 2 2 2 2 2 2 2 2 2 2 2
left_child=2 3 10 9 5 6 -5 8 -4 -2 -1 -12 -13 -14
right_child=1 -3 7 4 -6 -7 -8 -9 -10 -11 11 12 13 -15
leaf_value=-0.00072520843184596716 -0.0066436837890484534 -0.062004129126193644 -0.063738753923377425 -0.053924336036956302 0.056479575665744131 0.046198621402795279 0.027338255319998901 0.066461489919386205 0.066523718039065038 -0.044998915712241655 0.065769054379215777 0.013096744754629439 0.01113728121970068 -0.0088939793785368301
leaf_weight=544.90950323539437 12.451028859941294 2.4062734516337505 0.77620435733115234 1.9371538399718695 1.8562120762653647 2.0404493958922103 0.97463556216098357 2.2172137863235548 0.84835543738154229 2.8412284693986285 2.7368285034317514 31.754128356100409 33.933846640749834 55.596069120823813
leaf_count=6888 596 123 30 47 20 20 15 55 28 707 52 962 448 1070
internal_value=-8.63739e-12 -0.00973121 0.000354478 -0.00403986 0.0178145 0.00332194 -0.0267241 0.0401692 0.00428514 -0.0137699 0.000125816 0.00386495 0.00246806 -0.00130168
internal_weight=697.279 24.507 672.772 22.1007 6.80845 4.95224 2.91179 3.84177 1.62456 15.2923 668.93 124.021 121.284 89.5299
internal_count=11061 1528 9533 1405 102 82 62 113 58 1303 9420 2532 2480 1518
is_linear=0
shrinkage=0.05


Tree=117
num_leaves=15
num_cat=0
split_feature=30 36 21 20 28 25 27 28 19 4 4 19 18 1
split_gain=1.01268 1.7994 2.73504 2.24782 2.47368 2.89534 2.43862 2.70729 2.12007 1.80034 1.73274 2.54354 2.04483 2.67488
threshold=1.4978661537170412 1.0000000180025095e-35 0.58571431040763866 0.73214286565780651 0.73214286565780651 0.22500000149011615 1.788942337036133 -0.93749999999999989 0.15476191043853763 0.13392857462167743 0.84523808956146251 0.11805555596947671 0.096230160444974913 1.0000000180025095e-35
decision_type=2 2 2 2 2 2 2 2 2 2 2 2 2 2
left_child=-1 3 -3 4 5 -2 -7 -8 -9 -5 11 -6 -13 -14
right_child=1 2 -4 9 10 6 7 8 -10 -11 -12 12 13 -15
leaf_value=0.00065923908020022271 -0.059757682345080179 0.037280218750911406 -0.071638703468904538 -0.0026995046927533106 0.00023708755415951965 -0.076151772684893995 0.053944172489302666 -0.043122355889041668 0.072990729383394168 0.026418472553846828 0.034539817965650942 0.0028050475605405759 0.01005349932811204 -0.071113498502114611
leaf_weight=621.80136909317662 4.8365780485910346 0.77781316981418003 2.225398542417679 12.731417570030318 28.081814959572512 1.0495362059446049 1.9126820221426895 2.3070967463863785 0.47386833024211217 9.1049265033798275 2.7147802379986379 2.8163304151748871 1.3725748748693147 3.8967946029733866
leaf_count=7714 594 46 128 178 1298 58 88 358 9 100 128 190 50 122
internal_value=2.71961e-11 -0.00551692 -0.0434294 -0.00391998 -0.0098188 -0.0312548 -0.00725128 0.00815541 -0.023337 0.00944159 -0.00398613 -0.00687793 -0.0315886 -0.049971
internal_weight=696.103 74.3016 3.00321 71.2984 49.4621 10.5798 5.74318 4.69365 2.78097 21.8363 38.8823 36.1675 8.0857 5.26937
internal_count=11061 3347 174 3173 2895 1107 513 455 367 278 1788 1660 362 172
is_linear=0
shrinkage=0.05


Tree=118
num_leaves=15
num_cat=0
split_feature=4 18 41 25 18 26 29 16 24 15 28 20 18 15
split_gain=0.919887 3.93035 2.55016 3.91465 3.26958 3.66436 2.94405 2.62699 2.57373 2.577 2.39952 2.11591 2.44714 3.05119
threshold=0.29285715520381933 0.11666667088866235 1.0000000180025095e-35 0.44505494832992559 0.5223214626312257 0.41666667163372045 1.4978661537170412 0.70833334326744091 0.52272728085517894 0.6904762089252473 -1.0000000180025095e-35 0.18333333730697635 0.29083333909511572 0.26785714924335485
decision_type=2 2 2 2 2 2 2 2 2 2 2 2 2 2
left_child=10 -2 3 4 -3 -6 -4 8 9 -8 -1 -5 13 -13
right_child=1 2 6 11 5 -7 7 -9 -10 -11 -12 12 -14 -15
leaf_value=-0.022464548829044535 0.043330304026949908 0.020654379731493609 -0.0017056616390831712 -0.02171999770728663 -0.046253559918340251 0.046775259695581849 -0.061149928707695513 0.056075414324725271 0.06177682185382613 0.057035251005461751 -0.00038665066250838435 -0.045025522629217316 0.015989578037570243 0.043797103147154293
leaf_weight=12.588933329840073 5.9904663102934128 43.388284124244819 37.063054116180865 13.228258309711238 3.8746282929932923 1.4564132888335732 6.2639132905751449 0.71869602554943401 0.53195631562266488 0.497905047610402 549.30898155946488 4.0953409296926138 13.229428085265679 1.2656649299897251
leaf_count=937 156 1106 592 410 62 59 281 15 7 11 7137 59 196 33
internal_value=3.22612e-11 0.00376277 0.00187581 0.00720554 0.0161141 -0.0208386 -0.00764701 -0.0351297 -0.0441167 -0.0524474 -0.000881291 -0.00643481 0.00444156 -0.0240556
internal_weight=693.502 131.604 125.614 80.538 48.7193 5.33104 45.0755 8.01247 7.29377 6.76182 561.898 31.8187 18.5904 5.36101
internal_count=11061 2987 2831 1925 1227 121 906 314 299 292 8074 698 288 92
is_linear=0
shrinkage=0.05


Tree=119
num_leaves=15
num_cat=0
split_feature=4 18 29 20 28 24 41 25 21 22 28 23 15 19
split_gain=0.965259 3.14521 2.2089 2.48733 3.04422 2.98333 2.17117 2.83124 2.94451 3.17822 3.54055 3.15374 4.0293 3.11984
threshold=0.29285715520381933 0.11666667088866235 1.7005987167358401 0.58571431040763866 1.5857142806053164 0.44505494832992559 1.0000000180025095e-35 0.44505494832992559 0.35416667163372045 0.45000000298023229 -1.0000000180025095e-35 0.58571431040763866 0.30952382087707525 0.18333333730697635
decision_type=2 2 2 2 2 2 2 2 2 2 2 2 2 2
left_child=2 -2 -1 4 -4 -5 7 8 -3 10 -10 12 13 -11
right_child=1 6 3 5 -6 -7 -8 -9 9 11 -12 -13 -14 -15
leaf_value=-0.00053231116579686478 0.039649309194768292 0.03126973614900274 -0.072461870942022596 -0.036742790975828679 0.022640477387138157 0.064668817190595682 -0.0066575303470196067 -0.0045300752011018814 0.098268700668353207 -0.060385847828420137 0.01084874687797305 0.028297653321950861 -0.038101564272455535 0.018244022717775862
leaf_weight=553.03427542455029 5.8677864662895436 17.279226075392216 3.5947893542179363 1.6262641081702898 1.0986226527893448 1.3089029786642639 44.529528398328694 31.55355564509955 1.7911441625910809 1.4510512911947504 3.277683861146218 6.6057187621481708 8.2820271657255926 9.6587903703257307
leaf_count=7612 156 638 258 64 118 22 906 698 23 88 52 67 198 161
internal_value=-1.77866e-11 0.00387659 -0.000900909 -0.0276225 -0.0502005 0.00848051 0.00218963 0.00712034 0.0147242 0.00552148 0.0417399 -0.00154013 -0.0117042 0.00797421
internal_weight=690.959 130.297 560.663 7.62858 4.69341 2.93517 124.429 79.8992 48.3456 31.0664 5.06883 25.9976 19.3919 11.1098
internal_count=11061 2987 8074 462 376 86 2831 1925 1227 589 75 514 447 249
is_linear=0
shrinkage=0.05


Tree=120
num_leaves=15
num_cat=0
split_feature=27 30 23 4 28 18 20 27 4 28 29 18 34 10
split_gain=1.06029 2.73376 3.1297 2.20452 1.67395 1.74022 1.45661 3.15992 2.301 1.67725 2.13565 1.51875 1.28172 2.11068
threshold=1.9152100682258608 1.4978661537170412 0.84523808956146251 0.19090909510850909 -1.7083333134651182 0.098015878349542632 0.73214286565780651 2.003597736358643 0.13392857462167743 -1.7749999761581419 0.89587974548339855 0.29166667163372045 1.0000000180025095e-35 1.0000000180025095e-35
decision_type=2 2 2 2 2 2 2 2 2 2 2 2 2 2
left_child=4 3 6 -2 5 -1 9 -8 12 -3 -11 -10 13 -9
right_child=1 2 -4 -5 -6 -7 7 8 11 10 -12 -13 -14 -15
leaf_value=0.0095732183061525127 -0.090607421722562254 0.049743601183514174 -0.062236202125909017 0.013520721531894679 0.000702412133795871 -0.074632405578923089 -0.074817126867668879 -0.05577241338705527 0.070348496387062615 0.0027335417599436197 -0.02361803228955154 0.01039829447324073 0.026907714173578831 0.018877509065490159
leaf_weight=1.0419206641672638 1.6773374112963204 1.2486125427822106 2.2276575048454097 0.72930223587900389 639.0470577420856 1.4924273252545388 0.94045805837958951 1.8308589919470233 2.8505014476832002 16.748839743755529 14.213860201874921 1.6785294592846183 2.920049688895233 1.9612143458798528
leaf_count=73 31 59 39 42 8280 52 21 44 41 432 1865 21 28 33
internal_value=5.01915e-12 -0.0070872 -0.00440464 -0.0590527 0.000541577 -0.0400138 -0.00150263 0.0132251 0.0205909 -0.00707234 -0.00936352 0.04813 0.0020088 -0.0171644
internal_weight=690.609 49.0272 46.6206 2.40664 641.581 2.53435 44.3929 12.1816 11.2412 32.2113 30.9627 4.52903 6.71212 3.79207
internal_count=11061 2656 2583 73 8405 125 2544 188 167 2356 2297 62 105 77
is_linear=0
shrinkage=0.05


Tree=121
num_leaves=15
num_cat=0
split_feature=28 13 4 21 27 13 29 30 9 28 34 4 4 18
split_gain=2.465 1.12428 2.26027 1.70619 0.835693 2.54843 2.31606 1.57331 1.4166 1.34592 0.86097 0.942806 1.68051 1.17736
threshold=-2.7083333730697627 2.9700856208801274 0.46428571641445165 0.92857143282890331 2.2259460687637334 2.6735538244247441 1.2424533367156985 1.7005987167358401 1.0000000180025095e-35 0.43650794029235845 1.0000000180025095e-35 0.84523808956146251 0.34848485887050634 0.24999999254941943
decision_type=2 2 2 2 2 2 2 2 2 2 2 2 2 2
left_child=-1 4 3 -3 5 -2 8 9 10 -7 11 12 13 -6
right_child=1 2 -4 -5 6 7 -8 -9 -10 -11 -12 -13 -14 -15
leaf_value=-0.071086306421474552 5.9176651936322693e-05 -0.052884840205278741 0.082850909691261451 0.025790961632204595 -0.010080169991675719 -0.035698750186200272 -0.049149501452530109 0.11097768069607382 -0.066178291869070732 0.052307033538372127 0.024547245140027776 0.045404283350110819 -0.067744914488012828 0.034704569594038046
leaf_weight=1.2173517815826915 660.30251412538928 0.95750677130126804 1.227138794318307 2.4583195875165984 8.8777705680113268 0.6240604028571396 3.1960104941754244 0.73110971238929767 0.83294497465249229 1.429870095773367 3.0560302889789464 0.86289863864658478 1.0944161940424244 1.7581712518585835
leaf_count=54 9375 154 32 45 461 22 693 10 32 45 64 16 32 26
internal_value=3.72047e-11 0.000125889 0.0246468 0.00373697 -4.08593e-05 0.000260487 -0.0101952 0.0479889 -0.00264166 0.0255676 0.000740125 -0.0050372 -0.00874773 -0.00267704
internal_weight=688.626 687.409 4.64297 3.41583 682.766 663.088 19.6782 2.78504 16.4822 2.05393 15.6493 12.5933 11.7304 10.6359
internal_count=11061 11007 231 199 10776 9452 1324 77 631 67 599 535 519 487
is_linear=0
shrinkage=0.05


Tree=122
num_leaves=15
num_cat=0
split_feature=13 18 13 20 20 30 27 27 28 18 1 26 36 21
split_gain=1.25556 2.86083 2.64805 1.71683 1.08068 0.858315 1.34454 3.40514 3.17739 2.26042 1.84212 1.29173 1.09173 2.60803
threshold=2.9700856208801274 0.043055556714534766 3.113268375396729 0.73214286565780651 0.58571431040763866 1.4978661537170412 1.8252285122871401 1.5975314974784853 0.43650794029235845 0.16339285671710971 1.0000000180025095e-35 0.22500000149011615 1.0000000180025095e-35 0.58571431040763866
decision_type=2 2 2 2 2 2 2 2 2 2 2 2 2 2
left_child=5 2 3 -2 -3 6 7 -1 9 -9 -11 -8 -7 -14
right_child=1 4 -4 -5 -6 12 11 8 -10 10 -12 -13 13 -15
leaf_value=0.00013103906891605947 -0.054499566064901944 0.0022244294385097454 -0.07076727445301241 0.073597912218149375 0.079492644549985919 -0.0042292949297241308 -0.060562391439841427 -0.078389128938757185 0.05731519593614879 0.082820100246713269 -0.02519075265323454 0.039542674497862099 0.037488211534013494 -0.069889143349298966
leaf_weight=604.72545518347761 0.37282849506300342 0.58719022119476005 1.109574826681637 0.87650527991354465 1.9730164364445955 65.533000270814227 1.6037631324434181 0.84696989503572639 4.9479543790366733 0.70832616032566853 0.89169046736788005 0.40329109877347935 0.81607131648342979 1.8416695652995259
leaf_count=7245 71 66 71 6 21 2979 98 79 190 17 44 6 45 123
internal_value=-4.45056e-11 0.0251701 -0.014554 0.0353708 0.061771 -0.000181462 0.000409464 0.000543429 0.0342668 -0.0123384 0.0226256 -0.0404476 -0.00550336 -0.0369184
internal_weight=687.237 4.91912 2.35891 1.24933 2.56021 682.318 614.127 612.12 7.39494 2.44699 1.60002 2.00705 68.1907 2.65774
internal_count=11061 235 148 77 87 10826 7679 7575 330 140 61 104 3147 168
is_linear=0
shrinkage=0.05


Tree=123
num_leaves=15
num_cat=0
split_feature=13 18 13 20 13 24 23 34 34 26 21 23 19 21
split_gain=1.82626 3.36366 2.48511 1.57657 1.07061 1.55778 0.666884 4.62509 2.78429 8.72767 3.32789 3.62383 4.47592 4.29469
threshold=2.9700856208801274 0.043055556714534766 3.113268375396729 0.73214286565780651 3.113268375396729 0.44505494832992559 0.6904762089252473 1.0000000180025095e-35 1.0000000180025095e-35 0.41666667163372045 0.35416667163372045 0.15476191043853763 0.77500000596046459 0.77500000596046459
decision_type=2 2 2 2 2 2 2 2 2 2 2 2 2 2
left_child=6 2 3 -2 5 -3 8 -8 10 -10 -1 12 -12 -13
right_child=1 4 -4 -5 -6 -7 7 -9 9 -11 11 13 -14 -15
leaf_value=0.0034917334912552785 -0.05424971881553297 -0.054838555075838083 -0.070502431338681018 0.072646326995437924 0.081652069295760021 0.095851541891812858 -0.0040743878563441333 0.01368403116902586 -0.013827852087128773 0.027429518668502153 -0.019871270509249982 -0.011020317680651513 0.024207485406391543 0.017596310032377251
leaf_weight=304.53799592687574 0.35005392304446947 0.39419054912286844 1.0931524514016926 0.81381896790117025 2.239659726357786 0.30359233733906876 96.8768371589249 58.991465312545188 93.9618930973229 14.843402394093571 52.826559514869587 26.808618372480851 6.4639297309622625 25.660457771853544
leaf_count=5991 71 47 71 6 34 6 533 353 1242 152 1333 496 317 409
internal_value=3.68821e-11 0.0295346 -0.0163664 0.0344803 0.0648032 0.0107239 -0.000225291 0.00264664 -0.00107778 -0.00819945 0.000783574 -0.00659599 -0.0150657 0.00297489
internal_weight=686.166 5.19447 2.25703 1.16387 2.93744 0.697783 680.971 155.868 525.103 108.805 416.298 111.76 59.2905 52.4691
internal_count=11061 235 148 77 87 53 10826 886 9940 1394 8546 2555 1650 905
is_linear=0
shrinkage=0.05


Tree=124
num_leaves=15
num_cat=0
split_feature=13 4 21 30 27 18 28 30 27 42 34 9 21 41
split_gain=2.09146 2.85851 1.24752 0.610166 1.48596 4.62983 1.684 1.38982 1.11909 2.34244 2.16418 1.23894 1.16496 1.27972
threshold=2.9700856208801274 0.46428571641445165 0.92857143282890331 1.4978661537170412 1.5975314974784853 0.043055556714534766 0.43650794029235845 1.2424533367156985 1.788942337036133 1.5000000000000002 1.0000000180025095e-35 1.0000000180025095e-35 0.92857143282890331 1.0000000180025095e-35
decision_type=2 2 2 2 2 2 2 2 2 2 2 2 2 2
left_child=3 2 -2 4 -1 -6 7 -7 9 11 12 -5 13 -11
right_child=1 -3 -4 8 5 6 -8 -9 -10 10 -12 -13 -14 -15
leaf_value=-3.5043360116750544e-05 -0.048158202587692531 0.084330033703118701 0.02347180726603634 -0.024611171918685629 -0.057520948617711391 0.034573185612695033 0.053189923428940238 -0.044015561008009026 -0.0019221017770754145 -0.063207518457954623 0.08779708490574295 -0.073515149747555061 0.044830490120106266 0.013053300738198555
leaf_weight=601.08448622074502 0.8364163581427414 1.7284142712305763 2.2244009957648814 5.4010174562281446 1.5686880342982457 1.3449112271773631 5.0704029148255358 0.96710895176511247 56.551653811286087 1.111198777303799 0.7603797677438705 1.7035894919536074 0.80532884728745546 1.0894732819870114
leaf_count=7245 158 32 45 181 150 44 171 69 2742 112 8 47 25 32
internal_value=5.4447e-11 0.0329255 0.00389778 -0.000232764 0.000266096 0.0204882 0.0370643 0.00169982 -0.00474641 -0.0194387 0.0124383 -0.0363377 -0.00662395 -0.0254535
internal_weight=682.247 4.78923 3.06082 677.458 610.036 8.95111 7.38242 2.31202 67.4226 10.871 3.76638 7.10461 3.006 2.20067
internal_count=11061 235 203 10826 7679 434 284 113 3147 405 177 228 169 144
is_linear=0
shrinkage=0.05


Tree=125
num_leaves=15
num_cat=0
split_feature=13 4 20 28 35 38 26 4 2 18 29 36 15 24
split_gain=1.90546 2.58013 1.04446 0.598532 0.897652 0.985552 0.906947 0.835704 0.673738 3.94298 1.60937 4.482 3.1658 2.3833
threshold=2.9700856208801274 0.46428571641445165 0.73214286565780651 2.1833333969116215 1.0000000180025095e-35 1.0000000180025095e-35 0.41666667163372045 0.27922078967094427 1.0000000180025095e-35 0.11666667088866235 1.2424533367156985 1.0000000180025095e-35 0.38750000298023229 0.30952382087707525
decision_type=2 2 2 2 2 2 2 2 2 2 2 2 2 2
left_child=3 2 -2 8 5 6 -5 -6 10 -10 -1 13 -13 -12
right_child=1 -3 -4 4 7 -7 -8 -9 9 -11 11 12 -14 -15
leaf_value=0.00044692038412098237 -0.043309906898315431 0.081758996899170988 0.022430907193300723 -0.033458960015767321 -0.012515777893035599 0.067773603707381627 0.065414211883170259 0.054424782352149537 0.06041766664511327 0.0017632981169340381 -0.020664133847505192 0.054610255229207511 -0.01523798025562091 -0.001654403713833969
leaf_weight=553.27670677252172 0.83580229255312533 1.6646967007545752 2.1800747681409121 5.1271241546492083 1.1204773077042771 0.27672676432121068 0.24292337521910656 0.79851713991956774 3.0904014271800397 39.329782326938584 34.241818484209944 4.6421938204730386 2.4936390172806568 31.800270133942831
leaf_count=6813 175 32 28 539 56 32 3 38 100 1118 1030 128 23 946
internal_value=1.28928e-10 0.0317924 0.00421189 -0.000219984 -0.0142044 -0.0242444 -0.0289863 0.015339 -6.18038e-05 0.00603639 -0.000474741 -0.00744316 0.0302016 -0.0115107
internal_weight=681.121 4.68057 3.01588 676.441 7.56577 5.64677 5.37005 1.91899 668.875 42.4202 626.455 73.1779 7.13583 66.0421
internal_count=11061 235 203 10826 668 574 542 94 10158 1218 8940 2127 151 1976
is_linear=0
shrinkage=0.05


Tree=126
num_leaves=15
num_cat=0
split_feature=13 4 24 4 18 29 39 18 28 4 25 27 15 34
split_gain=2.38953 2.80502 1.01608 0.823811 3.39102 2.96348 2.51424 2.22211 4.64104 3.95991 3.74002 3.23123 2.70893 5.52897
threshold=2.9700856208801274 0.46428571641445165 0.44505494832992559 0.29285715520381933 0.11666667088866235 1.7005987167358401 1.0000000180025095e-35 0.029910714365541938 0.81666666269302379 0.13392857462167743 0.89444443583488475 1.9152100682258608 0.30952382087707525 1.0000000180025095e-35
decision_type=2 2 2 2 2 2 2 2 2 2 2 2 2 2
left_child=3 2 -2 7 5 -5 -7 -1 9 -9 12 -10 -11 -14
right_child=1 -3 -4 4 -6 6 -8 8 11 10 -12 -13 13 -15
leaf_value=0.00010939055583865847 -0.01637702466235965 0.082396469227231678 0.044857697771240851 0.060026682735246376 0.00155050099375483 -0.068947953802228054 0.066170942955804488 -0.073569901251799671 0.019660878501899091 -0.035973854170111792 0.018581412459720559 -0.034053085457691236 -0.021998756104133085 0.039649498685970536
leaf_weight=481.23081263755739 1.9668898739910212 1.8966654157266019 1.0333484757138647 4.5473070600419296 120.85850409005798 0.96926769282435976 0.5339360682410188 2.9967107496922827 16.74278167280136 16.24042213204666 7.2916511079529291 3.3620641602246897 17.276149351266216 4.6068252054974428
leaf_count=6599 157 32 46 83 2783 36 31 39 401 381 70 195 176 32
internal_value=3.60631e-11 0.0348017 0.00471357 -0.000251857 0.00337922 0.0399077 -0.0209539 -0.00109009 -0.00951471 -0.0179007 -0.0142274 0.0106785 -0.0205025 -0.00902051
internal_weight=681.553 4.8969 3.00024 676.656 126.909 6.05051 1.5032 549.747 68.5166 48.4118 45.415 20.1048 38.1234 21.883
internal_count=11061 235 203 10826 2933 150 67 7893 1294 698 659 596 589 208
is_linear=0
shrinkage=0.05


Tree=127
num_leaves=15
num_cat=0
split_feature=13 4 20 18 29 18 28 21 1 26 15 7 27 41
split_gain=2.69976 2.69228 0.999989 0.563299 1.35067 1.06691 1.52788 1.48 2.24517 1.5286 0.969354 1.98595 4.14439 3.06611
threshold=2.9700856208801274 0.46428571641445165 0.73214286565780651 0.88194444775581371 0.89587974548339855 0.55902779102325451 1.1833333373069765 0.58571431040763866 1.0000000180025095e-35 0.29166667163372045 0.13392857462167743 1.0000000180025095e-35 1.8680953383445742 1.0000000180025095e-35
decision_type=2 2 2 2 2 2 2 2 2 2 2 2 2 2
left_child=3 2 -2 5 -5 10 7 -7 -9 -10 -1 12 -12 -13
right_child=1 -3 -4 4 -6 6 -8 8 9 -11 11 13 -14 -15
leaf_value=-0.00098544465285051066 -0.041601011508012514 0.080753916990173286 0.023735714654868227 -0.00068402160448302217 0.069773711769803959 0.029375695266905033 -0.065706996921506264 0.016534080045556312 -0.081080086384236402 -0.018173253951035407 0.023063049742055752 0.0082826565867780561 -0.016695642169873289 -0.012250073615538794
leaf_weight=551.36825580074219 0.7993411182542326 2.0414599772775546 2.190371363889426 2.2560297837480898 0.9737911783158778 1.9563572289189304 1.3687757688021509 2.5490177208557725 1.6147632733627686 2.4024398420006037 27.848587727930862 42.258816835266771 8.5719385275006044 31.911449575040024
leaf_count=8151 175 32 28 52 20 65 48 46 27 26 671 885 423 412
internal_value=8.22958e-11 0.036491 0.00626703 -0.000271957 0.020559 -0.000372098 -0.016672 -0.00879667 -0.0201698 -0.0434594 -0.000128536 0.00414372 0.0137054 -0.000551465
internal_weight=680.111 5.03117 2.98971 675.08 3.22982 671.85 9.89135 8.52258 6.56622 4.0172 661.959 110.591 36.4205 74.1703
internal_count=11061 235 203 10826 72 10754 212 164 99 53 10542 2391 1094 1297
is_linear=0
shrinkage=0.05


Tree=128
num_leaves=15
num_cat=0
split_feature=13 4 24 13 29 20 28 13 38 35 26 19 27 18
split_gain=2.87563 2.61759 1.00156 0.714246 0.657956 1.40097 0.513623 0.818397 0.721105 0.841298 1.0555 0.752283 1.52485 1.10014
threshold=2.9700856208801274 0.46428571641445165 0.44505494832992559 3.2769666910171513 1.7005987167358401 0.73214286565780651 2.1833333969116215 1.4978661537170412 1.0000000180025095e-35 1.0000000180025095e-35 0.22500000149011615 0.46428571641445165 1.8705183267593386 0.19682539999485019
decision_type=2 2 2 2 2 2 2 2 2 2 2 2 2 2
left_child=6 2 4 -4 5 -2 -1 -8 9 10 -9 12 -11 -14
right_child=1 -3 3 -5 -6 -7 7 8 -10 11 -12 -13 13 -15
leaf_value=-0.00013865769545513967 -0.052322561013070257 0.079446133932121549 0.0073912218591077345 0.089085441308462354 -0.050821742413345333 0.058358994160471744 -0.10477292634122258 -0.035442248147762478 0.071932795376249706 0.1103739689649969 0.022160558939158744 -0.038831081211607783 -0.05933770858481701 0.048245412395075106
leaf_weight=666.07460572771379 0.51522142285830275 2.1436477356473915 0.57066933187888913 0.5037046105862828 0.75830265320109891 0.64235414005815983 0.23713151665287924 4.0352152646155446 0.25666284046019416 0.44282968976767711 0.990465898066759 0.48062843777006481 0.44491576332075056 0.51003943898831494
leaf_count=10158 96 32 34 12 54 7 15 515 30 11 15 28 40 14
internal_value=6.04662e-11 0.0372789 0.0070502 0.0456924 -0.0146193 0.00909611 -0.000284178 -0.0133862 -0.0103599 -0.0134192 -0.0240898 0.01513 0.0336845 -0.0018778
internal_weight=678.606 5.1339 2.99025 1.07437 1.91588 1.15758 673.472 7.39789 7.16076 6.90409 5.02568 1.87841 1.39778 0.954955
internal_count=11061 235 203 46 157 103 10826 668 653 623 530 93 65 54
is_linear=0
shrinkage=0.05


Tree=129
num_leaves=15
num_cat=0
split_feature=13 4 13 24 28 2 18 24 17 28 21 27 29 36
split_gain=2.25122 1.94587 1.39021 1.0831 0.591953 0.502857 5.0547 2.50092 2.32153 2.04331 2.56857 2.47612 1.86587 4.40067
threshold=2.9700856208801274 0.13392857462167743 3.113268375396729 0.44505494832992559 -0.18333333730697629 1.0000000180025095e-35 0.11666667088866235 0.89444443583488475 0.4083333313465119 1.3095238208770754 0.77500000596046459 1.5728796720504763 1.2424533367156985 1.0000000180025095e-35
decision_type=2 2 2 2 2 2 2 2 2 2 2 2 2 2
left_child=5 2 -2 4 -3 12 -7 9 -9 -8 11 -11 -1 -14
right_child=1 3 -4 -5 -6 6 7 8 -10 10 -12 -13 13 -15
leaf_value=0.00038580565645971251 0.029715390037548441 0.057704496447959636 -0.060884314199533919 0.089834415511460805 -0.0043623666068524592 0.06089827541711651 0.010430838430794212 -0.077252374189027959 -0.0053526777954810735 0.025318377928952276 -0.072560773548709087 -0.038562774737047771 -0.011977774704354996 0.030318188581393315
leaf_weight=554.36152792906796 1.0271609259070817 0.85180833736376371 0.72036244827904727 1.448470071525662 0.69972358500672294 3.6942920228320864 28.658894028165378 1.897076618275604 2.7503594307927415 3.3902585665127836 1.7099266345612703 2.7452732178353472 66.843751686625183 6.7729313955642274
leaf_count=7112 73 15 65 16 66 118 753 17 69 158 32 210 2206 151
internal_value=9.48373e-11 0.0343099 -0.00763154 0.058741 0.029713 -0.000242094 0.00487297 -0.000156549 -0.034702 0.0042415 -0.0183677 -0.00326451 -0.000607379 -0.00808643
internal_weight=677.572 4.74753 1.74752 3 1.55153 672.824 44.8461 41.1518 4.64744 36.5044 7.84546 6.13553 627.978 73.6167
internal_count=11061 235 138 97 81 10826 1357 1239 86 1153 400 368 9469 2357
is_linear=0
shrinkage=0.05


Tree=130
num_leaves=15
num_cat=0
split_feature=13 4 13 24 20 4 18 29 38 41 29 24 30 21
split_gain=2.36325 1.81158 1.26162 1.24111 1.00468 0.699537 2.32952 1.77281 2.59593 1.70498 3.00213 2.02712 2.03773 2.15176
threshold=2.9700856208801274 0.13392857462167743 3.113268375396729 0.44505494832992559 0.73214286565780651 0.29285715520381933 0.092261906713247313 1.7005987167358401 1.0000000180025095e-35 1.0000000180025095e-35 1.4978661537170412 0.18333333730697635 1.4978661537170412 0.35416667163372045
decision_type=2 2 2 2 2 2 2 2 2 2 2 2 2 2
left_child=5 2 4 -3 -2 7 -7 -1 -9 11 -11 12 13 -8
right_child=1 3 -4 -5 -6 6 9 8 -10 10 -12 -13 -14 -15
leaf_value=-0.00072482154719901251 -0.053433317409735837 0.024577632673924099 -0.060187215337299566 0.087627151553413843 0.058117724763854711 0.048837485063758471 0.053993980937041879 -0.044016924599033586 0.042145209320911918 0.00014253385331130096 -0.034627692779221467 0.0010351078112222605 0.00044847864604380481 0.015112390759470868
leaf_weight=540.43585845299822 0.27623100888740626 1.4977321288970418 0.66879298247658869 1.6299491912795927 0.74955156398937106 2.7265868998656506 5.7245105640031424 4.8053129025574881 1.0685713583370668 36.796095463621896 7.4680068484012727 52.813508876999549 9.6803191771032271 9.4034640886238758
leaf_count=7488 66 81 65 16 7 69 244 340 65 612 315 1215 222 256
internal_value=7.73831e-11 0.0348774 -0.00675715 0.057435 0.0280784 -0.000250682 0.00312979 -0.00102176 -0.0283424 0.00210731 -0.00572372 0.00657299 0.0183624 0.0298254
internal_weight=675.744 4.82226 1.69458 3.12768 1.02578 670.922 124.612 546.31 5.87388 121.886 44.2641 77.6218 24.8083 15.128
internal_count=11061 235 138 97 73 10826 2933 7893 405 2864 927 1937 722 500
is_linear=0
shrinkage=0.05


Tree=131
num_leaves=15
num_cat=0
split_feature=13 20 4 18 29 38 28 36 26 42 15 22 28 4
split_gain=1.07152 1.26761 0.577375 2.23029 1.69058 2.11787 1.70359 2.06582 1.67036 1.65861 1.63596 1.61769 3.72822 2.57109
threshold=2.9700856208801274 0.58571431040763866 0.29285715520381933 0.092261906713247313 1.7005987167358401 1.0000000180025095e-35 1.5857142806053164 1.0000000180025095e-35 0.15476191043853763 4.5000000000000009 0.22500000149011615 0.53571429848670971 0.84523808956146251 0.46428571641445165
decision_type=2 2 2 2 2 2 2 2 2 2 2 2 2 2
left_child=2 -2 4 10 -1 6 7 -6 -7 11 -4 12 13 -5
right_child=1 -3 3 9 5 8 -8 -9 -10 -11 -12 -13 -14 -15
leaf_value=-0.00056968965467773581 -0.028722195980088506 0.038793975202865483 0.0023526638672817352 0.005967568570143981 -0.068413389420124968 -0.054108005723822433 0.019529666127202666 0.05161998117626293 0.081099742658481522 0.053905153250334265 0.079577265365673333 -0.00099327798158783411 -0.025780112610641684 0.053323939431316449
leaf_weight=539.39540970617236 0.87420491193188254 3.3951913602650166 1.1875079369638109 5.4825232911389303 3.4880263558516158 0.33866625955852192 0.92166275589261193 0.39950624416815106 0.70174836041405797 1.5139731430390373 1.6232840280281378 104.26102608298243 3.9137551232706747 6.005954708729405
leaf_count=7488 189 46 49 105 239 55 88 13 10 70 20 2467 112 110
internal_value=8.22531e-11 0.0249693 -0.000159293 0.00292046 -0.000859625 -0.0275947 -0.0415881 -0.056078 0.0370882 0.00189914 0.0469513 0.00124116 0.0163666 0.0307246
internal_weight=673.502 4.2694 669.233 123.988 545.245 5.84961 4.8092 3.88753 1.04041 121.177 2.81079 119.663 15.4022 11.4885
internal_count=11061 235 10826 2933 7893 405 340 252 65 2864 69 2794 327 215
is_linear=0
shrinkage=0.05


Tree=132
num_leaves=15
num_cat=0
split_feature=13 20 18 26 28 27 18 15 4 18 29 38 28 36
split_gain=0.818292 1.06626 0.892949 0.544333 0.531744 2.34372 1.2269 0.920793 0.557972 2.47592 2.01479 1.88218 1.72393 2.14933
threshold=2.9700856208801274 0.58571431040763866 0.043055556714534766 0.10555555671453477 -1.8166666626930235 2.1326155662536626 0.098015878349542632 0.22500000149011615 0.29285715520381933 0.092261906713247313 1.7005987167358401 1.0000000180025095e-35 1.5857142806053164 1.0000000180025095e-35
decision_type=2 2 2 2 2 2 2 2 2 2 2 2 2 2
left_child=4 3 -3 -2 5 6 7 -1 10 -10 -6 12 13 -12
right_child=1 2 -4 -5 8 -7 -8 -9 9 -11 11 -13 -14 -15
leaf_value=-0.032210736509582519 -0.04848448172875941 0.0029915969507350974 0.05646714276232611 0.047570554658038493 -0.00041251375850067604 0.064864849584086656 -0.071696092741527925 0.06843235398208751 0.049220065852076472 0.0019133541533853425 -0.068195110647107968 0.034200775448399688 0.019712240617966642 0.066789248970810566
leaf_weight=0.73991796834161483 0.67012286132376075 1.2936081723310056 1.9686856600455938 0.18911345303058624 536.83627404292929 0.64148734228365345 1.4720047019945921 0.3280157380795572 2.8311243070347691 119.98656274870154 3.5973143497976703 0.94973818224389095 0.89698791859700566 0.32123513158876438
leaf_count=83 179 25 21 10 7364 29 57 5 66 2832 228 63 88 11
internal_value=7.78833e-11 0.0222106 0.0352623 -0.0273433 -0.000136915 -0.0205296 -0.0420968 -0.00129822 -3.94161e-05 0.00300384 -0.000728257 -0.0301288 -0.0428161 -0.0571294
internal_weight=672.722 4.12153 3.26229 0.859236 668.601 3.18143 2.53994 1.06793 665.419 122.818 542.602 5.76528 4.81554 3.91855
internal_count=11061 235 46 189 10826 174 145 88 10652 2898 7754 390 327 239
is_linear=0
shrinkage=0.05


Tree=133
num_leaves=15
num_cat=0
split_feature=14 37 18 42 27 29 15 37 27 42 20 28 15 27
split_gain=0.970376 3.0238 2.16367 2.06267 1.60404 1.10826 0.978274 0.945901 4.95407 2.49106 1.14998 0.875137 2.07577 1.15292
threshold=2.5000000000000004 1.0000000180025095e-35 0.39365079998970037 3.5000000000000004 2.0975486040115361 1.2424533367156985 0.89444443583488475 1.0000000180025095e-35 1.2360399365425112 3.5000000000000004 0.43650794029235845 -1.8166666626930235 0.44505494832992559 2.1326155662536626
decision_type=2 2 2 2 2 2 2 2 2 2 2 2 2 2
left_child=7 2 4 -3 -2 -4 -6 11 9 10 -9 12 13 -1
right_child=1 3 5 -5 6 -7 -8 8 -10 -11 -12 -13 -14 -15
leaf_value=-0.02140062375757475 0.01531700146809912 -0.0028140737708854048 0.013198074211095014 -0.1029075399767254 -0.057798860657330621 -0.066230654394429517 0.018852624368965919 0.0052101358751938456 -0.085427430825221112 0.081849077484348082 0.063504620724821714 0.00019688377153388579 -0.08798759895850386 0.058923835332998255
leaf_weight=1.6834219350857891 8.8096560245685378 0.81044810736784656 0.58299806396826115 1.4104800456261726 1.374052678256702 1.780028004577616 0.59715715702623118 5.1357129296520707 1.0544845971744505 1.7890538899227975 1.0128620266914365 646.10835993677028 0.95004921365762118 0.60810236265388073
leaf_count=125 379 73 31 32 336 66 12 120 113 22 12 9684 22 34
internal_value=-2.77741e-11 -0.0124213 -0.00330352 -0.066382 0.00619401 -0.0466343 -0.0345781 0.000289896 0.0163954 0.0299222 0.0148131 6.68686e-05 -0.0258477 -8.49024e-05
internal_weight=673.707 15.3648 13.1439 2.22093 10.7809 2.36303 1.97121 658.342 8.99211 7.93763 6.14857 649.35 3.24157 2.29152
internal_count=11061 929 824 105 727 97 348 10132 267 154 132 9865 181 159
is_linear=0
shrinkage=0.05


Tree=134
num_leaves=15
num_cat=0
split_feature=13 27 26 18 22 27 30 17 39 28 20 37 27 18
split_gain=0.665018 1.76068 1.37347 1.23184 1.38835 1.80163 1.29369 1.01465 0.865812 0.783131 4.44782 1.49833 1.57151 1.41278
threshold=2.6020033359527592 1.4985301494598391 0.29166667163372045 0.12746598571538928 0.26785714924335485 2.5175391435623173 2.5249279737472539 0.18333333730697635 1.0000000180025095e-35 1.0714285969734194 0.30952382087707525 1.0000000180025095e-35 1.0495360493659975 0.093898810446262373
decision_type=2 2 2 2 2 2 2 2 2 2 2 2 2 2
left_child=9 -2 3 6 5 -5 7 -3 -6 11 13 -1 -13 -11
right_child=1 2 -4 4 8 -7 -8 -9 -10 10 -12 12 -14 -15
leaf_value=-2.8187029284705005e-05 -0.086809367010893312 -0.051690226429848433 0.058217619124632851 0.13556233948568336 -0.051752121258330536 0.030745239347629849 0.0083190923696231552 0.058500953726754491 0.020363857583477123 -0.018019285259528801 -0.073502800671541912 0.033910268580710279 -0.026535777386001491 0.0024653310287731807
leaf_weight=604.54507700972317 0.4477135930210342 1.7428445490077118 1.5532103003934015 0.56268375006038729 0.55581607582280423 1.5104151095729319 5.8059142467391212 0.23736313864355896 1.6568838858511299 11.412543011429078 2.3521396331489077 5.8996917111799112 1.3149457042600259 32.06830121625535
leaf_count=8184 5 288 34 11 68 63 375 8 115 797 19 131 38 925
internal_value=-1.59284e-11 0.0107547 0.0139606 0.00826634 0.0297944 0.0591949 -0.00358357 -0.0384819 0.00224879 -0.000230156 -0.00653407 0.000242132 0.0228933 -0.00291133
internal_weight=671.666 14.0728 13.6251 12.0719 4.2858 2.0731 7.78612 1.98021 2.2127 657.593 45.833 611.76 7.21464 43.4808
internal_count=11061 967 962 928 257 74 671 296 183 10094 1741 8353 169 1722
is_linear=0
shrinkage=0.05


Tree=135
num_leaves=15
num_cat=0
split_feature=2 18 30 29 36 15 22 4 20 22 13 26 21 6
split_gain=0.612387 3.56749 1.76166 1.49844 3.0117 2.94042 2.93843 2.96172 3.32705 2.63461 4.51906 2.51087 2.21121 4.25527
threshold=1.0000000180025095e-35 0.11666667088866235 1.7005987167358401 1.2424533367156985 1.0000000180025095e-35 0.38750000298023229 0.45000000298023229 0.13392857462167743 0.58571431040763866 0.95454546809196483 1.7005987167358401 0.18333333730697635 0.92857143282890331 1.0000000180025095e-35
decision_type=2 2 2 2 2 2 2 2 2 2 2 2 2 2
left_child=3 2 -2 -1 6 -6 7 8 -5 10 -8 -11 13 -13
right_child=1 -3 -4 4 5 -7 9 -9 -10 11 -12 12 -14 -15
leaf_value=0.00050274407789909425 0.069273615378874609 0.0014245459163438443 -0.021693867392120411 -0.076524128176728309 0.05028042694362949 -0.018153045187644698 -0.087766838728605037 0.05214566828243692 0.021129208525738699 -0.034998584031448579 -0.010203088272983437 0.012443252809314459 0.010114696318083954 -0.027472898209664906
leaf_weight=551.01953380696796 2.9938368309522043 40.331957164780761 0.6472891362645895 1.2894545509043376 4.2321134643570977 2.4951221718802117 3.1035283006494856 3.5898347901602392 2.6955558639601804 8.3378188494170882 4.7551598639329313 10.376539381570185 15.548244819859972 18.726425089058466
leaf_count=7159 61 1262 65 201 132 23 18 175 85 1107 296 127 103 247
internal_value=2.33547e-11 0.00570364 0.0531022 -0.000400541 -0.00702368 0.0248985 -0.0101622 0.019205 -0.0104691 -0.0138181 -0.0408343 -0.00981142 -0.00510816 -0.013241
internal_weight=670.142 43.9731 3.64113 626.169 75.1498 6.72724 68.4226 7.57485 3.98501 60.8477 7.85869 52.989 44.6512 29.103
internal_count=11061 1388 126 9673 2514 155 2359 461 286 1898 314 1584 477 374
is_linear=0
shrinkage=0.05


Tree=136
num_leaves=15
num_cat=0
split_feature=4 18 15 23 41 22 22 22 15 22 27 29 1 24
split_gain=0.681949 2.95758 2.25996 1.62751 1.55238 2.27807 3.3154 3.20602 1.9554 1.72355 3.67876 3.88881 2.18004 1.7408
threshold=0.29285715520381933 0.092261906713247313 0.22500000149011615 0.22500000149011615 1.0000000180025095e-35 0.45000000298023229 0.63333335518836986 0.95454546809196483 0.6904762089252473 0.73214286565780651 1.4487110376358034 1.4978661537170412 1.0000000180025095e-35 0.18333333730697635
decision_type=2 2 2 2 2 2 2 2 2 2 2 2 2 2
left_child=-1 2 3 -2 9 -6 -7 -8 -9 10 -3 -12 -13 -11
right_child=1 4 -4 -5 5 6 7 8 -10 13 11 12 -14 -15
leaf_value=-0.00076398102121255163 -0.059966823121109326 0.062414537736449893 0.079493404044763974 0.052669254958420855 -0.046506184649782401 0.052735579781177926 -0.072191565906487315 -0.008217713110515763 0.022279083679073972 0.016059660062588254 -0.01972912352907813 0.14680566538897852 0.029743151220611982 -0.0019563079049224981
leaf_weight=542.79420484477669 0.64536667287757088 4.0637647274415922 2.2018316315952688 0.63751132279867306 3.1426274833502239 2.5619438488502047 1.7468614675162815 29.802203243074473 6.381644698791205 18.802646807103883 5.2067806406121235 0.55507841467624497 1.4028461954731029 46.736240190330136
leaf_count=8074 33 87 22 18 85 26 52 681 101 595 124 13 70 1080
internal_value=-3.87496e-11 0.00334727 0.0487581 -0.00399363 0.00203298 -0.00549747 -0.00231479 -0.00603304 -0.00283908 0.00631336 0.0244135 0.00285964 0.0629308 0.00321235
internal_weight=666.682 123.887 3.48471 1.28288 120.403 43.6353 40.4927 37.9307 36.1838 76.7674 11.2285 7.16471 1.95792 65.5389
internal_count=11061 2987 73 51 2914 945 860 834 782 1969 294 207 83 1675
is_linear=0
shrinkage=0.05


Tree=137
num_leaves=15
num_cat=0
split_feature=2 18 30 19 18 20 13 15 23 24 22 35 23 23
split_gain=0.997201 5.72887 1.91169 1.50325 1.49176 1.92384 1.37381 1.55705 2.17941 2.11266 2.47409 1.99261 1.50642 1.41195
threshold=1.0000000180025095e-35 0.11666667088866235 1.4978661537170412 0.46428571641445165 0.16761904954910281 0.92857143282890331 2.6020033359527592 0.26785714924335485 0.90454545617103588 0.44505494832992559 0.95454546809196483 1.0000000180025095e-35 0.36666667461395269 0.58571431040763866
decision_type=2 2 2 2 2 2 2 2 2 2 2 2 2 2
left_child=-1 2 -2 -4 5 -3 7 9 11 10 -6 13 -11 -9
right_child=1 4 3 -5 6 -7 -8 8 -10 12 -12 -13 -14 -15
leaf_value=-0.0005168583898639787 0.077834841232486296 -0.04535313641727598 -0.059164396895432472 0.061734092511210426 -0.014208613990462471 0.052465030375178495 0.044971890501417901 -0.0028163480322996263 -0.065647509706346086 -0.059485511945446101 0.048080315088858488 -0.057133081845941229 0.015017335882975009 0.034020698106619431
leaf_weight=622.58596475166269 3.5279226630809708 3.0558994742168575 0.52212078565935349 0.50657708162907511 2.2067685150977905 0.60161061026155938 1.9583382066630282 17.710407754086201 1.4042852502316225 1.2883634079189508 5.7426864062726963 1.4971290619578201 1.4333004314685238 3.049142839270643
leaf_count=9673 47 170 71 8 60 7 87 602 22 49 157 29 27 52
internal_value=2.52571e-11 0.00723047 0.0603468 0.000371455 0.00117181 -0.0292634 0.0042392 0.00191577 -0.00523513 0.0177714 0.0307889 -0.00142341 -0.0202503 0.00259424
internal_weight=667.091 44.5046 4.55662 1.0287 39.9479 3.65751 36.2904 34.3321 23.661 10.6711 7.94945 22.2567 2.72166 20.7596
internal_count=11061 1388 126 79 1262 177 1085 998 705 293 217 683 76 654
is_linear=0
shrinkage=0.05


Tree=138
num_leaves=15
num_cat=0
split_feature=4 18 15 38 13 23 42 18 4 15 18 25 27 34
split_gain=0.828176 3.83659 2.09336 1.48496 1.84887 1.43961 1.34898 1.33431 3.71396 2.79377 3.27055 2.91516 3.44086 2.66001
threshold=0.29285715520381933 0.092261906713247313 0.22500000149011615 1.0000000180025095e-35 1.7005987167358401 0.22500000149011615 1.0000000180025095e-35 0.048115082085132606 0.11805555596947671 0.30952382087707525 0.092261906713247313 0.15476191043853763 1.0495360493659975 1.0000000180025095e-35
decision_type=2 2 2 2 2 2 2 2 2 2 2 2 2 2
left_child=7 2 5 -3 6 -2 -5 -1 -9 10 -10 12 -12 -11
right_child=1 3 -4 4 -6 -7 -8 8 9 13 11 -13 -14 -15
leaf_value=7.5721835029316366e-05 -0.058113372803810161 0.0010749439055596098 0.077517703222318976 0.082129369126414914 -0.020638568553103975 0.05084398832385012 0.011132190760324921 -0.075657336295451155 -0.051573412905384364 -0.0022727397594791542 -0.0011420096399578021 0.013426021230451824 -0.055651989737531805 0.035209359352496708
leaf_weight=476.89685667263257 0.58573501025966768 115.19957322336268 2.6589024891145527 1.7005038908682761 1.1697293522593097 0.62840230396250263 1.1030447972298132 1.9422959309886199 5.6749026003963108 31.481712280678039 6.6619135360233503 8.6250260623928607 5.1200331214349717 5.571071444079279
leaf_count=6795 33 2782 22 23 62 18 47 36 234 524 69 192 182 42
internal_value=-1.99035e-11 0.00370314 0.0526779 0.00211149 0.0321646 -0.0017202 0.0541958 -0.000840734 -0.0075567 -0.00546163 -0.017998 -0.00866117 -0.0248302 0.00336288
internal_weight=665.02 123.046 3.87304 119.173 3.97328 1.21414 2.80355 541.974 65.077 63.1347 26.0819 20.407 11.7819 37.0528
internal_count=11061 2987 73 2914 132 51 70 8074 1279 1243 677 443 251 566
is_linear=0
shrinkage=0.05


Tree=139
num_leaves=15
num_cat=0
split_feature=4 18 38 13 22 28 18 42 42 18 4 42 22 25
split_gain=0.736854 2.97187 2.27678 1.77701 1.76154 1.83536 1.46802 1.46776 1.31794 1.23279 4.04126 2.35828 2.27134 2.73835
threshold=0.29285715520381933 0.11666667088866235 1.0000000180025095e-35 1.7005987167358401 0.95454546809196483 0.58571431040763866 0.098015878349542632 1.0000000180025095e-35 4.5000000000000009 0.048115082085132606 0.11805555596947671 1.5000000000000002 0.45000000298023229 0.89444443583488475
decision_type=2 2 2 2 2 2 2 2 2 2 2 2 2 2
left_child=9 4 8 7 -2 -6 -7 -4 -3 -1 -11 12 13 -12
right_child=1 2 3 -5 5 6 -8 -9 -10 10 11 -13 -14 -15
leaf_value=8.4888733578454998e-05 -0.017948612496483447 -0.0002453276319327167 0.082633518707398559 -0.016857001253810188 0.070156915365373967 -0.048593160704540693 0.048994023609899337 0.010528621397567292 0.04942182726681657 -0.075435930159225173 0.0014810739688576064 0.012657902000214867 -0.015056263469755291 0.082659617778190531
leaf_weight=476.46941724407952 1.175543063392978 111.11750966164982 2.0056549981236453 1.0948009644635019 3.4885769654647447 0.70367762216483221 0.85196284533594735 1.0889779260469366 1.3519127401814319 2.1038772007450453 6.3631034259306025 14.539254192695806 40.336540966694884 1.2415235451189799
leaf_count=6795 52 2633 23 58 46 31 27 47 70 36 166 500 558 19
internal_value=2.12687e-11 0.00349527 0.00169982 0.0378917 0.0371711 0.0500167 0.00485149 0.0572604 0.000351685 -0.00079381 -0.0072764 -0.00498129 -0.0103308 0.0147342
internal_weight=663.932 122.879 116.659 4.18943 6.21976 5.04422 1.55564 3.09463 112.469 541.054 64.5843 62.4804 47.9412 7.60463
internal_count=11061 2987 2831 128 156 104 58 70 2703 8074 1279 1243 743 185
is_linear=0
shrinkage=0.05


Tree=140
num_leaves=15
num_cat=0
split_feature=4 18 38 13 22 42 28 18 42 22 29 28 21 23
split_gain=0.847416 2.87069 3.18615 1.92901 1.65837 1.59055 1.56058 1.30715 1.1284 1.21215 3.00938 1.74808 1.89068 1.82613
threshold=0.29285715520381933 0.11666667088866235 1.0000000180025095e-35 1.7005987167358401 0.95454546809196483 1.0000000180025095e-35 0.58571431040763866 0.098015878349542632 4.5000000000000009 0.58571431040763866 0.89587974548339855 0.84523808956146251 0.6904762089252473 0.43650794029235845
decision_type=2 2 2 2 2 2 2 2 2 2 2 2 2 2
left_child=-1 4 8 5 -2 -4 -6 -8 9 10 -3 12 -12 -14
right_child=1 2 3 -5 6 -7 7 -9 -10 -11 11 -13 13 -15
leaf_value=-0.00084851605947713861 -0.01674866669090664 -0.013944750575094917 0.082838515579760713 -0.015532832856043911 0.067572390244759903 0.0099657891111935449 -0.045306795907515844 0.047655247902569579 0.046716941007744019 -0.0021980340260212262 0.089165583245106428 -0.015241427597359601 0.0035922008468520584 0.066812325536207681
leaf_weight=543.75503949606718 1.173542476914007 5.7610703199170521 2.4545572551432993 1.0881013415055347 3.5221483637578785 1.0774800967192275 0.66935612069210015 0.86915613009477966 1.2947744574630622 97.311102631116228 1.7434830448473784 1.5018315807392353 2.9154251795262098 1.8780750976875422
leaf_count=8074 52 63 23 58 46 47 31 27 70 2325 71 84 73 17
internal_value=-1.4655e-10 0.00374318 0.00198201 0.0426759 0.0368031 0.060608 0.0492215 0.00721052 0.000309398 -0.000231389 0.0136366 0.0334029 0.0445787 0.0283616
internal_weight=667.015 123.26 117.026 4.62014 6.2342 3.53204 5.06066 1.53851 112.406 111.111 13.7999 8.03881 6.53698 4.7935
internal_count=11061 2987 2831 128 156 70 104 58 2703 2633 308 245 161 90
is_linear=0
shrinkage=0.05


Tree=141
num_leaves=15
num_cat=0
split_feature=4 38 18 13 15 20 41 29 21 18 20 4 15 16
split_gain=1.15773 3.68907 4.40275 3.44055 1.78056 1.39956 1.22423 2.16329 2.13438 2.33604 2.58824 2.66616 4.8586 4.5679
threshold=0.29285715520381933 1.0000000180025095e-35 0.092261906713247313 1.7005987167358401 0.22500000149011615 0.63333335518836986 1.0000000180025095e-35 1.4978661537170412 0.46428571641445165 0.17500000447034839 0.58571431040763866 0.63333335518836986 0.30952382087707525 0.30952382087707525
decision_type=2 2 2 2 2 2 2 2 2 2 2 2 2 2
left_child=-1 2 4 5 -2 -3 8 -8 -4 -10 11 13 -13 -11
right_child=1 3 6 -5 -6 -7 7 -9 9 10 -12 12 -14 -15
leaf_value=-0.00099315965267749579 0.0040926411639141931 0.02266298415932734 0.017635759400077472 -0.026430537101683884 0.07876528758256332 0.085040775509378996 -0.00082887319753530543 -0.03063419643721892 0.024522763454798226 -0.049343673741071369 0.0098903153693435681 0.032849007578952698 -0.028560544954094033 0.018429984169950935
leaf_weight=544.58105176068784 1.1526884814666112 1.2928412306937378 22.169876948522869 1.3178018996841272 2.596691639861092 2.9536130763590336 35.434290092700394 7.350804213419905 7.5918542520812471 9.497246554863521 16.455746775958687 6.1248294289689511 6.7934320752538042 3.3678225712501453
leaf_count=8074 48 57 921 66 21 13 615 330 110 211 234 126 172 63
internal_value=-7.23137e-11 0.00435824 0.00249047 0.0441473 0.0558083 0.0660497 0.000748892 -0.00594965 0.00472937 -0.0010127 -0.00560233 -0.0154902 0.000555063 -0.0316019
internal_weight=668.681 124.1 118.535 5.56426 3.74938 4.24645 114.786 42.7851 72.0008 49.8309 42.2391 25.7833 12.9183 12.8651
internal_count=11061 2987 2851 136 69 70 2782 945 1837 916 806 572 298 274
is_linear=0
shrinkage=0.05


Tree=142
num_leaves=15
num_cat=0
split_feature=28 28 27 18 19 4 24 19 12 26 35 28 30 22
split_gain=0.569857 2.29573 1.28542 2.20206 4.10828 2.5573 2.31748 1.16251 2.4819 1.06566 1.14725 2.1516 1.231 1.11473
threshold=1.0714285969734194 1.1833333373069765 1.1425125002861025 0.20750001072883609 0.63333335518836986 0.13392857462167743 0.30952382087707525 0.63333335518836986 1.0000000180025095e-35 0.29166667163372045 1.0000000180025095e-35 2.1833333969116215 2.6735538244247441 0.45000000298023229
decision_type=2 2 2 2 2 2 2 2 2 2 2 2 2 2
left_child=7 -2 3 5 -5 6 -3 -1 -9 10 11 -4 13 -12
right_child=1 2 9 4 -6 -7 -8 8 -10 -11 12 -13 -14 -15
leaf_value=9.858191225410991e-05 -0.10131166097538968 0.013037227674669458 0.01445457241543468 -0.086824575033641535 -0.0058961938679601275 0.023943407957540321 -0.093595208605301128 -0.028249605176630305 0.027908779645554695 0.028640166822956583 -0.063979767091181514 -0.024421856038451185 0.055870936083944771 -0.013297788589142386
leaf_weight=604.87557096966339 0.61504354201315337 0.96392960555385654 14.956452145161167 2.5844222381711006 3.9881098419427872 4.5695213377475739 1.0809182657394556 2.4983734949491891 9.2574360044673085 3.2100972392363465 1.2622345244162714 4.6703652007672636 0.56185933027882207 7.7237288365140557
leaf_count=8445 16 48 885 15 104 44 8 19 454 79 44 600 27 273
internal_value=-8.61609e-11 -0.00535686 -0.00406183 -0.0172215 -0.0377185 0.0031459 -0.0433293 0.000401237 0.0159739 0.00129671 -0.00171191 0.0052036 -0.0159276 -0.020417
internal_weight=662.818 46.1867 45.5716 13.1869 6.57253 6.61437 2.04485 616.631 11.7558 32.3847 29.1746 19.6268 9.54782 8.98596
internal_count=11061 2143 2127 219 119 100 56 8918 473 1908 1829 1485 344 317
is_linear=0
shrinkage=0.05


Tree=143
num_leaves=15
num_cat=0
split_feature=28 27 18 26 28 15 28 7 28 24 36 15 30 2
split_gain=0.496448 1.63456 0.898356 0.808009 0.710565 2.57486 0.795232 1.38839 0.981511 0.71172 1.23533 0.62639 0.940015 0.624977
threshold=-1.8166666626930235 2.1326155662536626 0.098015878349542632 0.29166667163372045 -1.2250000238418577 0.15476191043853763 -0.81666666269302357 1.0000000180025095e-35 -0.73214286565780629 0.58571431040763866 1.0000000180025095e-35 0.38750000298023229 1.7005987167358401 1.0000000180025095e-35
decision_type=2 2 2 2 2 2 2 2 2 2 2 2 2 2
left_child=1 2 3 -1 5 -2 7 11 9 10 -8 12 -6 -10
right_child=4 -3 -4 -5 6 -7 8 -9 13 -11 -12 -13 -14 -15
leaf_value=-0.044535070253974303 -0.0394496195092299 0.053405745435672086 -0.067411435241402584 0.048273469563012116 -0.06950797996460488 0.062153025914697346 -0.027971944880002677 -0.048786815990779102 -0.00040044416007260856 0.080254844845756443 0.070850422841660862 0.080797075394560713 0.045139480782863568 0.0060127823869218482
leaf_weight=0.52906026983691834 0.97327872454479747 0.58688219217583526 1.2946384851529726 0.42125118942931294 0.31080350994307016 1.7354519412183433 0.72985288122435921 2.08141363823961 608.42288507371268 0.61426522012334306 0.55802486836910248 0.31473947432823479 0.42093687511805911 40.518278644980455
leaf_count=71 150 36 57 17 29 35 56 149 9137 8 4 9 25 1278
internal_value=-5.48594e-11 -0.02089 -0.0403127 -0.00339518 9.0085e-05 0.025646 -1.57669e-05 -0.0251664 0.000105105 0.0359692 0.0148468 0.0218137 -0.00355652 -1.81819e-08
internal_weight=659.512 2.83183 2.24495 0.950311 656.68 2.70873 653.971 3.12789 650.843 1.90214 1.28788 1.04648 0.73174 648.941
internal_count=11061 181 145 88 10880 185 10695 212 10483 68 60 63 54 10415
is_linear=0
shrinkage=0.05


Tree=144
num_leaves=15
num_cat=0
split_feature=28 15 8 18 25 1 13 27 27 23 18 29 19 8
split_gain=0.946573 1.94747 0.86154 1.08059 0.823127 0.947178 0.543079 2.52176 2.1306 1.85343 1.7654 2.56557 1.94897 1.60604
threshold=-1.8166666626930235 0.44505494832992559 1.0000000180025095e-35 0.19682539999485019 0.44505494832992559 1.0000000180025095e-35 2.3502402305603032 1.4634918570518496 2.2259460687637334 0.13392857462167743 0.087301589548587813 1.4978661537170412 0.38750000298023229 1.0000000180025095e-35
decision_type=2 2 2 2 2 2 2 2 2 2 2 2 2 2
left_child=1 2 -1 4 5 -4 -2 -8 10 -10 11 -9 -13 -12
right_child=6 -3 3 -5 -6 -7 7 8 9 -11 13 12 -14 -15
leaf_value=-0.056715391721617915 -0.00017990448776455069 -0.087399362533273309 -0.05492637920252666 -0.060947918306625909 0.087465812843431107 0.064660384464458903 -0.043469613501554698 0.04619718302417769 0.0060532342875874324 -0.053567620222530504 0.12351709047735569 -0.065847920728382373 0.058379338684079976 0.039796722007913898
leaf_weight=0.51125324738677558 627.425098849184 0.9456886623520403 0.33810859450022668 0.33540775836445402 0.52476092883443926 0.32448791875503957 2.2905797371640828 1.8655854070384541 16.312288076660483 1.4167399728612498 0.65974377398379136 1.3856270660035077 0.40889757650438685 4.3489353595941793
leaf_count=66 9099 22 53 19 16 5 25 63 1255 112 18 117 12 179
internal_value=-5.62173e-11 -0.0281175 -0.000555186 0.0183 0.0406862 0.00363786 0.000127694 0.00685498 0.0112217 0.00128889 0.0315359 0.00514064 -0.0375417 0.0508244
internal_weight=659.093 2.97971 2.03402 1.52277 1.18736 0.662597 656.113 28.6884 26.3978 17.729 8.66879 3.66011 1.79452 5.00868
internal_count=11061 181 159 93 74 58 10880 1781 1756 1367 389 192 129 197
is_linear=0
shrinkage=0.05


Tree=145
num_leaves=15
num_cat=0
split_feature=13 25 26 27 29 8 27 30 25 29 27 42 20 4
split_gain=0.560481 1.88765 1.5579 2.23516 1.52882 1.03168 2.97186 1.89261 2.45618 2.14589 2.00839 1.77212 1.42117 1.29948
threshold=2.3502402305603032 0.81666666269302379 0.29166667163372045 1.5160248279571535 0.89587974548339855 1.0000000180025095e-35 2.1815079450607304 2.4414010047912602 0.35416667163372045 1.2424533367156985 1.9152100682258608 2.5000000000000004 0.43650794029235845 0.84523808956146251
decision_type=2 2 2 2 2 2 2 2 2 2 2 2 2 2
left_child=-1 2 3 -2 -3 6 -5 8 10 11 -7 -9 13 -8
right_child=1 4 -4 5 -6 7 12 9 -10 -11 -12 -13 -14 -15
leaf_value=-0.00031112301582398048 -0.057002005464316663 -0.0030453217345675367 0.036447667245468184 0.099810678284659157 0.083654907090567096 0.0084279066143360983 -0.032649795227756608 0.058841082337627498 0.019599991202299286 -0.054843693717813252 -0.060764035062410029 -0.037438276298195822 0.01856337635399409 0.11660285285852004
leaf_weight=629.92716663929605 1.6700450340285993 0.8074129694141442 3.1023150009568772 0.92873828551091797 1.3732483835774472 1.4618506740953305 2.5870921436217018 2.454429437057116 2.445316361146979 0.73966291442047793 3.7113874026363192 0.59349888935685147 6.6298433608317282 0.15454783668974403
leaf_count=9248 22 36 59 31 17 64 404 55 217 171 489 60 183 5
internal_value=-4.70942e-12 0.00683842 0.00315592 -0.00126227 0.0515532 0.00302623 0.0144971 -0.00733241 -0.0216931 0.0215535 -0.0412118 0.0400934 0.00604226 -0.0242363
internal_weight=658.587 28.6594 26.4787 23.3764 2.18066 21.7064 10.3002 11.4061 7.61855 3.78759 5.17324 3.04793 9.37148 2.74164
internal_count=11061 1813 1760 1701 53 1679 623 1056 770 286 553 115 592 409
is_linear=0
shrinkage=0.05


Tree=146
num_leaves=15
num_cat=0
split_feature=13 25 27 24 27 8 29 23 4 18 18 27 27 15
split_gain=0.686579 2.38716 1.72064 1.5685 1.41372 1.82624 1.54801 1.48576 1.22649 1.1594 1.47585 1.21854 1.55142 1.17936
threshold=2.3502402305603032 0.81666666269302379 1.4985301494598391 0.84523808956146251 2.2259460687637334 1.0000000180025095e-35 1.4978661537170412 0.13392857462167743 0.23611111193895343 0.64583334326744091 0.25000001490116125 2.3895369768142705 2.394437432289124 0.89444443583488475
decision_type=2 2 2 2 2 2 2 2 2 2 2 2 2 2
left_child=-1 2 -2 -3 5 -4 -7 9 -8 10 11 -6 -13 -12
right_child=1 3 4 -5 7 6 8 -9 -10 -11 13 12 -14 -15
leaf_value=-0.0003453169033998955 -0.035005983219087627 0.098020201903598975 0.084235177870807199 0.019668259712784807 -0.053356501843998497 0.043014918303396259 -0.056223467518396311 -0.052844196411147418 0.01091668615826245 0.069882559538676989 -0.070669413860237756 0.112831820955919 0.0072134798234812477 0.02304340128499173
leaf_weight=629.68554716894869 2.6733746202662649 1.1152925491332999 1.1244583002990136 1.49486671021441 0.79993957276019401 2.7290594446239993 0.93696751599054584 1.2679967470758118 2.48215726527269 0.63051621906925071 1.1767286935937598 0.35848452072241244 11.546113622389383 0.46975348936393846
leaf_count=9248 32 1 46 52 242 99 94 110 141 10 116 6 853 11
internal_value=-1.34662e-11 0.00754854 0.00300503 0.0531472 0.00732511 0.0256477 0.0149325 -0.000875351 -0.00748222 0.00352315 0.000607632 0.00637994 0.010394 -0.0439325
internal_weight=658.491 28.8057 26.1956 2.61016 23.5222 7.27264 6.14818 16.2495 3.41912 14.9815 14.351 12.7045 11.9046 1.64648
internal_count=11061 1813 1760 53 1728 380 334 1348 235 1238 1228 1101 859 127
is_linear=0
shrinkage=0.05


Tree=147
num_leaves=15
num_cat=0
split_feature=13 27 27 18 27 19 8 29 8 39 24 26 23 30
split_gain=0.532469 1.24638 1.99578 1.65146 2.18226 1.84923 1.4843 1.44704 2.24568 1.67132 1.64555 1.33375 1.14311 1.55635
threshold=2.3502402305603032 1.4634918570518496 2.2259460687637334 0.087301589548587813 2.2103356122970585 0.30952382087707525 1.0000000180025095e-35 1.2424533367156985 1.0000000180025095e-35 1.0000000180025095e-35 0.58571431040763866 0.29166667163372045 0.63333335518836986 1.2424533367156985
decision_type=2 2 2 2 2 2 2 2 2 2 2 2 2 2
left_child=-1 -2 3 4 5 11 -5 -4 9 -9 -11 -3 13 -8
right_child=1 2 7 6 -6 -7 12 8 -10 10 -12 -13 -14 -15
leaf_value=-0.00029951147692344748 -0.030750315407000212 -0.061730562354819642 0.0090195817529034675 0.10334931888664788 0.11542826516914025 0.057238061285055236 0.042317513977046375 -0.055726494726052733 -0.059516408737481589 0.056206215556210561 -0.063065193808149886 0.018050593378297907 0.082540771277895289 -0.033081108914425908
leaf_weight=629.17238535274373 2.0510241370648172 1.499572033601001 12.267889974842548 0.95375067798886437 0.37880333044449788 0.73464614103431802 2.3717160564847295 0.72913467252510522 2.2713406320472131 1.5180173315238787 0.35724360153835744 0.80511302198283363 0.9575545098632573 0.96203093315125432
leaf_count=9248 25 146 548 18 14 26 85 131 567 121 26 12 5 89
internal_value=-2.20121e-11 0.0067645 0.00974603 0.0293061 0.00226371 -0.0118404 0.0469293 -0.000138276 -0.0231805 0.00850879 0.0334846 -0.03386 0.0343899 0.0205595
internal_weight=657.03 27.8578 25.8068 8.66319 3.41813 3.03933 5.24505 17.1436 4.87574 2.6044 1.87526 2.30469 4.2913 3.33375
internal_count=11061 1813 1788 395 198 184 197 1393 845 278 147 158 179 174
is_linear=0
shrinkage=0.05


Tree=148
num_leaves=15
num_cat=0
split_feature=13 27 27 30 25 28 28 28 20 27 27 18 19 4
split_gain=0.800574 1.07325 1.30409 1.73982 1.11415 1.07163 1.02869 0.776426 1.5709 1.45062 1.62998 1.85942 3.74263 1.82315
threshold=2.6020033359527592 1.4985301494598391 2.1555545330047612 1.7005987167358401 0.5634920895099641 -0.26785714924335474 0.26785714924335485 1.0714285969734194 0.30952382087707525 2.0809439420700078 1.1425125002861025 0.20750001072883609 0.63333335518836986 0.13392857462167743
decision_type=2 2 2 2 2 2 2 2 2 2 2 2 2 2
left_child=7 -2 3 6 5 -4 -3 -1 9 10 11 13 -13 -9
right_child=1 2 4 -5 -6 -7 -8 8 -10 -11 -12 12 -14 -15
leaf_value=0.00021431657707446795 -0.077394789603912065 -0.014051212842288399 -0.055420897085173317 0.10706926250557219 -0.061454942049822395 0.014000332021980783 0.04788082547585823 -0.03746371652153227 -0.054712510227639545 -0.033572102190226084 0.00565162330488509 -0.084464681883801296 -0.0056431459924848014 0.021928949624568962
leaf_weight=600.74411481367861 0.32571855373680492 1.1556747606664428 0.59701741844764633 0.76615456375293423 0.59597328350355461 8.0726280399976513 1.5970800025752394 1.8770222727907802 1.6421467512845982 3.9699127759704416 24.731956924013502 2.4121696911752224 4.0089400059077889 4.1463569579645991
leaf_count=8353 5 54 148 7 51 631 71 56 19 420 1083 15 104 44
internal_value=-4.3075e-11 0.0122317 0.0145151 0.040428 0.00467392 0.00921978 0.0218802 -0.000249188 -0.00675672 -0.0048428 -0.00177493 -0.0165343 -0.0352534 0.00342084
internal_weight=656.643 13.1102 12.7845 3.51891 9.26562 8.66965 2.75275 643.533 42.7885 41.1464 37.1764 12.4445 6.42111 6.02338
internal_count=11061 967 962 132 830 779 125 10094 1741 1722 1302 219 119 100
is_linear=0
shrinkage=0.05


Tree=149
num_leaves=15
num_cat=0
split_feature=13 28 28 25 27 28 19 12 27 21 8 39 19 29
split_gain=1.04023 1.16432 0.991586 0.830872 0.900642 0.767569 1.298 1.81415 1.24453 1.51487 3.14714 1.61417 2.31799 2.31371
threshold=2.6020033359527592 -1.7749999761581419 -0.41428571939468378 0.6904762089252473 1.4985301494598391 1.0714285969734194 0.63333335518836986 1.0000000180025095e-35 2.0809439420700078 0.30952382087707525 1.0000000180025095e-35 1.0000000180025095e-35 0.41428571939468389 1.2424533367156985
decision_type=2 2 2 2 2 2 2 2 2 2 2 2 2 2
left_child=5 -2 -3 4 -4 6 -1 -8 9 10 -7 13 -13 -11
right_child=1 2 3 -5 -6 8 7 -9 -10 11 -12 12 -14 -15
leaf_value=-0.00014325261702664304 0.075827110407981443 -0.057185929201638785 -0.074284317049826951 -0.053069047477541098 0.017996283214109007 -0.080330047381333036 -0.026445447502458447 0.026733125315220832 -0.033466018825745111 -0.0014635007200914092 0.0092875978131956496 -0.041370957557741762 0.0088614962950258093 -0.066290158163405027
leaf_weight=589.65411602015229 0.7169207648767032 0.52148089620459259 0.27073211036622247 0.45460673375055272 11.315656923696222 1.0296981544379402 1.9522394249215693 8.9846971451770514 3.9620266230085681 2.4973364229372246 20.154161116763134 3.1292723973674592 8.630701895519449 3.0664469957700931
leaf_count=7881 25 129 5 26 782 59 18 454 420 70 766 116 223 87
internal_value=5.49239e-11 0.0138518 0.010315 0.0132384 0.01584 -0.000286044 0.000173315 0.0172408 -0.00678215 -0.00403666 0.00493149 -0.0150031 -0.00450512 -0.0371923
internal_weight=656.34 13.2794 12.5625 12.041 11.5864 643.061 600.591 10.9369 42.4696 38.5076 21.1839 17.3238 11.76 5.56378
internal_count=11061 967 942 813 787 10094 8353 472 1741 1321 825 496 339 157
is_linear=0
shrinkage=0.05


Tree=150
num_leaves=15
num_cat=0
split_feature=13 28 28 25 27 27 28 29 28 13 28 39 34 19
split_gain=1.32924 2.67073 0.851769 0.701467 0.697225 0.891444 1.06752 0.661226 0.712741 1.18219 1.22101 1.15932 2.10921 1.05123
threshold=2.6020033359527592 -1.7749999761581419 -0.41428571939468378 0.6904762089252473 1.4985301494598391 2.1397076845169072 0.26785714924335485 2.0126758217811589 0.18333333730697635 2.7403194904327397 1.9166666865348818 1.0000000180025095e-35 1.0000000180025095e-35 0.46428571641445165
decision_type=2 2 2 2 2 2 2 2 2 2 2 2 2 2
left_child=-1 -2 -3 4 -4 6 -6 8 11 10 13 12 -7 -10
right_child=1 2 3 -5 5 7 -8 -9 9 -11 -12 -13 -14 -15
leaf_value=-0.00032674670994990712 0.0842033303690507 -0.056735585373420327 -0.072089817437933953 -0.051575924938983601 -0.0038548588691271739 -0.035834348972953893 0.061454288774772027 -0.059484684657159663 -0.060318909310046354 -0.039217030113547109 0.051296043475947573 0.059550274976913981 0.050342177218357279 0.063514866693902924
leaf_weight=642.50435920341988 1.2808381219801948 0.48322928547713573 0.23372350819408616 0.4315104251145393 0.94174983838456627 1.499025326484114 1.8644409170519791 0.35847328926320177 0.63129603700508674 1.5627881816253646 1.1919499748983069 1.4789045522920785 1.3490313152433373 0.2352407902944833
leaf_count=10094 25 129 5 26 31 45 69 66 103 334 75 30 24 5
internal_value=-2.77848e-11 0.0155024 0.00832577 0.0109951 0.0133747 0.0151721 0.0395367 0.00694122 0.00993709 -0.00642961 0.0184624 0.0236345 0.00498465 -0.0267015
internal_weight=656.047 13.5422 12.2614 11.7781 11.3466 11.1129 2.80619 8.30671 7.94824 3.62127 2.05849 4.32696 2.84806 0.866537
internal_count=11061 967 942 813 787 782 100 682 616 517 183 99 69 108
is_linear=0
shrinkage=0.05


Tree=151
num_leaves=15
num_cat=0
split_feature=13 27 30 39 29 23 4 18 15 28 27 27 30 27
split_gain=0.729977 1.34571 2.823 4.12982 2.01802 1.29143 1.09827 1.90003 2.70349 1.09088 1.08384 1.27875 0.852547 1.82085
threshold=2.3502402305603032 2.2259460687637334 1.4978661537170412 1.0000000180025095e-35 1.4978661537170412 0.13392857462167743 0.84523808956146251 0.20833335071802142 0.89444443583488475 0.64583334326744091 2.3895369768142705 2.394437432289124 1.4978661537170412 1.5975314974784853
decision_type=2 2 2 2 2 2 2 2 2 2 2 2 2 2
left_child=12 2 4 -4 -2 6 7 10 -9 -6 -3 -12 13 -1
right_child=1 5 3 -5 9 -7 -8 8 -10 -11 11 -13 -14 -15
leaf_value=-8.0918682260793895e-05 0.032701658423698078 -0.053007617628080483 -0.064904262261873819 0.080108750641275012 -0.04343038486707821 -0.052069064432276518 0.052849719441951409 -0.076846531335625273 0.031511291910161901 0.01250940490253989 0.122351406134314 0.0090438799075756669 -0.00681627030532065 0.030392456435574866
leaf_weight=575.35121882368549 3.0932770752988308 0.68841969706772843 0.58294233136257423 3.1119996639172314 2.2803265385591662 1.1450414111022826 1.0297809167750536 1.6789636029461701 0.87595066829817358 1.4106568565475752 0.25486093753715877 10.836223258749667 47.094861787438276 4.9441174319072152
leaf_count=7183 81 219 85 92 94 112 82 113 17 68 6 844 1785 280
internal_value=-1.72279e-11 0.00805175 0.0220655 0.0572304 0.00291355 -0.000843478 0.00297419 -0.000608855 -0.0396961 -0.0220508 0.00786897 0.0116476 -0.000346362 0.000178715
internal_weight=654.379 26.9884 10.4792 3.69494 6.78426 16.5092 15.3642 14.3344 2.55491 3.69098 11.7795 11.0911 627.39 580.295
internal_count=11061 1813 420 177 243 1393 1281 1199 130 162 1069 850 9248 7463
is_linear=0
shrinkage=0.05


Tree=152
num_leaves=15
num_cat=0
split_feature=13 27 27 22 22 20 28 23 29 4 18 15 13 27
split_gain=0.958144 1.52517 3.10632 1.90954 1.75799 2.55552 1.61866 1.2011 1.16466 1.1088 1.41523 2.33993 0.974138 0.955603
threshold=2.3502402305603032 2.2259460687637334 2.1301251649856572 0.95454546809196483 0.45000000298023229 0.92857143282890331 0.18333333730697635 0.13392857462167743 1.2424533367156985 0.84523808956146251 0.20833335071802142 0.89444443583488475 3.113268375396729 2.3895369768142705
decision_type=2 2 2 2 2 2 2 2 2 2 2 2 2 2
left_child=-1 2 3 8 -4 -6 -5 9 -2 10 13 -12 -10 -3
right_child=1 7 4 6 5 -7 -8 -9 12 -11 11 -13 -14 -15
leaf_value=-0.00039428586317139951 0.03076963553050141 -0.052542380571576675 0.09531681743258226 -0.029221622254870763 -0.063252200785903226 0.12383382599412532 0.049063563168720015 -0.05118888431718658 -0.045800411997907631 0.052223622860948393 -0.074717232836275377 0.029271468488249158 0.035477321340343169 0.010112348911271152
leaf_weight=626.83794803058845 0.94274370960192966 0.64418303454658499 1.9534845068264988 0.83947229753539465 0.48929245067120053 0.29114070534706116 3.0934955426637316 1.0834900585759886 2.4082900805369722 1.0760655842386775 1.4578522036026709 0.86014031164813776 0.43528462178073812 11.007799380353388
leaf_count=9248 23 219 25 39 76 1 99 112 143 82 113 17 14 850
internal_value=2.39223e-11 0.00929751 0.0241745 0.00795373 0.0699744 0.00654027 0.032354 -0.00034396 -0.0173916 0.00331747 -0.00044963 -0.03613 -0.0333587 0.00664847
internal_weight=653.421 26.5827 10.4532 7.71929 2.73392 0.780433 3.93297 16.1295 3.78632 15.046 13.97 2.31799 2.84357 11.652
internal_count=11061 1813 420 318 102 77 138 1393 180 1281 1199 130 157 1069
is_linear=0
shrinkage=0.05


Tree=153
num_leaves=15
num_cat=0
split_feature=13 27 27 22 28 29 13 34 23 4 18 15 27 23
split_gain=1.14945 1.62586 3.79627 1.8034 1.31508 1.29505 1.43217 1.14176 1.11161 1.15626 1.25113 2.12765 1.10486 4.59684
threshold=2.3502402305603032 2.2259460687637334 2.1301251649856572 0.95454546809196483 0.18333333730697635 1.7005987167358401 2.6735538244247441 1.0000000180025095e-35 0.13392857462167743 0.84523808956146251 0.20833335071802142 0.89444443583488475 1.8293302059173586 0.6904762089252473
decision_type=2 2 2 2 2 2 2 2 2 2 2 2 2 2
left_child=12 2 3 7 -5 -4 -7 -2 9 10 -3 -12 -1 -14
right_child=1 8 5 4 -6 6 -8 -9 -10 -11 11 -13 13 -15
leaf_value=1.7968001041096508e-05 -0.036727840685808553 0.0061429642818907285 0.092251676302221114 -0.0254151996711325 0.046246571704107016 -0.061373978609821661 0.073444144773302203 0.023589029804696567 -0.050271326022125987 0.052106738663073728 -0.074058815335334635 0.027131160330394505 -0.003741889427748404 -0.074652700775838396
leaf_weight=599.39314686556463 2.5865667421749112 11.648241940267321 2.2289703544229273 0.8178783076727999 2.9469576172123197 0.33188101898122102 0.48465356277301908 1.1261790621210823 1.022990911558735 1.1354115660215036 1.3468173028304602 0.84564960625721131 24.949285900933322 2.5159354768693438
leaf_count=7991 147 1069 38 39 99 54 10 33 112 82 113 17 1219 38
internal_value=-8.22022e-12 0.0101956 0.0254601 0.00629436 0.0306787 0.0725175 0.0186472 -0.0184321 0.000155632 0.0036002 -0.000378991 -0.0350291 -0.000431372 -0.0102376
internal_weight=653.381 26.5222 10.5231 7.47758 3.76484 3.0455 0.816535 3.71275 15.9991 14.9761 13.8407 2.19247 626.858 27.4652
internal_count=11061 1813 420 318 138 102 64 180 1393 1281 1199 130 9248 1257
is_linear=0
shrinkage=0.05


Tree=154
num_leaves=15
num_cat=0
split_feature=13 27 8 29 4 4 28 24 30 24 27 28 35 27
split_gain=1.30337 1.73061 3.62432 1.71903 1.15792 1.68636 1.13225 1.31207 1.0536 0.825492 0.825348 0.770554 1.58381 1.31845
threshold=2.3502402305603032 2.2259460687637334 1.0000000180025095e-35 1.4978661537170412 0.84523808956146251 0.27922078967094427 0.26785714924335485 0.4083333313465119 2.3502402305603032 0.63333335518836986 2.3895369768142705 0.84523808956146251 1.0000000180025095e-35 2.3994886875152592
decision_type=2 2 2 2 2 2 2 2 2 2 2 2 2 2
left_child=-1 2 -2 9 5 10 -5 -8 -6 -4 -3 12 13 -12
right_child=1 4 3 6 8 -7 7 -9 -10 -11 11 -13 -14 -15
leaf_value=-0.00046040639187209999 0.0799382455026732 -0.053948915795952471 0.022709625862665773 -0.040138280646142603 0.08416218124383569 -0.037856191090800483 -0.021158496708683056 0.048306676845650535 -0.0068438591517516779 0.078792113006069017 0.070325849582464073 0.023172834187875566 -0.065844070092073284 -0.0025710788126761994
leaf_weight=626.56736283276769 2.4475887526787128 0.56857900382601556 2.5500459225004311 1.8295760410110231 0.75382886821898931 2.8627847321877207 1.4838762380313713 1.2544400554470483 0.55013276329555083 0.88346316062961694 0.70599109699833018 4.749465885135578 0.87583793919475272 5.1090609903694713
leaf_count=9248 46 200 100 99 46 292 118 43 49 14 19 428 52 307
internal_value=5.07391e-11 0.0108349 0.0266956 0.0104089 0.000589402 -0.00337183 -0.00968385 0.0106639 0.0457673 0.03714 0.00484883 0.00777104 -0.00316178 0.00627916
internal_weight=653.192 26.6247 10.449 8.0014 16.1757 14.8717 4.56789 2.73832 1.30396 3.43351 12.0089 11.4404 6.69089 5.81505
internal_count=11061 1813 420 374 1393 1298 260 161 95 114 1006 806 378 326
is_linear=0
shrinkage=0.05


Tree=155
num_leaves=15
num_cat=0
split_feature=13 28 27 15 27 38 27 10 17 20 18 42 27 21
split_gain=0.849514 2.14552 1.97534 1.81531 1.78391 1.27706 1.27549 2.30404 1.13591 1.27942 1.00016 0.973435 1.09353 0.932531
threshold=2.4414010047912602 0.64583334326744091 1.5975314974784853 0.18333333730697635 2.7115268707275395 1.0000000180025095e-35 2.3965121507644658 1.0000000180025095e-35 0.18333333730697635 0.43650794029235845 0.29999999701976782 1.5000000000000002 2.70665454864502 0.46428571641445165
decision_type=2 2 2 2 2 2 2 2 2 2 2 2 2 2
left_child=6 2 -2 4 10 -5 -1 -8 9 -4 11 -3 -13 -10
right_child=1 3 8 5 -6 -7 7 -9 13 -11 -12 12 -14 -15
leaf_value=-0.00018364215115616365 -0.080738818939894944 0.077649657208754524 -0.048791429763656885 -0.014597612617561269 -0.05301614444996651 0.1076130159420591 0.0069136534075304127 -0.091648318990114289 0.09114996936598628 0.0026291217321586504 -0.031593950697307922 0.01342061088403792 0.074012643235957465 0.01044593369904444
leaf_weight=629.90665302475827 0.80160251789493742 2.5213819099371886 1.4666999166656731 2.7315265058859954 0.45774333631561592 0.23191325383959327 1.3407720234245053 1.0630750629352406 0.56962167349411064 6.9038367226603441 0.35903514631354472 1.9932361846513231 1.1887045279145241 0.96320947201456875
leaf_count=9522 20 88 319 266 147 15 37 13 12 250 26 291 10 45
internal_value=6.82438e-11 0.0100967 -0.00524515 0.0274144 0.0421624 -0.00503364 -0.000322368 -0.0366743 0.00086549 -0.00638088 0.0493489 0.0544444 0.0360565 0.0404367
internal_weight=652.499 20.1885 10.705 9.48354 6.5201 2.96344 632.311 2.40385 9.90337 8.37054 6.06236 5.70332 3.18194 1.53283
internal_count=11061 1489 646 843 562 281 9572 50 626 569 415 389 301 57
is_linear=0
shrinkage=0.05


Tree=156
num_leaves=15
num_cat=0
split_feature=13 18 25 18 28 28 35 22 26 29 18 20 20 28
split_gain=0.656202 1.27814 1.07051 0.92027 0.77901 1.88419 1.84748 1.73533 1.32464 1.35025 1.21418 1.11105 0.757366 0.698781
threshold=2.3502402305603032 0.64583334326744091 0.81666666269302379 0.34484127163887029 0.73214286565780651 0.77500000596046459 1.0000000180025095e-35 0.73214286565780651 0.13392857462167743 1.2424533367156985 0.16339285671710971 0.43650794029235845 0.26785714924335485 1.0714285969734194
decision_type=2 2 2 2 2 2 2 2 2 2 2 2 2 2
left_child=13 2 3 4 6 -6 7 10 9 -7 11 -2 -11 -1
right_child=1 -3 -4 -5 5 8 -8 -9 -10 12 -12 -13 -14 -15
leaf_value=0.00010932145486845804 -0.051243659753759802 0.053704288006365834 0.045245738795536297 -0.034598828734757468 0.079523746316328622 0.010986389274886078 -0.053788829082227874 -0.034699891032937767 0.048129161950750787 -0.055595978805218084 0.050183381958884513 0.012527313089781313 0.05684387387950858 -0.0068481135732292343
leaf_weight=586.99952528167341 0.78114918348729556 1.4371531116194081 1.555055854434612 1.5677148056638532 1.0441554789867931 4.4936096164674382 1.5654409546841641 2.2177683558438739 1.615421420894563 1.3692967986207802 1.9002927580295361 5.4366409730428131 0.16815462236991141 38.453846789099771
leaf_count=7837 182 18 51 103 28 255 122 246 49 513 67 173 6 1411
internal_value=5.6422e-11 0.00791849 0.00514379 0.00232963 0.00514109 0.0165217 -0.00316931 0.00449739 0.00791849 -0.00285195 0.0152056 0.00451568 -0.0432982 -0.000318432
internal_weight=650.605 25.1519 23.7147 22.1596 20.5919 8.69064 11.9013 10.3359 7.64648 6.03106 8.11808 6.21779 1.53745 625.453
internal_count=11061 1813 1795 1744 1641 851 790 668 823 774 422 355 519 9248
is_linear=0
shrinkage=0.05


Tree=157
num_leaves=15
num_cat=0
split_feature=13 18 16 25 16 18 29 16 4 28 20 42 15 15
split_gain=0.974385 2.43869 1.0897 1.1861 1.03487 2.81212 1.94039 1.38589 2.30059 3.18457 2.60196 2.75965 2.09393 2.06212
threshold=2.3502402305603032 0.64583334326744091 0.26785714924335485 0.81666666269302379 0.81666666269302379 0.3304761946201325 0.89587974548339855 0.22500000149011615 0.73214286565780651 1.4142857193946841 0.30952382087707525 1.5000000000000002 0.44505494832992559 0.53571429848670971
decision_type=2 2 2 2 2 2 2 2 2 2 2 2 2 2
left_child=4 2 3 -2 7 6 -6 -1 9 -9 13 12 -12 -10
right_child=1 -3 -4 -5 5 -7 -8 8 10 -11 11 -13 -14 -15
leaf_value=-0.00058607648618960609 0.0061154067112494971 0.062051564462134383 -0.021431690454704198 0.054069582858566001 -0.019240434165339122 0.0014280757177958549 -0.092285431880623894 0.034454403263523968 0.032195409143092039 -0.02525680893875866 -0.035221349615216328 -0.085593400674156342 0.05535682062810892 -0.070707515255715683
leaf_weight=590.09771439395627 18.562664918274105 2.0388286297675213 3.3348395471621179 1.3857255594339211 2.0771164878970008 8.1000462321098876 1.6169154838426036 12.30724432130228 3.8255301238168595 2.7278823040032867 1.9140911082504319 1.6876751475501803 0.95708833588287223 0.55784910573856894
leaf_count=8216 1512 18 235 48 47 178 25 344 168 152 41 28 18 31
internal_value=5.60788e-12 0.00961553 0.0050239 0.00944657 -0.000389035 -0.0150597 -0.051213 -0.000107267 0.0116765 0.0236208 -0.00840606 -0.0348529 -0.00502773 0.0190995
internal_weight=651.191 25.3221 23.2832 19.9484 625.869 11.7941 3.69403 614.075 23.9774 15.0351 8.94223 4.55885 2.87118 4.38338
internal_count=11061 1813 1795 1560 9248 250 72 8998 782 496 286 87 59 199
is_linear=0
shrinkage=0.05


Tree=158
num_leaves=15
num_cat=0
split_feature=27 19 28 23 42 27 34 4 34 27 27 22 16 28
split_gain=0.594403 1.70317 2.67519 1.63908 3.5062 3.34992 2.24257 1.79632 3.01473 3.94689 2.84054 2.08841 2.53545 2.58863
threshold=1.0789818167686465 0.77500000596046459 1.4142857193946841 0.63333335518836986 1.5000000000000002 1.4441507458686831 1.0000000180025095e-35 0.23611111193895343 1.0000000180025095e-35 1.5728796720504763 1.7626037597656252 0.63333335518836986 0.63333335518836986 0.84523808956146251
decision_type=2 2 2 2 2 2 2 2 2 2 2 2 2 2
left_child=1 2 -1 7 5 -5 -7 -2 11 -10 -11 12 13 -9
right_child=3 -3 -4 4 -6 6 -8 8 9 10 -12 -13 -14 -15
leaf_value=-0.00085668387938797684 -0.0062605034063243931 0.019021070172689378 -0.032433727948682003 0.017307165881637186 0.058232728707337179 -0.047998917973908324 0.0034271230127104445 0.050327016433702625 -0.055820160354945296 0.079741433246217686 -0.027739526929642835 0.0041454440728193841 -0.01795613124111323 -0.0065376477782747942
leaf_weight=470.9380937514361 59.87443066799824 10.531775690848006 6.8042778267990789 21.474770602770153 3.7180031826719633 3.8485050981980731 4.7197812022641301 8.433012726098239 4.1890020065766285 1.1841456519323403 1.2783415198646251 46.679012482756661 2.61016610135266 2.6241352246142915
leaf_count=4649 3022 548 55 170 24 116 54 210 102 32 137 1766 49 127
internal_value=6.74507e-11 -0.00086797 -0.00130642 0.00263835 0.0124294 0.00676092 -0.0196712 3.29425e-05 0.00565725 -0.0262897 0.0239453 0.00917851 0.0263683 0.0368316
internal_weight=648.907 488.274 477.742 160.633 33.7611 30.0431 8.56829 126.872 66.9978 6.65149 2.46249 60.3463 13.6673 11.0571
internal_count=11061 5252 4704 5809 364 340 170 5445 2423 271 169 2152 386 337
is_linear=0
shrinkage=0.05


Tree=159
num_leaves=15
num_cat=0
split_feature=2 18 21 18 13 24 15 35 19 18 18 21 28 23
split_gain=0.529778 1.81784 1.86683 1.2992 1.92906 1.59607 2.2223 1.59486 1.58501 1.26145 1.86042 1.61059 1.14622 1.06084
threshold=1.0000000180025095e-35 0.11666667088866235 0.77500000596046459 0.16761904954910281 0.89587974548339855 0.89444443583488475 0.26785714924335485 1.0000000180025095e-35 0.46428571641445165 0.80625000596046459 0.41666667163372045 0.35416667163372045 1.4142857193946841 0.36666667461395269
decision_type=2 2 2 2 2 2 2 2 2 2 2 2 2 2
left_child=-1 2 -2 4 -3 6 12 8 9 10 13 -12 -5 -8
right_child=1 3 -4 5 -6 -7 7 -9 -10 -11 11 -13 -14 -15
leaf_value=-0.00036951316164146575 0.061259217364011187 0.08068008703202395 -0.036984736626304214 0.035350816214572055 -0.040502836132621074 -0.025384093820970878 -0.0080416263493290167 -0.054063965366174895 0.026782934286861428 0.058284371079403034 0.010335978814641872 -0.0575817161252552 -0.016844947416726586 0.028031458943051202
leaf_weight=608.30070724140751 2.5051421581738391 0.36892656981944982 0.59919649027870026 8.5238037230737991 2.9894962428807048 3.7499843309633425 6.3052969746204344 1.2824312074808393 5.3155992533502276 0.74073513181065287 1.2584352801059147 2.8491186386963818 1.1998739804548666 3.0115146117750555
leaf_count=9673 106 2 20 237 175 78 246 28 197 24 66 73 69 67
internal_value=6.7931e-11 0.00552279 0.0422963 0.00248631 -0.0271908 0.00539745 0.00918368 -5.44409e-05 0.00350105 -0.00523571 -0.00874065 -0.0367737 0.02891 0.00361844
internal_weight=649 40.6996 3.10434 37.5952 3.35842 34.2368 30.4868 20.7631 19.4807 14.1651 13.4244 4.10755 9.72368 9.31681
internal_count=11061 1388 126 1262 177 1085 1007 701 673 476 452 139 306 313
is_linear=0
shrinkage=0.05


Tree=160
num_leaves=15
num_cat=0
split_feature=2 18 21 18 27 15 4 23 35 18 18 27 18 19
split_gain=0.604766 1.95777 1.703 1.161 1.53125 1.41834 2.61596 1.50475 1.56029 1.49513 2.22439 1.20325 1.09174 1.02012
threshold=1.0000000180025095e-35 0.11666667088866235 0.77500000596046459 0.16761904954910281 0.79451346397399913 0.26785714924335485 0.46428571641445165 0.90454545617103588 1.0000000180025095e-35 0.28928571939468389 0.44444443285465246 1.2360399365425112 0.3304761946201325 0.46428571641445165
decision_type=2 2 2 2 2 2 2 2 2 2 2 2 2 2
left_child=-1 2 -2 4 -3 6 -5 8 13 -8 12 -12 -11 -7
right_child=1 3 -4 5 -6 7 9 -9 -10 10 11 -13 -14 -15
leaf_value=-0.00039245345142627702 0.060870290114307918 0.078039324612750552 -0.033645270741956244 -0.018654669494378117 -0.037466424977647184 -0.0014919671399920601 0.06015014996343139 -0.051745085886948428 -0.0523199666022022 0.034762448061939531 0.07190104819134685 -0.0076703468630044021 -0.050623203877684021 0.024121386650489393
leaf_weight=608.11999355137959 2.6016530005435921 0.31850299984216635 0.58348026694147836 3.0423655855993257 2.8946762321866117 15.232978373685919 3.5102834861609153 1.4009623453021038 1.2583195620682079 0.52865180119988497 1.6135138429235669 0.67336719034938131 1.2826737448631318 5.2193174530912065
leaf_count=9673 106 2 20 80 175 516 87 24 29 19 47 25 59 199
internal_value=6.71205e-11 0.00594259 0.0435561 0.00270251 -0.026017 0.00543575 0.0205319 -0.00152123 0.00171966 0.0362012 0.015688 0.0484714 -0.0257026 0.00504442
internal_weight=648.281 40.1607 3.18513 36.9756 3.21318 33.7624 10.6509 23.1116 21.7106 7.60849 4.09821 2.28688 1.81133 20.4523
internal_count=11061 1388 126 1262 177 1085 317 768 744 237 150 72 78 715
is_linear=0
shrinkage=0.05


Tree=161
num_leaves=15
num_cat=0
split_feature=2 18 18 21 18 15 4 18 24 12 23 35 15 24
split_gain=0.904004 2.50552 2.24379 1.40149 1.07701 1.67472 2.32286 1.46323 1.79354 1.36382 1.23612 1.35088 1.1592 0.984526
threshold=1.0000000180025095e-35 0.11666667088866235 0.10690476000308992 0.77500000596046459 0.16761904954910281 0.26785714924335485 0.46428571641445165 0.23500001430511477 0.35416667163372045 1.0000000180025095e-35 0.90454545617103588 1.0000000180025095e-35 0.22500000149011615 0.22500000149011615
decision_type=2 2 2 2 2 2 2 2 2 2 2 2 2 2
left_child=-1 2 3 -2 9 6 -6 -8 13 -3 11 -7 -11 -9
right_child=1 4 -4 -5 5 10 7 8 -10 12 -12 -13 -14 -15
leaf_value=-0.00048006147341656224 0.032409917070261911 -0.062893807827906489 0.091109910063969346 -0.074502498035551104 -0.015119873953350772 0.0043762665060448399 0.080408517268877294 0.020944051720144949 -0.02506881124098962 -0.034090761777379637 -0.047101756280928941 -0.050343593806468814 0.046985672914637691 0.066681374463183979
leaf_weight=608.40482866193997 1.5262626707190059 1.3366001170361406 1.6071283034398218 0.38356364538776677 2.9854738102003449 20.320160546143605 1.5408517426112665 2.7980636884894921 1.3471703072136731 0.93791110767051578 1.402852009050547 1.1941693241242308 0.83191643562167883 2.0303622129722498
leaf_count=9673 87 130 23 16 80 715 37 91 64 18 24 29 29 45
internal_value=5.082e-11 0.0072578 0.0475738 0.010938 0.00339701 0.00599976 0.0223302 0.0368195 0.0259438 -0.0247712 -0.00162625 0.001339 0.00401963 0.0401767
internal_weight=648.647 40.2425 3.51695 1.90983 36.7255 33.6191 10.7019 7.71645 6.1756 3.10643 22.9172 21.5143 1.76983 4.82843
internal_count=11061 1388 126 103 1262 1085 317 237 200 177 768 744 47 136
is_linear=0
shrinkage=0.05


Tree=162
num_leaves=15
num_cat=0
split_feature=2 17 24 28 28 13 4 21 5 14 18 4 18 29
split_gain=0.902854 1.56948 1.74218 1.85486 1.35817 1.13862 2.15284 2.21244 2.12248 1.54985 1.45498 1.00588 0.962409 1.23704
threshold=1.0000000180025095e-35 0.26785714924335485 0.89444443583488475 1.9166666865348818 -0.77500000596046437 1.7005987167358401 0.63333335518836986 0.92857143282890331 1.0000000180025095e-35 1.5000000000000002 0.23904763162136081 0.84523808956146251 0.47708334028720861 1.2424533367156985
decision_type=2 2 2 2 2 2 2 2 2 2 2 2 2 2
left_child=-1 2 3 4 -2 6 8 11 -3 -10 -7 -8 13 -6
right_child=1 5 -4 -5 12 10 7 -9 9 -11 -12 -13 -14 -15
leaf_value=-0.00047756717783891783 -0.041582897540514897 -0.026620748509283362 -0.041142615847418212 -0.030521496267693189 -0.003892839734147334 -0.030253413490924988 -0.043427482239502269 -0.067641734574929599 0.060231816318642696 -0.019822581136113366 0.018415781040193712 0.022907628518605436 0.058038887465034827 0.032616201474235412
leaf_weight=608.15679860720411 0.69964995894407245 2.3710912463720906 1.1806160712148983 1.5592019806063024 3.0163727742765323 1.8762697181300598 0.91727521480061125 2.7346107013290748 2.0823605586774652 0.85193566104862828 8.4585351589921611 1.5159397323732264 2.5019555344479167 10.052740825427462
leaf_count=9673 77 64 18 106 86 114 28 65 78 24 280 49 64 335
internal_value=4.54709e-11 0.00729398 0.0176794 0.0215743 0.0265666 -0.00219428 -0.0138129 -0.0367818 0.00856046 0.036989 0.00957996 -0.00209943 0.0296287 0.0241899
internal_weight=647.975 39.8186 19.0105 17.8299 16.2707 20.808 10.4732 5.16783 5.30539 2.9343 10.3348 2.43321 15.5711 13.0691
internal_count=11061 1388 686 668 562 702 308 142 166 102 394 77 485 421
is_linear=0
shrinkage=0.05


Tree=163
num_leaves=15
num_cat=0
split_feature=2 17 30 27 18 39 23 30 30 21 20 16 39 42
split_gain=1.29022 2.04509 1.77915 2.84276 1.66656 1.69127 1.34858 1.4187 2.21287 1.15959 1.41302 1.33524 1.19811 1.03521
threshold=1.0000000180025095e-35 0.26785714924335485 1.4978661537170412 1.7560210227966311 0.46944446861743933 1.0000000180025095e-35 0.26785714924335485 2.1383330821990971 2.2499048709869389 0.64583334326744091 0.63333335518836986 0.70833334326744091 1.0000000180025095e-35 2.5000000000000004
decision_type=2 2 2 2 2 2 2 2 2 2 2 2 2 2
left_child=-1 2 3 4 9 -6 7 -4 -9 12 -11 -12 -2 -3
right_child=1 13 6 -5 5 -7 -8 8 -10 10 11 -13 -14 -15
leaf_value=-0.00057166279747643126 -0.030240497887539675 0.0033444381509576434 -0.05286261973630868 0.080226330219516792 0.085744045980130329 0.012112354766400157 0.036244825409177062 0.078098341702680762 -0.05798774525037427 -0.040436859550349126 0.036757485679130189 -0.027999697124053952 0.039345519831614682 -0.024551490492420714
leaf_weight=608.56456505719325 0.74004594143480229 16.236529873000112 1.8811373705248109 2.245069176220567 1.657206814736127 1.473103718009952 1.2269228389486668 0.66111309677944496 0.5449642243765993 1.9498799367866011 2.1602703861426562 1.2604787079617383 3.7686490708729252 4.1824287134950273
leaf_count=9673 42 526 152 39 6 65 36 23 56 51 40 15 161 176
internal_value=4.75479e-11 0.0087 0.0202504 0.0282679 0.0193014 0.0510935 -0.00809934 -0.0257226 0.016608 0.00922798 -0.00646739 0.0128957 0.0279238 -0.0023695
internal_weight=648.552 39.9878 19.5688 15.2547 13.0096 3.13031 4.31414 3.08721 1.20608 9.87932 5.37063 3.42075 4.5087 20.419
internal_count=11061 1388 686 419 380 71 267 231 79 309 106 55 203 702
is_linear=0
shrinkage=0.05


Tree=164
num_leaves=15
num_cat=0
split_feature=2 17 24 28 18 28 21 10 9 42 23 27 29 18
split_gain=0.716043 1.24885 1.4585 1.62348 1.38926 1.04654 1.08611 1.66247 1.18766 2.29674 2.17757 1.54342 1.02485 1.01139
threshold=1.0000000180025095e-35 0.26785714924335485 0.6904762089252473 1.9166666865348818 0.74166667461395275 -0.53571429848670948 0.46428571641445165 1.0000000180025095e-35 1.0000000180025095e-35 1.5000000000000002 0.58571431040763866 0.79451346397399913 2.0126758217811589 0.17044360190629962
decision_type=2 2 2 2 2 2 2 2 2 2 2 2 2 2
left_child=12 2 3 4 5 -2 7 -7 11 10 -10 -8 -1 -14
right_child=1 -3 -4 -5 -6 6 8 -9 9 -11 -12 -13 13 -15
leaf_value=-0.00032581049043601401 -0.028975710403412208 -0.0019948988718452641 -0.028346859200987447 -0.029616085426181188 0.089357759590992222 0.017218258190072062 0.070260934739473757 0.076193831649302338 -0.037394554904923875 0.065631567542194943 0.036421065476691931 -0.032865781271912725 -0.066495762737584313 0.043479045525485503
leaf_weight=606.03583734579297 0.95400702941697524 20.320382118523412 1.6905081058357598 1.4824976813979436 0.79915922600776035 2.6008291481994084 0.44123551039956366 2.2106265024049208 1.8081575849791987 2.3409670865803491 2.2329679467948154 2.0412700186570873 1.0494997550631513 0.2610659344063605
leaf_count=9527 97 702 53 99 16 81 13 115 53 41 33 85 124 22
internal_value=6.73213e-11 0.00657431 0.015935 0.0203614 0.0251635 0.0216569 0.0251889 0.0443146 0.014808 0.0262223 0.00339307 -0.0145362 -0.000421323 -0.0445887
internal_weight=646.269 38.9226 18.6022 16.9117 15.4292 14.6301 13.6761 4.81146 8.8646 6.38209 4.04113 2.48251 607.346 1.31057
internal_count=11061 1388 686 633 534 518 421 196 225 127 86 98 9673 146
is_linear=0
shrinkage=0.05


Tree=165
num_leaves=15
num_cat=0
split_feature=2 15 28 4 42 28 24 29 35 19 27 42 27 3
split_gain=0.807788 1.35008 2.18372 2.0344 1.3512 2.83303 1.47654 1.33814 1.29503 1.61416 1.18274 1.52395 1.1167 1.1158
threshold=1.0000000180025095e-35 0.26785714924335485 1.4142857193946841 0.46428571641445165 3.5000000000000004 -1.0000000180025095e-35 0.4083333313465119 2.0126758217811589 1.0000000180025095e-35 0.46428571641445165 2.394437432289124 2.5000000000000004 1.0789818167686465 1.0000000180025095e-35
decision_type=2 2 2 2 2 2 2 2 2 2 2 2 2 2
left_child=7 2 3 -2 5 -5 12 -1 9 -3 11 -11 -7 -4
right_child=1 8 13 4 -6 6 -8 -9 -10 10 -12 -13 -14 -15
leaf_value=-0.00033495557006692146 0.0012739326742423514 -0.0051480880166276857 -0.06746048745156856 -0.029484548015825719 0.10442591746375746 0.015755361244655972 -0.0061660955633729073 -0.049768780119826127 -0.050561653693263812 0.054606864212353091 -0.050858430948452299 -0.00059141751507301528 0.074722528673378572 0.019956390957960739
leaf_weight=605.85861166349423 5.1054025637422438 17.334455343429006 1.0224439598096058 1.3741265563585319 0.77673813130240876 1.0247207180364064 0.95607840176671732 1.3720690596310294 1.2140310815302644 3.110730427899397 0.46442929527256627 2.090929445133952 3.708780070533976 0.56772524361440435
leaf_count=9527 179 623 64 68 6 42 34 146 32 131 10 83 57 59
internal_value=6.92928e-11 0.00699917 0.0190447 0.0258368 0.0418312 0.0349482 0.0505097 -0.000446654 -0.000231771 0.00242478 0.0255927 0.0324186 0.0619572 -0.0362507
internal_weight=645.981 38.7506 14.536 12.9458 7.84044 7.06371 5.68958 607.231 24.2146 23.0005 5.66609 5.20166 4.7335 1.59017
internal_count=11061 1388 509 386 207 201 133 9673 879 847 224 214 99 123
is_linear=0
shrinkage=0.05


Tree=166
num_leaves=15
num_cat=0
split_feature=2 21 42 23 29 27 3 18 18 26 13 28 8 28
split_gain=0.833383 1.52443 2.62913 2.14849 1.38375 1.35652 1.41784 1.19796 1.23419 1.2722 1.19162 2.15965 1.40885 1.15783
threshold=1.0000000180025095e-35 0.58571431040763866 3.5000000000000004 0.58571431040763866 2.0126758217811589 1.0495360493659975 1.0000000180025095e-35 0.74166667461395275 0.11666667088866235 0.41666667163372045 2.6020033359527592 0.26785714924335485 1.0000000180025095e-35 1.1833333373069765
decision_type=2 2 2 2 2 2 2 2 2 2 2 2 2 2
left_child=4 2 7 13 -1 -5 -7 8 -2 10 11 -10 -12 -3
right_child=1 3 -4 5 -6 6 -8 -9 9 -11 12 -13 -14 -15
leaf_value=-0.00033648679318039088 0.048405434746262604 -0.0093353897232714526 0.070554882775571287 -0.018907471507143461 -0.049759826035645695 0.06025248946247589 0.0090106321697192553 0.063734667618993726 -0.05740391773647701 0.047258222506186109 0.086497579209409314 0.00178042582848174 -0.011206120691676326 -0.05273690648135803
leaf_weight=605.53058164668619 1.6482768336209215 10.058161648397801 2.0546027883465277 1.8280112650245417 1.4195458515605412 2.347235422115773 3.1772906165570021 1.0025822483876243 1.8312113710853726 1.4451620820909727 0.77643566924962104 9.7388011900329712 0.70305465607088991 1.8137478727730911
leaf_count=9527 82 291 74 30 146 30 60 25 123 102 13 437 64 57
internal_value=6.90434e-11 0.00714099 0.0171064 -0.0028118 -0.000452079 0.0184281 0.030782 0.0107015 0.00740777 0.00274567 -0.00218385 -0.00758681 0.0400687 -0.0159661
internal_weight=645.375 38.4246 19.2001 19.2244 606.95 7.35254 5.52453 17.1455 16.1429 14.4947 13.0495 11.57 1.47949 11.8719
internal_count=11061 1388 920 468 9673 120 90 846 821 739 637 560 77 348
is_linear=0
shrinkage=0.05


Tree=167
num_leaves=15
num_cat=0
split_feature=27 28 18 19 19 23 30 42 42 27 30 18 15 13
split_gain=0.546841 1.60295 2.57837 4.09416 2.49863 1.42478 3.31233 2.31423 2.53874 2.20679 3.24463 2.29591 1.69215 1.5531
threshold=1.0789818167686465 1.4142857193946841 0.18257576227188113 0.63333335518836986 0.63333335518836986 0.63333335518836986 1.8688347935676577 1.5000000000000002 1.0000000180025095e-35 1.3503527641296389 1.7005987167358401 0.13210979104042056 0.22500000149011615 1.2424533367156985
decision_type=2 2 2 2 2 2 2 2 2 2 2 2 2 2
left_child=1 4 -3 -4 -1 13 7 8 9 -7 11 -11 -10 -2
right_child=5 2 3 -5 -6 6 -8 -9 12 10 -12 -13 -14 -15
leaf_value=-0.00089504574084415991 -0.027950486382740343 0.0060150723680534 -0.093488778627894523 -0.0088381990921756956 0.025595214214393702 0.028802493059549614 -0.050762907837105367 0.055315640492395068 -0.06389314983872553 0.00037774265240321845 0.0453483428972771 -0.061193722522657347 0.0063089876160378243 0.0012250627683097477
leaf_weight=465.0998006912414 4.7413378746132357 5.2847577249631268 2.3427177406847477 3.6598217464052141 9.0753407948650402 14.829257638193676 1.9873232523095783 3.3132296460680655 1.7338634477928274 4.4808452173019742 2.5934267002157867 2.286677991040051 1.6999753839336333 120.21848236177175
leaf_count=4606 173 76 11 91 468 104 66 24 20 64 20 46 20 5272
internal_value=4.76024e-11 -0.000831323 -0.0194534 -0.0418763 -0.000388043 0.00255615 0.0118095 0.015829 0.011093 0.0168039 -0.00220385 -0.0204266 -0.0291385 0.000118058
internal_weight=643.347 485.462 11.2873 6.00254 474.175 157.884 32.9246 30.9373 27.624 24.1902 9.36095 6.76752 3.43384 124.96
internal_count=11061 5252 178 102 5074 5809 364 298 274 234 130 110 40 5445
is_linear=0
shrinkage=0.05


Tree=168
num_leaves=15
num_cat=0
split_feature=13 25 28 22 27 29 39 15 20 8 22 4 42 13
split_gain=0.514522 1.265 0.882771 1.86884 1.45354 1.68679 1.44347 1.08728 1.20007 1.03062 0.950186 1.12576 1.6663 0.942208
threshold=2.4414010047912602 0.89444443583488475 0.64583334326744091 0.45000000298023229 2.1815079450607304 1.2424533367156985 1.0000000180025095e-35 0.22500000149011615 0.73214286565780651 1.0000000180025095e-35 0.95454546809196483 1.0000000180025095e-35 1.5000000000000002 3.0677825212478642
decision_type=2 2 2 2 2 2 2 2 2 2 2 2 2 2
left_child=-1 2 3 6 9 10 -2 8 -8 -4 -6 12 -12 -5
right_child=1 -3 4 13 5 -7 7 -9 -10 -11 11 -13 -14 -15
leaf_value=-0.0002454561249397819 -0.010191312144053673 0.068344489560518612 0.09352513062653528 -0.050691322276048806 -0.021331613952598322 -0.053393287830655389 -0.056301350346426082 0.071867271602235924 0.036437170396062257 0.026753486848003827 0.11464295969713344 -0.017267079625453995 0.020809857134396773 0.020695063955515319
leaf_weight=622.53049595891207 3.8945302224165115 0.83447441612952289 0.84254274703562182 2.4637222304518223 1.1766906301199922 1.0741563707342718 0.484228566871025 1.2380923277232794 1.2476594516192561 1.8399086471981718 0.69316891231574196 0.84859731333563093 1.4904758022894382 0.5689752505859359
leaf_count=9572 203 31 3 259 106 472 115 17 20 129 8 37 64 25
internal_value=2.69121e-11 0.00817255 0.00536156 -0.00461018 0.0177515 0.00253209 0.0098312 0.0360867 0.0105079 0.0477261 0.0168047 0.0316039 0.0505959 -0.0372983
internal_weight=641.228 18.6972 17.8627 9.89721 7.96554 5.28309 6.86451 2.96998 1.73189 2.68245 4.20893 3.03224 2.18364 3.0327
internal_count=11061 1489 1458 639 819 687 355 152 135 132 215 109 72 284
is_linear=0
shrinkage=0.05


Tree=169
num_leaves=15
num_cat=0
split_feature=13 28 27 28 25 39 28 26 17 18 22 42 34 30
split_gain=0.585337 1.21601 1.76254 1.42373 1.54242 1.15737 1.10144 0.909229 0.888856 0.861565 1.61291 1.72484 1.06209 0.81699
threshold=2.4414010047912602 0.73214286565780651 1.5975314974784853 0.77500000596046459 0.89444443583488475 1.0000000180025095e-35 0.22500000149011615 0.29166667163372045 0.18333333730697635 0.048115082085132606 0.95454546809196483 1.5000000000000002 1.0000000180025095e-35 2.6020033359527592
decision_type=2 2 2 2 2 2 2 2 2 2 2 2 2 2
left_child=-1 2 -2 -3 9 7 8 13 -7 10 12 -12 -5 -4
right_child=1 3 5 4 -6 6 -8 -9 -10 -11 11 -13 -14 -15
leaf_value=-0.00026070798154105692 -0.074574982535852347 0.076891642823463544 -0.038038076614031212 -0.058642216134947613 0.11282814746655481 0.019151405555874561 -0.024487886832115512 0.061952177296866306 0.074284818172880115 -0.011810067328673535 0.11030381356761521 0.020141623382131955 0.09676917543645179 0.0018204627418770233
leaf_weight=622.38104081366328 0.77821384678827854 1.0884387652768044 2.4703829211939574 0.71444113004690768 0.38141397532308463 2.4508583119895779 0.97585308364068613 0.38930152356624592 1.0417839654110137 2.734250058492762 0.72654220857657525 1.965309828337922 0.1299275997444056 2.6807011523633264
leaf_count=9572 23 26 262 187 23 167 130 6 16 350 10 174 9 106
internal_value=9.16748e-12 0.00875782 -0.00209289 0.0238796 0.0152053 0.00354276 0.022475 -0.0117267 0.0355966 0.00926722 0.0255644 0.0444768 -0.0347282 -0.0172951
internal_weight=640.908 18.5274 10.7871 7.74032 6.65188 10.0089 4.4685 5.54039 3.49264 6.27047 3.53622 2.69185 0.844369 5.15108
internal_count=11061 1489 710 779 753 687 313 374 183 730 380 184 196 368
is_linear=0
shrinkage=0.05


Tree=170
num_leaves=15
num_cat=0
split_feature=13 28 27 42 18 39 13 28 27 17 26 22 27 13
split_gain=0.851169 1.5548 2.01877 1.86347 2.62524 1.10579 1.08611 1.0317 1.00262 0.941138 0.800558 0.783244 0.803632 1.55838
threshold=2.4414010047912602 0.73214286565780651 1.5975314974784853 1.5000000000000002 0.19682539999485019 1.0000000180025095e-35 2.6020033359527592 0.22500000149011615 2.1555545330047612 0.18333333730697635 0.29166667163372045 0.63333335518836986 2.5250614881515507 3.0201274156570439
decision_type=2 2 2 2 2 2 2 2 2 2 2 2 2 2
left_child=-1 2 -2 4 6 10 -3 9 -8 11 -4 12 -7 -14
right_child=1 3 5 -5 -6 7 8 -9 -10 -11 -12 -13 13 -15
leaf_value=-0.00031664224270508228 -0.076218227128865404 0.094146760428394385 -0.015968738102413293 0.0050701530130464025 -0.022743689627445419 0.073986412247689357 0.073150789214034506 -0.023195041882399556 -0.051006783184108818 0.074990780250710112 0.061207159286633894 -0.055054912472530859 -0.061801428713898612 0.046039322807323674
leaf_weight=622.5351848642058 0.84370355546707543 2.1423045321862437 5.0602215521212184 4.3877902861859184 0.86680289322976012 0.68432076003227971 0.38801884243730445 0.96112337354134059 0.27989829377474962 1.046966207490186 0.35992387682199467 0.31619121401308792 0.51441848074318819 0.96050556399859488
leaf_count=9572 23 37 368 648 41 46 6 130 47 16 6 63 39 19
internal_value=2.88834e-11 0.0104784 -0.00197348 0.027072 0.0533268 0.0043515 0.0767905 0.0227212 0.0211211 0.03525 -0.0108439 0.0184419 0.0292045 0.00842703
internal_weight=641.347 18.8122 10.7474 8.06481 3.67702 9.90367 2.81022 4.48353 0.667917 3.5224 5.42015 2.47544 2.15924 1.47492
internal_count=11061 1489 710 779 131 687 90 313 53 183 374 167 104 58
is_linear=0
shrinkage=0.05


Tree=171
num_leaves=15
num_cat=0
split_feature=13 21 27 27 39 30 25 15 34 35 29 24 42 27
split_gain=0.727022 1.84575 2.23356 1.72218 1.22465 1.3758 1.17592 1.21022 0.981878 0.976245 1.14388 0.951313 0.875625 1.08349
threshold=2.4414010047912602 0.61250001192092907 1.8145129680633547 2.6025918722152714 1.0000000180025095e-35 2.6020033359527592 0.89444443583488475 0.26785714924335485 1.0000000180025095e-35 1.0000000180025095e-35 0.89587974548339855 0.26785714924335485 1.5000000000000002 2.1301251649856572
decision_type=2 2 2 2 2 2 2 2 2 2 2 2 2 2
left_child=-1 3 -3 6 5 -4 7 11 -7 -5 -11 12 13 -2
right_child=1 2 4 9 -6 8 -8 -9 -10 10 -12 -13 -14 -15
leaf_value=-0.00029586810105290099 -0.01065945214268855 -0.063660481727738458 -0.052182139982020814 -0.040322696599563834 0.029706679695698419 -0.021560800797214882 0.11643217743719136 -0.0061355855677995147 0.038934865619977735 0.062162408974649322 -0.054558163907167181 -0.0073800542410023973 0.010988440552129469 0.06882076357544066
leaf_weight=622.36465745623354 0.48687207466718962 1.484552252193678 1.4667791741230756 1.4342447870112658 2.7656552642220049 1.3709242598270066 0.41009981822571795 1.8268220737372756 1.3132429818506353 0.65481962682679284 0.30893767389352433 0.89908964077949338 1.2151837994570085 3.5943828787203529
leaf_count=9572 34 40 134 313 125 44 16 160 26 7 69 214 182 125
internal_value=1.39531e-11 0.00957475 -0.00801269 0.0232173 0.00393133 -0.013242 0.0338497 0.0296282 0.00803702 -0.0141712 0.024747 0.0401735 0.0482459 0.0593392
internal_weight=641.596 19.2316 8.40115 10.8305 6.9166 4.15095 8.43245 8.02235 2.68417 2.398 0.963757 6.19553 5.29644 4.08125
internal_count=11061 1489 369 1120 329 204 731 715 70 389 76 555 341 159
is_linear=0
shrinkage=0.05


Tree=172
num_leaves=15
num_cat=0
split_feature=13 4 18 28 27 20 18 42 13 35 27 15 26 29
split_gain=1.00403 1.27486 1.43165 1.33891 2.03991 1.27458 1.23248 2.22851 0.909832 0.871554 0.865443 0.756772 0.655681 0.670967
threshold=2.4414010047912602 0.84523808956146251 0.28333334624767309 0.73214286565780651 1.5975314974784853 0.13392857462167743 0.20833335071802142 1.5000000000000002 2.6020033359527592 1.0000000180025095e-35 2.1555545330047612 0.63333335518836986 0.13392857462167743 1.2424533367156985
decision_type=2 2 2 2 2 2 2 2 2 2 2 2 2 2
left_child=-1 3 -3 4 -2 -6 7 8 -5 -7 -10 -8 13 -9
right_child=1 2 -4 6 5 9 11 12 10 -11 -12 -13 -14 -15
leaf_value=-0.00034270154550437398 -0.086014117059244763 0.090603158745764842 0.0062682267849771657 0.083470507563673302 -0.050510665480959838 0.013612880676044421 -0.055027111834675894 0.00761640465813734 0.067720835851157554 -0.044363690692773905 -0.050431767280078699 0.031602763579145009 0.051770173162300037 -0.053225735945859623
leaf_weight=622.50942142389249 0.72526606463362142 1.0202301044919289 0.99303126981976664 1.9869780717781389 1.0478563587603256 7.0131132269598311 0.72973236640609662 2.2369444478099476 0.34301221696659911 0.71424932577065181 0.28273717356933048 0.38515668851323426 0.62913475977256883 0.56825131906407467
leaf_count=9572 20 24 95 39 288 312 63 172 8 37 49 22 19 341
internal_value=3.53801e-11 0.0114231 0.0490054 0.00688221 -0.00542384 0.00123689 0.0232065 0.0321126 0.0669125 0.00825404 0.014335 -0.0250994 0.00563787 -0.00470845
internal_weight=641.185 18.6757 2.01326 16.6624 9.50048 8.77522 7.16195 6.04706 2.61273 7.72736 0.625749 1.11489 3.43433 2.8052
internal_count=11061 1489 119 1370 657 637 713 628 96 349 57 85 532 513
is_linear=0
shrinkage=0.05


Tree=173
num_leaves=15
num_cat=0
split_feature=13 25 4 18 28 27 27 4 13 20 42 15 27 29
split_gain=0.765179 1.06761 0.891446 0.999262 0.780205 1.69205 1.04679 1.20991 1.135 0.989374 0.81588 0.749951 0.723851 1.09758
threshold=2.4414010047912602 0.89444443583488475 0.84523808956146251 0.28333334624767309 0.64583334326744091 1.5975314974784853 2.1815079450607304 0.23611111193895343 2.7403194904327397 0.13392857462167743 1.5000000000000002 0.89444443583488475 2.70665454864502 0.89587974548339855
decision_type=2 2 2 2 2 2 2 2 2 2 2 2 2 2
left_child=-1 2 4 -4 5 -2 -6 8 10 -7 -8 -9 13 -12
right_child=1 -3 3 -5 6 9 7 11 -10 -11 12 -13 -14 -15
leaf_value=-0.00029475640504613028 -0.0857872149023539 0.062437742943165335 0.081170038885045828 0.0064576702314738639 0.04607003821523481 -0.053930423513924346 0.063610894852018457 -0.060414938093871912 -0.052865654379761366 0.0054324962975050373 -0.064916309055938523 0.027885981489135542 0.046106484063123829 0.035701679397628305
leaf_weight=622.13995693740071 0.62578000919893551 0.92580517521127959 0.82352283876389332 0.98026908845349681 2.0353746512410007 0.77820971079199797 1.1245640813940561 0.96055165791403829 0.480123386143532 7.1571316322297207 0.56614681775681652 0.32075644074939191 0.7921769288368522 0.51995774140232243
leaf_count=9572 19 31 24 95 107 234 47 215 201 340 34 11 10 121
internal_value=-2.35828e-11 0.0101369 0.00731592 0.0405677 0.00341122 -0.00663138 0.0160554 0.00323263 0.0185153 -0.000389156 0.0299284 -0.0383101 0.00976195 -0.0167468
internal_weight=640.23 18.0904 17.1646 1.80379 15.3608 8.56112 6.79965 4.76428 3.48297 7.93534 3.00285 1.28131 1.87828 1.0861
internal_count=11061 1489 1458 119 1339 593 746 639 413 574 212 226 165 155
is_linear=0
shrinkage=0.05


Tree=174
num_leaves=15
num_cat=0
split_feature=27 21 42 9 42 36 34 34 13 27 27 27 19 24
split_gain=0.619327 1.4518 3.62855 3.50185 2.92489 2.92696 2.63967 2.37528 2.7735 2.98055 3.40979 2.08056 2.03736 1.73861
threshold=1.0789818167686465 0.81666666269302379 1.5000000000000002 1.0000000180025095e-35 1.0000000180025095e-35 1.0000000180025095e-35 1.0000000180025095e-35 1.0000000180025095e-35 1.7005987167358401 1.2441715598106386 1.5728796720504763 1.7626037597656252 0.15476191043853763 0.63333335518836986
decision_type=2 2 2 2 2 2 2 2 2 2 2 2 2 2
left_child=-1 7 4 6 5 13 -4 -2 -9 -10 -11 -12 -6 -3
right_child=1 2 3 -5 12 -7 -8 8 9 10 11 -13 -14 -15
leaf_value=-0.00088459655806873377 0.0018886344016372473 0.0062843075770408555 -0.0045971561756863307 0.073096807229159164 -0.04301089318891875 -0.041906757637837549 0.094150864231401177 -0.051024047917713103 0.098436071860953864 -0.070732525783046826 0.067910498231324098 -0.0082923431554609173 0.016903650884000049 0.030983069597519453
leaf_weight=483.33178109570872 75.913655625601677 39.829625305712398 4.3969215843935654 3.9417285339004593 5.1268690240685819 2.7962114195106542 0.7998694156995042 4.8846671273349767 0.66224942915141571 1.8602461614209458 1.1356215238774892 4.2403433009603759 1.9618129436857996 8.6774336199741793
leaf_count=5252 3856 608 254 42 273 76 8 136 6 59 55 273 24 139
internal_value=-6.78041e-12 0.00273674 0.00826069 0.0375578 0.0036756 0.00783527 0.0106017 -0.00146899 -0.0214085 -0.00309332 -0.0123852 0.00780478 -0.0264294 0.0107027
internal_weight=639.559 156.227 67.5305 9.13852 58.392 51.3033 5.19679 88.6968 12.7831 7.89846 7.23621 5.37596 7.08868 48.5071
internal_count=11061 5809 1424 304 1120 823 262 4385 529 393 387 328 297 747
is_linear=0
shrinkage=0.05


Tree=175
num_leaves=15
num_cat=0
split_feature=13 13 14 24 28 26 4 11 4 18 28 36 36 29
split_gain=0.583104 0.64207 1.71368 0.959194 1.01703 0.950524 0.843316 0.725216 0.65206 0.80055 0.561997 1.07721 0.804437 0.653057
threshold=2.3502402305603032 2.2499048709869389 1.0000000180025095e-35 0.44505494832992559 1.2250000238418581 0.29166667163372045 0.46428571641445165 1.0000000180025095e-35 0.46428571641445165 0.14851190149784091 -0.26785714924335474 1.0000000180025095e-35 1.0000000180025095e-35 1.7005987167358401
decision_type=2 2 2 2 2 2 2 2 2 2 2 2 2 2
left_child=1 -1 5 4 8 -3 -5 -6 9 -4 11 -2 13 -12
right_child=10 2 3 6 7 -7 -8 -9 -10 -11 12 -13 -14 -15
leaf_value=-0.00013255866624637015 -0.032375614311586295 -0.043157490732290263 0.0047771043399597963 -0.077559776871005681 -0.067763933472950885 -0.1426762053375242 0.023614294005624793 0.030260358328963368 -0.021924349056579882 0.06565278912743705 0.015410232023996457 0.075037066864329538 -0.058184518871666625 -0.0093786981535484999
leaf_weight=607.75654481679157 1.7049434770196992 1.0286351362883568 1.0139354886196099 0.66944736924779125 0.60577708559867449 0.31292685121297825 0.29749164162785746 0.27404485671286238 0.59397305469610717 1.1555411942244971 17.415866266142991 0.27044123056111846 0.42108301850384933 3.1351983174045008
leaf_count=8870 325 105 62 48 68 3 18 28 28 18 1015 28 51 394
internal_value=-3.43561e-11 -0.000292602 -0.0166352 -0.00216228 0.00958714 -0.0663708 -0.0464322 -0.0372316 0.0244932 0.0372017 0.00782535 -0.0176702 0.0102268 0.0116285
internal_weight=636.656 613.708 5.95177 4.61021 3.64327 1.34156 0.966939 0.879822 2.76345 2.16948 22.9475 1.97538 20.9721 20.5511
internal_count=11061 9248 378 270 204 108 66 96 108 80 1813 353 1460 1409
is_linear=0
shrinkage=0.05


Tree=176
num_leaves=15
num_cat=0
split_feature=27 19 35 28 18 23 27 13 4 34 18 29 13 24
split_gain=0.570844 1.35329 1.53522 1.49764 1.33681 1.27684 2.84886 2.67684 3.08923 2.46498 2.05142 1.96352 1.47856 1.43104
threshold=1.0789818167686465 0.77500000596046459 1.0000000180025095e-35 1.4142857193946841 0.20750001072883609 0.63333335518836986 1.4441507458686831 1.7005987167358401 1.0000000180025095e-35 1.0000000180025095e-35 0.18708333373069766 1.8688347935676577 1.2424533367156985 0.81666666269302379
decision_type=2 2 2 2 2 2 2 2 2 2 2 2 2 2
left_child=1 3 -3 -1 -5 12 7 8 -7 11 -10 -8 -2 -14
right_child=5 2 -4 4 -6 6 9 -9 10 -11 -12 -13 13 -15
leaf_value=-0.00089105995649333889 -0.027961474766361273 0.035558121413766269 -0.0036855524194593561 -0.0031456679804954014 -0.047630340271905977 0.030488047392805081 -0.061847890682923512 0.067389919350350394 -0.05079432523530996 0.0095845977295485815 0.0053305312494705201 0.0404374890910289 -0.00047702816703034089 0.01786963475751319
leaf_weight=465.97039617458358 4.457326542629743 5.3680099582998064 4.6517460844479501 3.5036464896984389 3.2604567306116223 12.384781065280555 2.9531579641625272 2.6716391118243328 2.1373138583730888 4.7777592472266406 6.8338133748620749 0.55781478231074277 105.00297065339691 11.825616513418934
leaf_count=4649 173 454 94 17 38 88 107 25 29 55 48 12 4896 376
internal_value=-1.13317e-10 -0.000844723 0.017339 -0.00123013 -0.0245883 0.00265487 0.0114864 0.0202057 0.0143029 -0.0137895 -0.00804086 -0.045597 0.000301739 0.00138006
internal_weight=636.356 482.754 10.0198 472.734 6.7641 153.602 32.3163 24.0275 21.3559 8.28873 8.97113 3.51097 121.286 116.829
internal_count=11061 5252 548 4704 55 5809 364 190 165 174 77 119 5445 5272
is_linear=0
shrinkage=0.05


Tree=177
num_leaves=15
num_cat=0
split_feature=27 23 30 42 42 27 30 18 13 24 38 4 23 13
split_gain=0.56425 1.30494 3.04227 1.3716 1.58578 1.66096 2.75097 2.35547 1.26035 1.21192 2.55442 1.94673 1.84372 1.69473
threshold=1.0789818167686465 0.63333335518836986 1.8688347935676577 1.5000000000000002 1.0000000180025095e-35 1.3503527641296389 1.7005987167358401 0.13210979104042056 1.2424533367156985 0.52272728085517894 1.0000000180025095e-35 0.23611111193895343 0.30952382087707525 1.8688347935676577
decision_type=2 2 2 2 2 2 2 2 2 2 2 2 2 2
left_child=-1 8 3 4 5 -3 7 -7 -2 -10 12 -12 13 -11
right_child=1 2 -4 -5 -6 6 -8 -9 9 10 11 -13 -14 -15
leaf_value=-0.00084017591416357673 -0.026426098726811953 0.025514509431588173 -0.049876539156943678 0.048898367193243641 -0.022967528978932599 0.0027283139676072023 0.042961789215701596 -0.060452478705043777 -0.00094716745193750462 0.01103292468766949 0.020379265042762246 0.082302781198089758 0.042510552446151928 -0.030694046422825017
leaf_weight=483.27627918682992 4.2793058567476683 16.298234289512049 1.9080132096132718 2.7473357552662483 2.9252801362890741 4.54204112064326 2.5771535176318139 2.1847684602253139 99.069888096861177 5.0248310899187363 3.9021247806958845 1.881050382638932 2.0968300816602996 4.7182633035045001
leaf_count=5252 173 104 66 24 40 64 20 46 4595 189 109 28 43 308
internal_value=-1.39661e-11 0.00263395 0.0114176 0.015157 0.0119075 0.0158923 -0.000963399 -0.0177919 0.0002246 0.00120192 0.0132832 0.0405207 -2.08282e-05 -0.00917409
internal_weight=637.431 154.155 33.1828 31.2748 28.5275 25.6022 9.30396 6.72681 120.972 116.693 17.6231 5.78318 11.8399 9.74309
internal_count=11061 5809 364 298 274 234 130 110 5445 5272 677 137 540 497
is_linear=0
shrinkage=0.05


Tree=178
num_leaves=15
num_cat=0
split_feature=13 27 23 30 42 38 13 17 18 23 28 41 13 27
split_gain=0.568733 0.821655 2.84703 1.94121 1.49189 1.44328 1.44248 1.19711 1.17213 0.974028 0.896487 1.18781 1.02834 2.34791
threshold=2.3502402305603032 1.8293302059173586 0.6904762089252473 1.8688347935676577 1.5000000000000002 1.0000000180025095e-35 2.0126758217811589 0.4083333313465119 0.19682539999485019 0.30952382087707525 2.4500000476837163 1.0000000180025095e-35 1.7005987167358401 1.2441715598106386
decision_type=2 2 2 2 2 2 2 2 2 2 2 2 2 2
left_child=1 10 3 4 7 9 -6 -3 -7 -5 12 -12 -1 -14
right_child=-2 2 -4 5 6 8 -8 -9 -10 -11 11 -13 13 -15
leaf_value=-0.00036701739227060117 0.0077436346080107165 -0.065249105053039103 -0.067778487502200974 -0.0028602277229347883 0.049300796206029403 0.0037069581424468757 -0.037924965696136188 0.022234629462334187 0.095433800100297062 0.068310114172550868 -0.053520822264749683 0.053197941555912023 0.051494173001339641 0.0045653594403832981
leaf_weight=547.85563229597756 22.862823350131293 2.7225033830618552 1.9096928875660513 16.799428433296278 0.89882051522727113 0.66137744195293524 1.0027916776962227 0.45662550092674781 0.73568094940856099 0.49490597523981605 1.5007633790810349 0.31556522636674333 2.8680579150095573 37.697494287189329
leaf_count=6628 1813 241 38 649 52 63 161 12 8 33 106 13 38 1206
internal_value=9.06691e-11 -0.000287442 -0.00904238 -0.00432392 -0.0317289 0.00312536 0.00330337 -0.0526836 0.0520097 -0.000823571 9.3494e-05 -0.0349797 0.000201757 0.00788331
internal_weight=638.782 615.919 25.6818 23.7721 5.08074 18.6914 1.90161 3.17913 1.39706 17.2943 590.238 1.81633 588.421 40.5656
internal_count=11061 9248 1257 1219 466 753 213 253 71 682 7991 119 7872 1244
is_linear=0
shrinkage=0.05


Tree=179
num_leaves=15
num_cat=0
split_feature=2 21 42 14 18 28 23 18 28 4 28 13 42 30
split_gain=0.665516 1.01411 1.58306 1.86166 1.4514 1.28019 1.24751 1.64897 2.64971 1.82405 1.93136 1.25969 1.22891 1.11681
threshold=1.0000000180025095e-35 0.6904762089252473 3.5000000000000004 2.5000000000000004 0.71944448351860057 -0.38750000298023218 0.36666667461395269 0.26992064714431768 0.26785714924335485 0.4083333313465119 0.64583334326744091 2.0126758217811589 3.5000000000000004 2.1383330821990971
decision_type=2 2 2 2 2 2 2 2 2 2 2 2 2 2
left_child=-1 2 3 4 5 -2 7 9 -9 10 -7 -10 -3 -13
right_child=1 12 -4 -5 -6 6 -8 8 11 -11 -12 13 -14 -15
leaf_value=-0.00040127877431533459 -0.027359416424954642 -0.00012939903561334893 0.059316854905906616 -0.037827299875574115 0.072463762032585824 -0.084654836456960925 0.041009955806900193 -0.09800875293854576 0.019211520690582809 0.060881053460359817 0.018499839893158603 -0.063252521501557218 -0.059575257221584424 0.013705993970646112
leaf_weight=602.18830980221719 1.972962151048711 13.284196026288551 1.7054515967174655 1.9113919405717741 1.0029360663029354 0.51772561817780083 3.6587529824464573 0.75870678210048925 3.5812856478150934 2.3377432234701701 3.6725412784289801 1.12015102202713 0.93027566518867466 0.81398486421676342
leaf_count=9673 147 336 81 133 22 24 69 33 175 74 170 71 28 25
internal_value=6.92675e-11 0.00648397 0.0129605 0.00925717 0.0138874 0.0107004 0.0152622 0.00790367 -0.0104005 0.0254959 0.00575463 0.00165101 -0.00401987 -0.0308644
internal_weight=639.456 37.2681 23.0536 21.3482 19.4368 18.4339 16.4609 12.8021 6.27413 6.52801 4.19027 5.51542 14.2145 1.93414
internal_count=11061 1388 1024 943 810 788 641 572 304 268 194 271 364 96
is_linear=0
shrinkage=0.05


Tree=180
num_leaves=15
num_cat=0
split_feature=2 18 24 17 21 22 18 27 18 38 7 18 18 21
split_gain=0.501949 0.932237 1.52188 1.41363 1.09406 1.07983 0.914905 1.07722 0.858452 2.59573 3.702 2.89009 1.80376 2.88964
threshold=1.0000000180025095e-35 0.33589744567871099 0.26785714924335485 0.4083333313465119 0.73214286565780651 0.81666666269302379 0.71944448351860057 1.1728994250297549 0.16964285820722583 1.0000000180025095e-35 1.0000000180025095e-35 0.3304761946201325 0.27876985073089605 0.30952382087707525
decision_type=2 2 2 2 2 2 2 2 2 2 2 2 2 2
left_child=8 -2 -3 5 6 -4 7 -5 -1 11 -11 12 13 -10
right_child=1 2 3 4 -6 -7 -8 -9 9 10 -12 -13 -14 -15
leaf_value=0.00041898612926816365 0.011625422140272996 0.016015730043880464 -0.11010886181611459 0.054652122232232918 -0.022857459868440008 -0.031382853875714031 0.065689915629786641 -0.038740356829822326 0.010703537554789831 -0.052769593153613861 0.052672354479676331 0.0022565442354466124 -0.044255043972078217 -0.021578511475192835
leaf_weight=516.71301660133395 23.602715332308435 5.2481672615831476 0.51589170959777986 0.51653023995459102 2.5959159143094439 2.7976047928677872 0.85040027173818078 0.76760313197155483 9.595068722162976 1.0588263747049484 3.8932273161481135 40.321885539815412 5.1808038365852545 24.976811471990004
leaf_count=7953 903 201 17 15 69 120 15 48 278 52 72 808 136 374
internal_value=3.42858e-12 0.00566103 -0.00492991 -0.0185956 -0.00105298 -0.04364 0.0254646 -0.00117413 -0.000347098 -0.00500265 0.0301272 -0.00717518 -0.016742 -0.012619
internal_weight=638.634 36.8948 13.2921 8.04395 4.73045 3.3135 2.13453 1.28413 601.74 85.0266 4.95205 80.0746 39.7527 34.5719
internal_count=11061 1388 485 284 147 137 78 63 9673 1720 124 1596 788 652
is_linear=0
shrinkage=0.05


Tree=181
num_leaves=15
num_cat=0
split_feature=4 22 18 15 35 18 13 28 23 28 16 17 16 24
split_gain=0.512622 2.36183 1.58096 2.65318 4.48208 2.27629 2.01314 1.83107 1.67465 1.16373 1.98281 1.27612 1.7712 1.27915
threshold=0.53571429848670971 0.58571431040763866 0.3304761946201325 0.30952382087707525 1.0000000180025095e-35 0.29999999701976782 1.2424533367156985 -0.22500000149011609 0.63333335518836986 1.8166666626930239 0.18333333730697635 0.89444443583488475 0.77500000596046459 0.4083333313465119
decision_type=2 2 2 2 2 2 2 2 2 2 2 2 2 2
left_child=2 -2 5 4 8 -1 -6 -5 -4 11 -11 12 13 -3
right_child=1 9 3 7 6 -7 -8 -9 -10 10 -12 -13 -14 -15
leaf_value=-6.5426082588590148e-05 0.040721631490304278 -0.016727963028907427 -0.0044920317214094353 0.070233415227593035 -0.089617401253459711 -0.062361631575067147 -0.0078833472639264421 0.019525060485644355 0.034630770772560868 -0.082550227412132693 -0.00072362318511985039 -0.059371957145119281 0.042479726545237684 0.0043983769439297432
leaf_weight=570.12552873353707 2.5576944789208929 16.313571054444772 6.8735537472384731 2.0724821662297481 1.8591590360738348 1.4701555851643195 1.2666385098127646 12.626437312079359 4.5432621752843261 1.3900267252665792 1.5839956530544439 1.0929903232608911 1.8917532080668014 12.776368683378676
leaf_count=9280 78 507 159 22 18 54 31 280 57 79 91 24 69 312
internal_value=1.23565e-10 -0.00566311 0.000354454 0.011694 -0.00344765 -0.000225653 -0.0564971 0.0266747 0.0110767 -0.00904805 -0.0389685 -0.00627377 -0.00440055 -0.00744923
internal_weight=638.444 37.6064 600.837 29.2415 14.5426 571.596 3.1258 14.6989 11.4168 35.0487 2.97402 32.0747 30.9817 29.0899
internal_count=11061 1160 9901 567 265 9334 49 302 216 1082 170 912 888 819
is_linear=0
shrinkage=0.05


Tree=182
num_leaves=15
num_cat=0
split_feature=28 27 38 41 27 18 26 27 27 24 23 7 27 18
split_gain=0.576112 1.3858 0.653221 0.742406 0.934856 1.44948 0.749478 0.627898 1.35665 3.30542 1.2716 1.19883 1.08914 2.02149
threshold=2.1833333969116215 1.0789818167686465 1.0000000180025095e-35 1.0000000180025095e-35 1.697936534881592 0.16339285671710971 0.22500000149011615 2.1301251649856572 2.0761644840240483 0.89444443583488475 0.53571429848670971 1.0000000180025095e-35 2.2259460687637334 0.18257576227188113
decision_type=2 2 2 2 2 2 2 2 2 2 2 2 2 2
left_child=7 -2 3 6 -5 -6 -3 8 -1 11 12 -10 13 -9
right_child=1 2 -4 4 5 -7 -8 10 9 -11 -12 -13 -14 -15
leaf_value=4.6479454034408147e-05 -0.11047231898486845 -0.034598234567847268 0.069937631008124737 0.088331823378162644 -0.058080802873003858 0.057290551476900632 0.020111634994736869 0.0018308337042455412 -0.016401188737075186 0.05032819858623501 -0.051704554187492972 -0.073618580514327486 0.0035756304321814913 0.058222040526336477
leaf_weight=602.69988793694938 0.36001941561698814 3.2370370134212862 0.24858541255525768 0.35425488895270962 0.59282447396253679 0.50343795136723202 0.77606892306357611 3.4413449572384769 1.6109132819838117 1.0823162864544427 0.85644859547028218 2.120535409590957 16.549791573736002 2.9529269792838022
leaf_count=8721 1 561 33 9 63 27 15 206 50 19 58 43 1179 76
internal_value=2.23167e-10 -0.0153275 -0.00933085 -0.0129374 0.0177195 -0.00509867 -0.0240182 0.000147426 -0.000164684 -0.026603 0.00811409 -0.0489171 0.010347 0.0278728
internal_weight=637.386 6.07223 5.71221 5.46362 1.45052 1.09626 4.01311 631.314 607.514 4.81376 23.8005 3.73145 22.9441 6.39427
internal_count=11061 709 708 675 99 90 576 10352 8833 112 1519 93 1461 282
is_linear=0
shrinkage=0.05


Tree=183
num_leaves=15
num_cat=0
split_feature=28 27 21 30 28 13 42 27 19 35 23 27 13 4
split_gain=0.767607 1.90339 0.605347 0.989561 1.02206 1.45663 0.911363 0.590466 1.22417 1.39009 1.16905 2.38615 2.6104 2.62633
threshold=2.1833333969116215 1.0789818167686465 0.35416667163372045 0.89587974548339855 2.8166666030883794 2.1383330821990971 3.5000000000000004 1.0789818167686465 0.77500000596046459 1.0000000180025095e-35 0.63333335518836986 1.4441507458686831 1.7005987167358401 1.0000000180025095e-35
decision_type=2 2 2 2 2 2 2 2 2 2 2 2 2 2
left_child=7 -2 3 -3 -5 6 -6 8 -1 -10 -9 12 13 -12
right_child=1 2 -4 4 5 -7 -8 10 9 -11 11 -13 -14 -15
leaf_value=-0.0010344269514889095 -0.10414699750344168 0.043734515753926097 -0.042661625318857282 -0.060091470833058706 0.076960288785196992 -0.032561318799978471 -0.01007160956861395 0.0004859379194429297 0.034768437600353468 -0.0029635090012429428 0.025937360928384879 -0.012419500945071061 0.064819980238851591 -0.0087597012581020085
leaf_weight=473.59832472051494 0.57566738128662009 0.9822717485949396 1.0584980891162556 0.8686819592076066 0.74234385474119358 1.4026646281017745 0.50571188726462424 112.73721444463808 5.134461038396692 4.6531102163717151 14.675889931502757 8.2450803567771782 2.7175742434337726 8.67926187510602
leaf_count=4703 1 19 135 196 76 241 41 4737 454 94 88 174 25 77
internal_value=1.3802e-10 -0.0175995 -0.00863883 -0.000638905 -0.0130236 0.00240125 0.041695 0.000171289 -0.000672703 0.0168303 0.00294558 0.0110257 0.0184399 0.0130432
internal_weight=636.577 6.13584 5.56017 4.50167 3.5194 2.65072 1.24806 630.441 483.386 9.78757 147.055 34.3178 26.0727 23.3552
internal_count=11061 709 708 573 554 358 117 10352 5251 548 5101 364 190 165
is_linear=0
shrinkage=0.05


Tree=184
num_leaves=15
num_cat=0
split_feature=28 13 27 29 26 41 27 23 39 4 18 18 13 19
split_gain=1.05262 2.56639 0.659094 0.89641 0.841263 0.811528 0.568335 1.19761 2.08681 2.18697 1.22031 1.68912 1.14157 1.0903
threshold=2.4500000476837163 1.4978661537170412 2.0809439420700078 0.89587974548339855 0.22500000149011615 1.0000000180025095e-35 1.0789818167686465 0.63333335518836986 1.0000000180025095e-35 0.29285715520381933 0.084523811936378493 0.19682539999485019 1.2424533367156985 0.77500000596046459
decision_type=2 2 2 2 2 2 2 2 2 2 2 2 2 2
left_child=6 -2 3 -3 5 -5 13 12 10 -10 -9 -12 -8 -1
right_child=1 2 -4 4 -6 -7 7 8 9 -11 11 -13 -14 -15
leaf_value=-0.00098555530221811028 -0.094715085145972988 0.05035059958257028 -0.032067491324719213 -0.048592332497819385 0.058158454085573158 0.040943702236817911 -0.025291206352531338 0.022325690860356288 -0.052151099672781767 0.01345190340638659 -0.039436030011219481 0.011591167163776553 0.0013237208267886235 0.016048921309474832
leaf_weight=475.9099539933959 0.99336824103374866 0.89534149836981702 1.4775620002674257 1.1017811086185245 0.35303257964551438 0.32853785980842065 4.1825815522461189 21.361725345399467 2.5103426283458239 2.5719446472357959 2.040382906328885 7.9055532505153678 109.6928342817846 9.5827086610952374
leaf_count=4703 15 70 349 145 8 24 172 156 63 48 33 64 4663 548
internal_value=-1.59898e-11 -0.0225147 -0.00525845 0.00952937 -0.0109652 -0.0280263 0.000182369 0.0028695 0.0107658 -0.018952 0.01559 0.00112307 0.000346169 -0.000649327
internal_weight=640.908 5.14962 4.15626 2.67869 1.78335 1.43032 635.758 150.265 36.3899 5.08229 31.3077 9.94594 113.875 485.493
internal_count=11061 611 596 247 177 169 10450 5199 364 111 253 97 4835 5251
is_linear=0
shrinkage=0.05


Tree=185
num_leaves=15
num_cat=0
split_feature=23 34 34 26 21 27 18 29 19 27 4 22 24 30
split_gain=0.758712 6.17623 3.54905 5.46076 3.29928 2.63905 2.14472 2.69605 1.97479 3.45245 3.05659 2.73329 1.91265 3.23939
threshold=0.6904762089252473 1.0000000180025095e-35 1.0000000180025095e-35 0.41666667163372045 0.35416667163372045 1.6316987276077273 0.1252551004290581 0.89587974548339855 0.41428571939468389 1.1161723732948305 0.27922078967094427 0.95454546809196483 0.52272728085517894 2.1383330821990971
decision_type=2 2 2 2 2 2 2 2 2 2 2 2 2 2
left_child=2 -2 4 5 -1 -4 -3 -8 9 10 -6 -12 -11 -14
right_child=1 6 3 -5 8 -7 7 -9 -10 12 11 -13 13 -15
leaf_value=0.0040571736215252755 -0.0050391141005429055 0.018914454141110201 -0.015925770258985197 0.021362486873340893 -0.037131860035342266 0.011318639166090636 0.0098750037523986419 -0.044911307314553402 0.0043441567040078148 -0.0075497687757610779 0.042901070945013192 -0.016472029739895512 0.030864234444827249 -0.054222697288174963
leaf_weight=280.12721723031427 97.494930610380834 54.413286438793875 85.659137293478125 13.067318696761502 17.853775457158921 9.9177061001391831 8.2924074754118902 3.0794643801636985 28.854858753638837 29.426711946398427 2.4235323779284927 9.6838929433724843 7.8040407904227305 1.3057716245602931
leaf_count=6141 537 266 854 152 186 414 55 32 700 1329 36 148 169 42
internal_value=6.20817e-12 0.00294889 -0.000990476 -0.00895384 0.00130149 -0.0130987 0.0147873 -0.00496094 -0.00662783 -0.0112498 -0.0239805 -0.00458737 -0.00135201 0.0186681
internal_weight=649.404 163.28 486.124 108.644 377.48 95.5768 65.7852 11.3719 97.3526 68.4977 29.9612 12.1074 38.5365 9.10981
internal_count=11061 890 10171 1420 8751 1268 353 87 2610 1910 370 184 1540 211
is_linear=0
shrinkage=0.05


Tree=186
num_leaves=15
num_cat=0
split_feature=27 27 13 37 22 39 10 42 23 23 27 23 39 11
split_gain=0.582857 1.43675 1.70112 1.32249 1.26839 1.34127 1.4038 1.26484 2.38836 1.06521 1.93194 1.92092 1.36556 1.43516
threshold=1.0789818167686465 1.0495360493659975 1.2424533367156985 1.0000000180025095e-35 0.95454546809196483 1.0000000180025095e-35 1.0000000180025095e-35 1.0000000180025095e-35 0.63333335518836986 0.63333335518836986 1.8145129680633547 0.84523808956146251 1.0000000180025095e-35 1.0000000180025095e-35
decision_type=2 2 2 2 2 2 2 2 2 2 2 2 2 2
left_child=1 2 3 -1 -3 -6 -7 -8 -9 -2 12 -12 13 -11
right_child=9 4 -4 -5 5 6 7 8 -10 10 11 -13 -14 -15
leaf_value=-0.00064996162446370016 0.00034977921616677799 -0.038891441176112318 0.039470145138072288 0.024359171670736784 0.00046323487233638334 -0.060357519756311519 -0.053652421808651311 -0.020483645159738283 0.047065397201525569 0.012531646354680126 0.044277217717260162 -0.056209985457239875 -0.016303169276491281 0.045245641991723956
leaf_weight=442.14350505673792 117.5980913146177 3.6017293999902895 2.6981105408631256 5.3500715633854261 19.081004833802581 1.922618305077777 1.5806583490921182 5.4406847243662924 1.7229951992630956 26.927664363058287 0.62930049060378146 1.9469976458931342 3.5125253363512448 3.8292942396365097
leaf_count=4712 5445 36 28 136 164 49 13 87 27 132 47 46 80 59
internal_value=2.23982e-11 -0.000854111 -0.000112304 -0.000350961 -0.0108679 -0.00747491 -0.0216746 -0.0131694 -0.00423687 0.0026741 0.0100925 -0.0316644 0.0132316 0.0166046
internal_weight=637.985 483.541 450.192 447.494 33.3497 29.748 10.667 8.74434 7.16368 154.444 36.8458 2.5763 34.2695 30.757
internal_count=11061 5252 4876 4848 376 340 176 127 114 5809 364 93 271 191
is_linear=0
shrinkage=0.05


Tree=187
num_leaves=15
num_cat=0
split_feature=26 34 19 10 20 13 28 41 18 18 34 21 18 11
split_gain=0.68747 4.26575 2.84147 4.61616 4.30462 4.82803 3.35194 2.93943 2.52275 4.45638 2.23223 6.81849 2.1821 2.09407
threshold=0.29166667163372045 1.0000000180025095e-35 0.46428571641445165 1.0000000180025095e-35 0.43650794029235845 0.89587974548339855 0.64583334326744091 1.0000000180025095e-35 0.082291666418313994 0.14851190149784091 1.0000000180025095e-35 0.92857143282890331 0.26726190745830541 1.0000000180025095e-35
decision_type=2 2 2 2 2 2 2 2 2 2 2 2 2 2
left_child=10 2 3 4 6 -6 -2 13 -7 -10 -1 -12 -11 -4
right_child=1 -3 7 -5 5 8 -8 -9 9 12 11 -13 -14 -15
leaf_value=0.0033520688810571111 -0.082662881277390077 0.010182279023222031 0.032657343413904465 -0.0030903618012443164 -0.028539603699095542 0.047623520618584374 -0.016970666850341983 -0.01130758723956733 -0.049031932162788311 0.054230783448682041 -0.013353491837695151 0.014193559902234427 -0.013038241690510561 0.0016430227014674775
leaf_weight=309.19707030729842 4.7743354283738864 52.746587017783895 11.437004416598938 91.265490292920731 23.16665449924767 3.3439776387531301 3.2730170167051256 14.235202977433799 3.2845357619225961 2.8802252062596381 74.42005709510704 32.175657144282013 2.0733844134956598 10.384194241371006
leaf_count=7409 54 449 593 614 109 33 65 186 19 30 1057 267 27 149
internal_value=-1.17057e-11 -0.00224068 -0.00609253 -0.00944377 -0.0229928 -0.0153617 -0.0559446 0.00636774 0.010997 -0.00387023 0.00120101 -0.00503848 0.0260746 0.0178984
internal_weight=638.657 222.865 170.118 134.062 42.7961 34.7488 8.04735 36.0564 11.5821 8.23815 415.793 106.596 4.95361 21.8212
internal_count=11061 2328 1879 951 337 218 119 928 109 76 8733 1324 57 742
is_linear=0
shrinkage=0.05


Tree=188
num_leaves=15
num_cat=0
split_feature=4 22 18 27 42 14 25 12 18 5 18 25 28 23
split_gain=0.739535 2.10899 1.22526 2.47383 1.88371 1.74386 1.50835 1.55118 1.35277 1.1943 1.79176 2.96395 1.53805 1.65753
threshold=0.53571429848670971 0.58571431040763866 0.38075399398803716 1.1728994250297549 2.5000000000000004 2.5000000000000004 0.35416667163372045 1.0000000180025095e-35 0.31339286267757421 1.0000000180025095e-35 0.56458333134651195 0.4083333313465119 0.64583334326744091 0.18333333730697635
decision_type=2 2 2 2 2 2 2 2 2 2 2 2 2 2
left_child=-1 -2 3 -3 6 9 -5 -8 -6 -4 11 12 -11 -14
right_child=1 2 5 4 8 -7 7 -9 -10 10 -12 -13 13 -15
leaf_value=0.0004278489525181422 0.037814610718064287 -0.053514467390922874 -0.012683028521979721 -0.044871406189554347 -0.0072694013412633032 -0.050177357603974806 -0.060949682540963307 0.058964864240502748 0.066833443903445866 -0.027307161275454794 -0.018596686502443789 0.062358414264129372 -0.010886300475675049 0.061462910665145191
leaf_weight=599.58870126853981 2.4777475255395975 4.272361583192831 10.066689432016577 2.9195393778354628 1.2267149093368064 1.8637689188544744 0.39523472829023354 0.84898026380687952 1.2368282710085621 2.561849708814405 3.7306551691581271 3.0738994290004484 1.6050535986432808 1.5621350547298787
leaf_count=9901 78 65 298 160 73 88 59 20 52 31 110 49 54 23
internal_value=5.9097e-11 -0.00677916 -0.00990361 -0.0238468 -0.00472127 -0.00369138 -0.0252256 0.0208731 0.0299341 0.000142166 0.0104431 0.02275 0.00149823 0.0247981
internal_weight=637.43 37.8415 35.3637 10.8997 6.6273 24.4641 4.16375 1.24421 2.46354 22.6003 12.5336 8.80294 5.72904 3.16719
internal_count=11061 1160 1082 429 364 653 239 79 125 565 267 157 108 77
is_linear=0
shrinkage=0.05


Tree=189
num_leaves=15
num_cat=0
split_feature=26 34 19 10 41 36 20 13 28 27 11 34 21 6
split_gain=0.57434 3.07928 2.18585 3.5758 2.55283 2.36694 2.4746 4.35573 2.84708 2.04402 1.8601 1.60341 6.04593 1.64922
threshold=0.29166667163372045 1.0000000180025095e-35 0.46428571641445165 1.0000000180025095e-35 1.0000000180025095e-35 1.0000000180025095e-35 0.43650794029235845 1.2424533367156985 0.84523808956146251 1.0495360493659975 1.0000000180025095e-35 1.0000000180025095e-35 0.92857143282890331 1.0000000180025095e-35
decision_type=2 2 2 2 2 2 2 2 2 2 2 2 2 2
left_child=11 2 3 5 10 6 8 -8 -2 -3 -4 -1 13 -13
right_child=1 9 4 -5 -6 -7 7 -9 -10 -11 -12 12 -14 -15
leaf_value=0.0029150646986069897 -0.07970762764816107 0.013203266757431879 0.030754510087294313 -0.0027200468524033248 -0.010689848141137494 0.024681491572412968 -0.02553425463118051 0.026040454912138567 -0.00882556384232344 -0.013213386642463507 0.0013098222698209605 -0.010493904411582365 0.013784001603655697 -0.04552118510569416
leaf_weight=308.98691091603723 3.7504965357948086 42.59547423850745 11.137292856234126 92.146587813564111 14.301332220435141 2.7311542872339478 28.439162062481046 4.7821984165348104 2.2766008395701647 8.84286956861615 10.346462581073865 69.590891552375979 32.317302113748156 3.5310317050461881
leaf_count=7409 60 366 593 614 186 29 163 36 49 83 149 862 267 195
internal_value=6.40394e-11 -0.0020563 -0.0053011 -0.0082304 0.0056782 -0.0203258 -0.0234577 -0.0181101 -0.0529335 0.00866193 0.0165741 0.00109829 -0.00422571 -0.0121854
internal_weight=635.776 221.35 169.911 134.126 35.7851 41.9796 39.2485 33.2214 6.0271 51.4383 21.4838 414.426 105.439 73.1219
internal_count=11061 2328 1879 951 928 337 308 199 109 449 742 8733 1324 1057
is_linear=0
shrinkage=0.05


Tree=190
num_leaves=15
num_cat=0
split_feature=18 35 13 1 18 20 18 25 38 21 24 23 18 18
split_gain=0.737784 3.04905 5.14887 2.96086 2.72164 2.56143 2.78145 2.34038 1.93864 2.31019 3.69597 2.58819 2.71627 2.0769
threshold=0.16964285820722583 1.0000000180025095e-35 0.89587974548339855 1.0000000180025095e-35 0.18521825224161151 0.92857143282890331 0.60555556416511547 0.44505494832992559 1.0000000180025095e-35 0.35416667163372045 0.44505494832992559 0.58571431040763866 0.19444445520639422 0.71944448351860057
decision_type=2 2 2 2 2 2 2 2 2 2 2 2 2 2
left_child=-1 4 3 -3 -2 6 7 -4 9 10 -6 12 -11 -14
right_child=1 2 5 -5 8 -7 -8 -9 -10 11 -12 -13 13 -15
leaf_value=0.0007998340110584104 -0.047153269644016539 -0.084455662716219293 -0.014838856655071161 -0.021051192270885432 0.029509202929324563 0.035302393595384285 -0.07899234793486247 0.03049696214616452 0.033186379670032233 0.077160516544827668 -0.015325068122092209 0.0080173718988323928 -0.019896172629497326 0.035949764653056195
leaf_weight=521.98786662714519 2.780302633305836 3.7527581336908034 17.050996168894937 3.6149179954081774 14.366996078479135 3.2907259420026085 1.4473499980522309 3.4172305442043571 5.039963061339221 0.7945792018435921 6.7593782029580316 23.710010585782584 27.599567880397448 1.7717156308681286
leaf_count=8258 90 17 355 39 619 22 30 86 141 8 316 289 735 56
internal_value=-3.6232e-11 -0.00361799 -0.0165777 -0.0533465 0.00147904 -0.00583034 -0.0120066 -0.00726991 0.0031683 0.00115116 0.0151645 -0.00434389 -0.0140597 -0.0165275
internal_weight=637.384 115.396 32.574 7.36768 82.8225 25.2063 21.9156 20.4682 80.0422 75.0022 21.1264 53.8759 30.1659 29.3713
internal_count=11061 2803 549 56 2254 493 471 441 2164 2023 935 1088 799 791
is_linear=0
shrinkage=0.05


Tree=191
num_leaves=15
num_cat=0
split_feature=27 37 19 35 18 28 35 26 4 13 21 24 35 23
split_gain=0.505909 0.984946 0.854436 1.14139 0.973012 3.39284 3.0022 5.41935 3.63558 2.68415 2.26672 3.06327 1.80585 3.51578
threshold=1.0789818167686465 1.0000000180025095e-35 0.77500000596046459 1.0000000180025095e-35 0.070138890296220793 0.84523808956146251 1.0000000180025095e-35 0.75000000000000011 0.13392857462167743 0.89587974548339855 0.64583334326744091 0.63333335518836986 1.0000000180025095e-35 0.90454545617103588
decision_type=2 2 2 2 2 2 2 2 2 2 2 2 2 2
left_child=2 -2 4 -4 5 12 8 -8 -6 -10 11 -11 -1 -14
right_child=1 -3 3 -5 6 -7 7 -9 9 10 -12 -13 13 -15
leaf_value=-0.0011853026081694868 0.0029476780822271123 -0.032014446320365188 0.03237054902833298 -0.0026503483636689 -0.076854033298919433 -0.043492711999502352 -0.0076588233004505034 -0.064338620034642857 0.021673128129086401 0.032803754704039123 -0.010871067994964663 -0.062733583037900512 0.0041301760333475835 0.043190689292508709
leaf_weight=323.52409492747393 152.6511611146725 2.0413901514657473 4.4814508368726802 4.8385506486520171 1.4777523670345534 4.4577691450249395 17.461795403156433 5.5600971844978622 13.564754236955194 6.3950696319807312 28.354173605912365 0.96573873190209258 62.058165083173662 6.3503494262695304
leaf_count=3180 5580 229 454 94 7 57 160 19 163 229 301 22 549 17
internal_value=-1.35e-10 0.0024863 -0.000802129 0.0141892 -0.0010993 -0.000117983 -0.00637154 -0.0213478 0.000421166 0.00273842 -0.00445309 0.0202692 0.000375353 0.00775616
internal_weight=634.182 154.693 479.49 9.32 470.17 396.39 73.7794 23.0219 50.7575 49.2797 35.715 7.36081 391.933 68.4085
internal_count=11061 5809 5252 548 4704 3803 901 179 722 715 552 251 3746 566
is_linear=0
shrinkage=0.05


Tree=192
num_leaves=15
num_cat=0
split_feature=27 23 30 42 42 15 27 4 28 28 19 13 18 24
split_gain=0.55678 0.891961 2.98182 1.15352 1.75934 1.25319 1.05843 2.16885 0.967251 2.04367 1.82652 1.77448 2.08127 1.72838
threshold=1.0789818167686465 0.63333335518836986 1.8688347935676577 1.5000000000000002 1.0000000180025095e-35 0.13392857462167743 1.3503527641296389 0.27922078967094427 0.81666666269302379 0.15476191043853763 0.30952382087707525 1.7005987167358401 0.059854498133063323 0.52272728085517894
decision_type=2 2 2 2 2 2 2 2 2 2 2 2 2 2
left_child=-1 8 3 4 6 -6 -3 -8 9 10 13 -11 -13 -2
right_child=1 2 -4 -5 5 -7 7 -9 -10 11 -12 12 -14 -15
leaf_value=-0.00084483913553332285 -0.004882376917147966 0.021840572461250461 -0.04935338886105755 0.045693833707814151 -0.061375013726603506 0.0043211447617338425 0.011889968498528268 -0.043610073820077144 0.0048557363654660882 -0.043651518044452123 0.075397491255541349 -0.045239751513538547 0.004938678661090469 0.021500711233276404
leaf_weight=477.8485838714987 32.391275000172755 17.360041591804478 2.0514616547152391 2.4568779268302015 1.3851635339669877 1.52516169170849 11.010551838204263 2.0952615891583255 60.352186721849648 5.1244344071019432 0.8235514669213434 2.7800569917199018 8.0511895638373954 7.6793880668992633
leaf_count=5252 1506 104 66 24 17 23 90 40 2822 147 17 327 435 191
internal_value=-1.93397e-11 0.0026031 0.00927259 0.012629 0.010195 -0.0269468 0.0137431 0.00301703 0.000447242 -0.00423284 0.00168874 -0.0194098 -0.00794062 0.00017384
internal_weight=632.935 155.087 37.8845 35.8331 33.3762 2.91033 30.4659 13.1058 117.202 56.8499 40.8942 15.9557 10.8312 40.0707
internal_count=11061 5809 364 298 274 40 234 130 5445 2623 1714 909 762 1697
is_linear=0
shrinkage=0.05


Tree=193
num_leaves=15
num_cat=0
split_feature=27 23 27 34 29 13 5 24 4 4 27 24 27 27
split_gain=0.714496 1.34031 2.05798 2.43509 1.38141 0.935805 1.10055 0.901136 1.25789 1.44865 1.25971 1.21836 0.910466 1.47611
threshold=1.0789818167686465 0.63333335518836986 1.4441507458686831 1.0000000180025095e-35 1.7005987167358401 1.2424533367156985 1.0000000180025095e-35 0.81666666269302379 0.27922078967094427 0.23611111193895343 1.8530659079551699 0.77500000596046459 1.4970285892486574 2.2443768978118901
decision_type=2 2 2 2 2 2 2 2 2 2 2 2 2 2
left_child=-1 5 -3 4 -4 6 -2 11 9 12 -10 -7 -9 -14
right_child=1 2 3 -5 -6 7 -8 8 10 -11 -12 -13 13 -15
leaf_value=-0.00095653521502566102 -0.014027446978767644 0.017571676661081989 -0.056991201252817092 0.01055070281673845 0.028565490817773983 6.0557385634102826e-05 -0.096246423657457184 -0.014669715214444108 0.010382058322147695 0.087295432434868508 -0.052585946413988317 -0.068731985677739499 0.04394910842206573 -0.012887868546016071
leaf_weight=478.40809462574543 3.5117434104322451 29.071240484016016 2.8674507405958125 5.6120994669618085 0.5647127283446024 100.87819220909842 0.46036677993834008 1.6451616289414213 2.4209700725332364 0.84264831949258212 1.182096265198197 0.64775663090404023 3.983820611043484 1.6015962576348099
leaf_count=5252 157 190 98 55 21 4869 16 56 54 22 31 27 151 62
internal_value=7.23317e-11 0.00294684 0.0110914 -0.00973839 -0.0429141 0.000297509 -0.0235566 0.00113452 0.014289 0.0252525 -0.0102765 -0.000378353 0.0180221 0.0276513
internal_weight=633.698 155.29 38.1155 9.04426 3.43216 117.174 3.97211 113.202 11.6763 8.07323 3.60307 101.526 7.23058 5.58542
internal_count=11061 5809 364 174 119 5445 173 5272 376 291 85 4896 269 213
is_linear=0
shrinkage=0.05


Tree=194
num_leaves=15
num_cat=0
split_feature=27 23 27 34 35 4 4 15 29 24 27 20 27 18
split_gain=0.970129 1.68322 1.83962 1.93798 1.62534 2.56784 2.58763 1.28441 1.27437 0.891638 1.76412 1.64397 2.29748 1.52087
threshold=1.0789818167686465 0.63333335518836986 1.4441507458686831 1.0000000180025095e-35 1.0000000180025095e-35 1.0000000180025095e-35 0.46428571641445165 0.63333335518836986 1.8688347935676577 0.81666666269302379 1.1728994250297549 0.30952382087707525 2.4384552240371709 0.12958333641290667
decision_type=2 2 2 2 2 2 2 2 2 2 2 2 2 2
left_child=-1 9 4 8 5 -3 7 -7 -4 -2 -11 12 -12 -13
right_child=1 2 3 -5 -6 6 -8 -9 -10 10 11 13 -14 -15
leaf_value=-0.0011132495398451043 -0.0010363323126977803 0.025572325029927609 -0.052313294843297498 0.0099214879134789224 0.053320781596032457 -0.044124030889702612 0.032899818451056793 0.0038162744291798199 0.034314453894685293 -0.071671724637010131 -0.0064872271188390262 0.0094493626807984326 0.089510709841050876 0.067579482565849266
leaf_weight=479.61716411251109 105.02239877523971 17.61059249192477 2.6800821129872916 5.8229157199384645 3.0240169381722799 3.7159357862547022 2.7016207969281822 2.2389861699193716 0.50444992777192954 0.58409987692721088 6.5787842949666793 2.0747020419221371 0.6884820274717639 2.4586152136325836
leaf_count=5252 5014 88 107 55 13 47 32 10 12 57 297 35 26 16
internal_value=-8.3839e-11 0.00342912 0.0125313 -0.0072298 0.0186081 0.0146118 -0.00768605 -0.026099 -0.0385909 0.000459968 0.0131486 0.017347 0.00260737 0.0409759
internal_weight=635.323 155.706 38.2986 9.00745 29.2912 26.2671 8.65654 5.95492 3.18453 117.407 12.3847 11.8006 7.26727 4.53332
internal_count=11061 5809 364 174 190 177 89 57 119 5445 431 374 323 51
is_linear=0
shrinkage=0.05


Tree=195
num_leaves=15
num_cat=0
split_feature=27 23 18 18 27 34 27 27 28 28 19 24 15 18
split_gain=0.568817 1.23415 1.63621 1.44416 1.08614 0.982682 0.974741 1.58422 0.822973 1.87823 2.05564 1.59824 2.51894 4.33287
threshold=1.0789818167686465 0.63333335518836986 0.090454544872045531 0.17416666448116305 1.4634918570518496 1.0000000180025095e-35 1.3594033122062685 1.788942337036133 0.81666666269302379 0.15476191043853763 0.30952382087707525 0.52272728085517894 0.15476191043853763 0.17044360190629962
decision_type=2 2 2 2 2 2 2 2 2 2 2 2 2 2
left_child=-1 8 4 -4 -3 -6 -5 -8 9 10 11 12 -2 -14
right_child=1 2 3 6 5 -7 7 -9 -10 -11 -12 -13 13 -15
leaf_value=-0.00085114388229968064 -0.014299377027903133 0.024784181976743674 -0.04358012533000015 0.015169632270799718 -0.03948559853483162 0.010613726258251067 -0.041033938181026047 0.023044769093620614 0.0042403694143766709 -0.018663550961016868 0.075788661036596913 0.020431718572286213 0.060514868911601065 -0.0084630816612959806
leaf_weight=476.98472284094896 22.427602697120165 17.562806963920597 1.9274432545062143 6.6743362706620228 1.2481174594431639 4.5358968536602333 2.4619632991962135 1.5858797772089017 60.16943526680916 16.013319414421858 0.91130385256837954 7.6292130012443513 3.5209837650836544 6.4419981831597397
leaf_count=5252 1165 105 48 45 61 30 43 32 2822 909 17 191 98 243
internal_value=1.56575e-10 0.00265157 0.0107486 -0.00373361 0.0185952 -0.000197077 0.00342929 -0.0159289 0.000162847 -0.0041456 0.0015342 -0.000156675 -0.00500602 0.0159142
internal_weight=630.095 153.11 35.9964 12.6496 23.3468 5.78401 10.7222 4.04784 117.114 56.9444 40.9311 40.0198 32.3906 9.96298
internal_count=11061 5809 364 168 196 91 120 75 5445 2623 1714 1697 1506 341
is_linear=0
shrinkage=0.05


Tree=196
num_leaves=15
num_cat=0
split_feature=27 23 18 16 15 13 27 18 27 19 39 14 37 28
split_gain=0.497499 1.15014 1.92622 1.31671 1.52163 1.03403 0.954665 0.954373 0.86418 0.776395 1.08508 0.81635 0.755436 0.958746
threshold=1.0789818167686465 0.63333335518836986 0.090454544872045531 0.58571431040763866 0.15476191043853763 1.8688347935676577 1.4634918570518496 0.3304761946201325 1.788942337036133 0.77500000596046459 1.0000000180025095e-35 1.5000000000000002 1.0000000180025095e-35 0.81666666269302379
decision_type=2 2 2 2 2 2 2 2 2 2 2 2 2 2
left_child=9 12 6 4 7 -6 -3 -4 -8 -1 11 -11 13 -2
right_child=1 2 3 -5 5 -7 8 -9 -10 10 -12 -13 -14 -15
leaf_value=-0.0010788812911289739 -0.004009619080177401 0.025113281266718659 -0.069615206720684566 0.032358425823791941 0.011052592884807456 -0.029960106331703873 -0.035296432013904484 -0.01314103896622072 0.011560866210514564 0.018825964434182427 0.043264110076092537 -0.015884727683626941 -0.03016785010703131 0.0051212431941030107
leaf_weight=467.17466478119604 56.597590862165816 16.866001823684204 1.5565180781704806 1.9556388779892593 5.4924969100393355 2.1339816922554746 1.2387762701837335 1.4403756027459165 4.7841402455815114 3.8737778619397414 2.3079317851224914 3.0101884519681334 2.0264040592046504 58.426787747308481
leaf_count=4704 2604 105 38 31 39 39 32 21 59 231 262 55 229 2612
internal_value=1.03292e-10 0.00248536 0.0103731 -0.00534477 -0.0122855 -0.00042326 0.0190112 -0.0424724 0.00192339 -0.00079574 0.0135948 0.00364784 9.52642e-05 0.000628415
internal_weight=628.885 152.519 35.4679 12.579 10.6234 7.62648 22.8889 2.99689 6.02292 476.367 9.1919 6.88397 117.051 115.024
internal_count=11061 5809 364 168 137 78 196 59 91 5252 548 286 5445 5216
is_linear=0
shrinkage=0.05


Tree=197
num_leaves=15
num_cat=0
split_feature=13 27 19 18 27 21 18 15 20 30 21 18 14 13
split_gain=0.563173 1.28939 1.27525 1.22687 2.20907 2.08864 1.90299 2.26777 3.60873 4.0727 1.70803 1.65221 1.71419 1.82638
threshold=1.7005987167358401 1.2441715598106386 0.63333335518836986 0.077152017503976836 1.4266643524169924 0.58571431040763866 0.13210979104042056 0.30952382087707525 0.77500000596046459 1.4978661537170412 0.92857143282890331 0.17416666448116305 2.5000000000000004 2.3502402305603032
decision_type=2 2 2 2 2 2 2 2 2 2 2 2 2 2
left_child=-1 -2 3 4 5 -3 7 8 9 10 -5 12 13 -8
right_child=1 2 -4 6 -6 -7 11 -9 -10 -11 -12 -13 -14 -15
leaf_value=-0.00061104407369737528 0.039256850488038453 -0.078820299967023166 -0.035005077083457313 0.024142678755820345 0.00078922391518920852 -0.0031366843497284318 -0.048651630857418734 0.058406485038290115 -0.093497424888195957 -0.057453008402270966 0.0916348256999098 0.0079368178421574866 0.052143066067706259 0.028198308343298409
leaf_weight=538.69545875559197 2.4746526936069122 1.7880724297137924 2.1911715666028604 2.768329955666557 32.67217988989978 1.8597040101885793 3.7200448831572421 3.8419048697396647 0.74793800245970476 1.2010699568854759 1.4173507107188923 33.443254927859016 0.68213800497323962 0.97594119447603578
leaf_count=6680 39 22 123 92 2116 24 164 131 13 218 7 1288 46 98
internal_value=7.20452e-11 0.00366622 0.00265745 0.00362699 -0.00333106 -0.0402354 0.00880581 0.0282832 0.00941828 0.0237079 0.0469968 0.00380037 -0.0219217 -0.0326803
internal_weight=628.479 89.7838 87.3091 85.1179 36.32 3.64778 48.798 9.97659 6.13469 5.38675 4.18568 38.8214 5.37812 4.69599
internal_count=11061 4381 4342 4219 2162 46 2057 461 330 317 99 1596 308 262
is_linear=0
shrinkage=0.05


Tree=198
num_leaves=15
num_cat=0
split_feature=18 22 1 7 18 10 18 41 16 18 18 25 39 42
split_gain=0.516953 1.54722 1.54207 2.3618 1.21141 3.57391 0.947156 1.50504 0.822324 0.524848 1.49749 1.08898 1.54804 1.05441
threshold=0.55902779102325451 0.73214286565780651 1.0000000180025095e-35 1.0000000180025095e-35 0.72777780890464794 1.0000000180025095e-35 0.64583334326744091 1.0000000180025095e-35 0.63333335518836986 0.49166667461395269 0.43333335220813757 0.44505494832992559 1.0000000180025095e-35 1.5000000000000002
decision_type=2 2 2 2 2 2 2 2 2 2 2 2 2 2
left_child=9 -2 6 -4 5 -5 -3 -8 -6 10 -1 13 -13 -11
right_child=1 2 3 4 8 -7 7 -9 -10 11 -12 12 -14 -15
leaf_value=0.00012047743787424795 0.046745168834447737 -0.033842866997052377 0.023322766028872136 0.042459486281081621 -0.10393365553727059 -0.06649546888951384 0.065651420285543979 -0.013607721783021843 -0.044550315563329244 0.015349754546195221 -0.041980569693198327 0.063357407844866806 0.004666788356283101 -0.01800159600925123
leaf_weight=599.49403587204688 1.0697428197599919 0.82781335664913092 1.6427486519678494 1.2174208266660571 1.0928631251154002 1.971452596335439 1.2666236155782826 1.1362462881952524 1.2495350082972436 5.1812764222850074 2.1195810864010118 1.9606719038565632 2.6314182459464064 4.3675017618370475
leaf_count=10325 26 16 47 17 15 51 61 19 35 130 99 44 82 94
internal_value=2.20938e-11 -0.0105153 -0.0164024 -0.0293198 -0.0449542 -0.0248996 0.0122817 0.0281721 -0.0722561 0.00019595 -2.78513e-05 0.00971741 0.0297258 9.52288e-05
internal_weight=627.229 11.4744 10.4047 7.17402 5.53127 3.18887 3.23068 2.40287 2.3424 615.754 601.614 14.1409 4.59209 9.54878
internal_count=11061 287 261 165 118 68 96 80 50 10774 10424 350 126 224
is_linear=0
shrinkage=0.05


Tree=199
num_leaves=15
num_cat=0
split_feature=18 35 18 18 4 39 42 24 20 13 13 13 14 25
split_gain=1.16355 2.57303 2.35825 2.05797 1.56939 2.0935 1.13262 1.27405 1.18965 0.732681 0.460887 0.91428 1.48075 0.885086
threshold=0.55902779102325451 1.0000000180025095e-35 0.69374999403953563 0.64583334326744091 0.84523808956146251 1.0000000180025095e-35 1.5000000000000002 0.89444443583488475 0.30952382087707525 1.8688347935676577 2.3502402305603032 2.2499048709869389 1.0000000180025095e-35 0.81666666269302379
decision_type=2 2 2 2 2 2 2 2 2 2 2 2 2 2
left_child=10 3 -3 -2 5 -5 9 8 -8 -6 11 -1 -13 -12
right_child=1 2 -4 4 6 -7 7 -9 -10 -11 13 12 -14 -15
leaf_value=0.00022217182915387377 -0.042584238721821967 -0.0039121947503849659 -0.079823613682145855 0.034316251004140479 0.068868431765145496 -0.08178686443241906 0.00016506866725137133 0.044253866747526849 -0.12636293666277201 0.014740033703240316 0.0044630454763636886 -0.073660245519906839 -0.0071728078660174728 0.041467718216755267
leaf_weight=589.27180594543097 1.9876157990074697 1.7969237653887828 2.375754727749154 0.73738091066479661 1.8568915976502469 0.82005846477113664 0.5018282334822286 0.74581375729758292 0.29497189400717616 0.94250102329533536 19.777817836657054 1.0606188669480605 3.9792658837977797 1.7596608812455077
leaf_count=8616 56 22 26 15 47 28 48 13 6 26 1738 106 263 51
internal_value=3.71139e-11 -0.0153809 -0.0471331 0.00141766 0.0162426 -0.026817 0.0316877 -0.00271328 -0.046675 0.0506445 0.000301194 4.08063e-05 -0.0211648 0.00748641
internal_weight=627.909 12.0597 4.17268 7.88706 5.89945 1.55744 4.34201 1.54261 0.7968 2.79939 615.849 594.312 5.03988 21.5375
internal_count=11061 287 48 239 183 43 140 67 54 73 10774 8985 369 1789
is_linear=0
shrinkage=0.05


Tree=200
num_leaves=15
num_cat=0
split_feature=18 35 18 18 4 39 42 13 13 13 25 29 13 14
split_gain=1.26491 2.54455 2.27112 1.83876 1.38742 1.82754 1.1616 1.39382 0.724635 0.466013 0.954754 1.26544 0.838569 1.53199
threshold=0.55902779102325451 1.0000000180025095e-35 0.69374999403953563 0.64583334326744091 0.84523808956146251 1.0000000180025095e-35 1.5000000000000002 1.7005987167358401 1.8688347935676577 2.3502402305603032 0.81666666269302379 0.89587974548339855 2.2499048709869389 1.0000000180025095e-35
decision_type=2 2 2 2 2 2 2 2 2 2 2 2 2 2
left_child=9 3 -3 -2 5 -5 8 -8 -6 12 -11 -12 -1 -14
right_child=1 2 -4 4 6 -7 7 -9 -10 10 11 -13 13 -15
leaf_value=0.00022545343025648257 -0.04015032409192016 -0.0037999460566167233 -0.077192927524807123 0.032092081078398074 0.067805001010060248 -0.078366764008339695 -0.054717692638083786 0.039644261129733432 0.013650265395445794 0.0042745522286134494 -0.0010061579906063438 0.080916677839613552 -0.07495789131104301 -0.0063090048083230925
leaf_weight=589.49744587615351 2.0119933936002763 1.8043221576954236 2.534999497118406 0.71088902838528134 1.8087531549681446 0.79125211713835597 0.73665340861771234 0.83483106257699546 0.93807871977332968 19.814709722917545 0.90882497024722286 0.97932783473515883 1.0215682068592276 3.9748688602012408
leaf_count=8616 56 22 26 15 47 28 39 28 26 1738 35 16 106 263
internal_value=2.23191e-11 -0.0159616 -0.0466756 0.00105455 0.0152981 -0.0260921 0.0296958 -0.00458911 0.0493105 0.00031529 0.00751185 0.0414847 5.25693e-05 -0.0203449
internal_weight=628.369 12.1718 4.33932 7.83245 5.82046 1.50214 4.31832 1.57148 2.74683 616.197 21.7029 1.88815 594.494 4.99644
internal_count=11061 287 48 239 183 43 140 67 73 10774 1789 51 8985 369
is_linear=0
shrinkage=0.05


Tree=201
num_leaves=15
num_cat=0
split_feature=18 28 1 21 18 18 41 42 35 13 4 8 23 13
split_gain=0.587583 1.56648 1.65398 2.28461 1.53604 1.26937 1.25976 1.11266 0.712507 0.597198 1.21865 2.37618 1.69341 1.98644
threshold=0.55902779102325451 1.1833333373069765 1.0000000180025095e-35 0.58571431040763866 0.64583334326744091 0.69374999403953563 1.0000000180025095e-35 1.0000000180025095e-35 1.0000000180025095e-35 2.1383330821990971 0.23611111193895343 1.0000000180025095e-35 0.26785714924335485 2.2499048709869389
decision_type=2 2 2 2 2 2 2 2 2 2 2 2 2 2
left_child=9 2 4 8 -2 -3 -6 -5 -4 -1 -11 -12 -13 -14
right_child=1 5 3 7 6 -7 -8 -9 -10 10 11 12 13 -15
leaf_value=-0.00018859837944102374 -0.027733995097778304 -0.083049220424655332 0.054092433925357258 -0.018985989955033578 0.084151787331295511 0.00045798910535819993 0.0099998332676368342 -0.071267951679200525 -0.0099652398908135244 -0.0021806674843090046 0.045093602772801063 -0.010974543650160148 0.059094122995256841 -0.0018435361932091221
leaf_weight=578.58685855945077 0.93476667604409014 1.2253489110516955 1.1303278856066752 3.0238300760975108 1.1849151554051787 0.72392659878096299 1.1087122759781778 1.5338574679335577 0.70475398181588378 20.009718883091409 4.9857207722634493 7.4742811599244305 2.4462768374942243 2.9501698915846646
leaf_count=8188 16 32 40 42 53 28 17 41 18 1522 200 675 45 144
internal_value=4.18238e-11 -0.0111633 -0.00288232 -0.0176146 0.0262901 -0.0520361 0.0483076 -0.0365811 0.0294914 0.000209528 0.00629281 0.0157881 0.00443604 0.0257803
internal_weight=628.023 11.5704 9.62116 6.39277 3.22839 1.94928 2.29363 4.55769 1.83508 616.453 37.8662 17.8564 12.8707 5.39645
internal_count=11061 287 227 141 86 60 70 83 58 10774 2586 1064 864 189
is_linear=0
shrinkage=0.05


Tree=202
num_leaves=15
num_cat=0
split_feature=18 28 1 21 18 41 42 28 20 35 18 15 28 22
split_gain=0.64066 2.23539 1.57799 2.01722 1.44877 1.30821 1.18355 0.837557 0.718873 0.696702 0.876253 0.513969 0.473533 0.959182
threshold=0.55902779102325451 1.1833333373069765 1.0000000180025095e-35 0.58571431040763866 0.64583334326744091 1.0000000180025095e-35 1.0000000180025095e-35 1.9166666865348818 0.43650794029235845 1.0000000180025095e-35 0.74166667461395275 0.89444443583488475 0.81666666269302379 0.73214286565780651
decision_type=2 2 2 2 2 2 2 2 2 2 2 2 2 2
left_child=12 2 4 9 -2 -6 11 -3 -8 10 -4 -5 -1 -14
right_child=1 7 3 6 5 -7 8 -9 -10 -11 -12 -13 13 -15
leaf_value=-0.00033246508919339821 -0.025230642621218147 -0.079461531783728112 0.0097127633110295156 -0.037181675436314891 0.084074965171689636 0.0089704254101647483 -0.035358568472376582 -0.016090204321528422 -0.10366366970178087 -0.0098668601728484767 0.098710243531454231 0.0045246065739715392 -0.0093918179164804751 0.0058513093198921231
leaf_weight=531.43932644856977 0.9372592293657348 1.430447767445002 0.55896577110979684 1.3896342163207009 1.220795724861091 1.1042831060476601 0.78155977027199675 0.82045080426905759 0.75955368112772703 0.70438978337915603 0.54745756779448129 1.5770454361336306 12.02499248256572 72.800713871874905
leaf_count=7223 16 22 28 26 53 17 25 38 16 18 12 16 695 2856
internal_value=2.74056e-11 -0.0115247 -0.000990625 -0.0155711 0.0272494 0.0484045 -0.0334768 -0.0563627 -0.0690234 0.0290028 0.0537487 -0.0150112 0.000221265 0.00369043
internal_weight=628.097 11.8318 9.58094 6.31861 3.26234 2.32508 4.50779 2.2509 1.54111 1.81081 1.10642 2.96668 616.265 84.8257
internal_count=11061 287 227 141 86 70 83 60 41 58 40 42 10774 3551
is_linear=0
shrinkage=0.05


Tree=203
num_leaves=15
num_cat=0
split_feature=18 28 23 35 29 39 2 29 26 23 42 34 22 27
split_gain=1.30816 4.64191 2.21897 2.04696 1.56402 0.846222 0.751067 0.74891 0.531321 2.04144 2.97573 2.65711 2.43884 2.17065
threshold=0.59166669845581066 1.1833333373069765 0.36666667461395269 1.0000000180025095e-35 0.89587974548339855 1.0000000180025095e-35 1.0000000180025095e-35 0.89587974548339855 0.13392857462167743 0.26785714924335485 1.5000000000000002 1.0000000180025095e-35 0.58571431040763866 1.8145129680633547
decision_type=2 2 2 2 2 2 2 2 2 2 2 2 2 2
left_child=8 2 3 4 -2 -4 -6 -7 9 11 12 -1 -11 -14
right_child=1 -3 5 -5 6 7 -8 -9 -10 10 -12 -13 13 -15
leaf_value=0.0026631440911616695 -0.0089076772409379754 -0.068590449942774565 -0.0057280916284698571 -0.023195364459207057 0.1010580255789798 -0.086419373829740811 0.040422085831399723 -0.019316362680045916 -0.0015090653901811933 0.085475869596743193 0.063848782412376404 -0.0080452533038857365 0.010898741059040437 -0.034411213095842129
leaf_weight=269.74352806787829 0.75634969919337747 3.1406256775007924 3.178132864413783 1.2935911318054421 1.18969665421173 0.75800532661378361 0.89478971993958101 0.92102665454149246 241.80512536427705 1.0054597600828881 2.6899511985393465 73.773111029891879 25.780759755754847 2.9452456839499055
leaf_count=6421 62 52 32 25 15 10 34 30 2703 25 57 1045 320 230
internal_value=9.1945e-12 -0.0162595 0.0020189 0.0289411 0.0526818 -0.0208973 0.0750294 -0.0496103 0.00031933 0.00149536 0.0134886 0.000363425 0.00893232 0.00625316
internal_weight=629.875 12.1322 8.99159 4.13443 2.84084 4.85716 2.08449 1.67903 617.743 375.938 32.4214 343.517 29.7315 28.726
internal_count=11061 260 208 136 111 72 49 40 10801 8098 632 7466 575 550
is_linear=0
shrinkage=0.05


Tree=204
num_leaves=15
num_cat=0
split_feature=30 23 42 22 28 18 18 18 28 9 15 23 19 35
split_gain=1.01718 2.82119 3.22518 2.58349 2.18263 1.98793 1.94003 1.72248 2.71104 1.57291 1.50377 1.07456 1.05362 2.42997
threshold=0.89587974548339855 0.26785714924335485 1.5000000000000002 0.58571431040763866 -1.0000000180025095e-35 0.38675215840339666 0.19682539999485019 0.59166669845581066 1.1833333373069765 1.0000000180025095e-35 0.89444443583488475 0.36666667461395269 0.41428571939468389 1.0000000180025095e-35
decision_type=2 2 2 2 2 2 2 2 2 2 2 2 2 2
left_child=7 9 3 -3 -5 6 -6 12 11 -2 -8 -9 -1 -14
right_child=1 2 -4 4 5 -7 10 8 -10 -11 -12 -13 13 -15
leaf_value=-0.0012397251235152869 -2.9651168899277215e-05 0.084766663364588046 0.064856599237443177 -0.053242837143087002 0.015222827896400011 0.05657915400591567 -0.04697697744464728 0.025216300081821064 -0.075391152586191584 -0.050933264292173513 0.0027776093543415235 -0.021037374164774081 0.017965419601086375 -0.0059834690856573024
leaf_weight=473.16263915089075 73.715941756410757 1.1556619994808013 3.0943755500520629 1.3627516617270945 20.550640669127464 2.2561954078264526 2.4586287953134152 1.7767422206816252 1.9396646615350617 1.5494626061554289 3.9721776572987437 4.2816920173354447 23.060517900623381 19.589189778082073
leaf_count=4831 4275 25 56 296 194 20 40 74 18 110 14 56 836 216
internal_value=-2.75684e-11 0.00436828 0.0161296 0.0113815 0.00861002 0.0114929 0.00772283 -0.000918304 -0.023944 -0.00107759 -0.0162446 -0.00747267 -0.000561272 0.00696559
internal_weight=633.926 110.116 34.8504 31.7561 30.6004 29.2376 26.9814 523.81 7.9981 75.2654 6.43081 6.05843 515.812 42.6497
internal_count=11061 5030 645 589 564 268 248 6031 148 4385 54 130 5883 1052
is_linear=0
shrinkage=0.05


Tree=205
num_leaves=15
num_cat=0
split_feature=26 23 22 20 34 36 28 27 28 36 18 19 18 30
split_gain=0.61744 2.11324 3.10451 2.43493 2.07098 1.81881 1.81186 1.78379 1.6089 1.53959 1.60075 1.43584 1.28797 1.37862
threshold=0.13392857462167743 0.26785714924335485 0.58571431040763866 0.36666667461395269 1.0000000180025095e-35 1.0000000180025095e-35 1.1833333373069765 1.8252285122871401 -0.41428571939468378 1.0000000180025095e-35 0.084523811936378493 0.22500000149011615 0.19454365968704226 1.2424533367156985
decision_type=2 2 2 2 2 2 2 2 2 2 2 2 2 2
left_child=1 4 -3 -4 5 11 -6 12 -7 -2 -11 -1 13 -5
right_child=9 2 3 7 6 8 -8 -9 -10 10 -12 -13 -14 -15
leaf_value=0.0038301269006959615 -0.0026732459056594722 0.083767258351482715 0.060744401250520975 0.031655319892090805 -0.0086916995144222502 0.040294969956416529 0.039576074230681206 -0.031525458809006056 -0.022295893651794484 0.046007240761367439 0.001752050013157546 -0.013799265883907159 -0.0073333310458275069 0.0048210826939891873
leaf_weight=247.8257943128865 240.99952553535695 1.492711167782544 2.199884470843247 8.7948170267045587 70.962530578719452 1.1296276049397409 1.9990058954863332 2.8305751240477539 11.268928687262813 3.3272477812133712 5.2951770230429247 12.114315006652758 7.527594863480771 10.501574171372338
leaf_count=5495 2717 25 64 124 980 54 70 236 310 68 63 650 115 90
internal_value=-7.67338e-11 0.00127268 0.0132924 0.00998997 0.000111876 0.00211613 -0.00736926 0.00622482 -0.0165933 -0.0019305 0.0188294 0.00300852 0.0102084 0.0170515
internal_weight=628.269 378.647 33.3472 31.8544 345.3 272.339 72.9615 29.6546 12.3986 249.622 8.62242 259.94 26.824 19.2964
internal_count=11061 8213 654 629 7559 6509 1050 565 364 2848 131 6145 329 214
is_linear=0
shrinkage=0.05


Tree=206
num_leaves=15
num_cat=0
split_feature=13 25 23 22 27 30 28 16 42 26 34 30 18 34
split_gain=0.528547 2.60291 0.96207 1.33965 1.00316 0.950781 0.750044 0.700135 0.710067 1.01212 0.903473 1.46761 0.985623 0.787038
threshold=2.4414010047912602 0.89444443583488475 0.36666667461395269 0.63333335518836986 2.5250614881515507 2.6020033359527592 1.9166666865348818 0.63333335518836986 1.5000000000000002 0.13392857462167743 1.0000000180025095e-35 1.4978661537170412 0.27113096415996557 1.0000000180025095e-35
decision_type=2 2 2 2 2 2 2 2 2 2 2 2 2 2
left_child=-1 2 4 -4 7 6 -6 8 10 13 11 -2 -13 -10
right_child=1 -3 3 -5 5 -7 -8 -9 9 -11 -12 12 -14 -15
leaf_value=-0.00024890740442460663 -0.019624350903239544 0.06686367686895156 -0.081753328587468366 0.0042406059833666474 -0.054658086633285058 0.0045839335864978929 0.014556413128614644 -0.040027990578386366 -0.04950320135718618 0.044158046143383443 -0.022918906139861105 0.066541380321450586 -0.018369782175622278 0.079026973121497146
leaf_weight=611.47377682756814 0.76895569655608209 1.7239181835320767 0.77570116857532312 1.0882834460644515 1.4397178506369526 5.5017116634335252 0.53755275245566725 0.45062703207804577 0.93560080079078012 0.69994721264811222 0.59941904254810641 3.0049436158296889 0.38561728769127501 0.13647755015699659
leaf_count=9572 63 31 23 89 180 377 77 33 297 32 61 185 25 16
internal_value=-4.91094e-11 0.00843286 0.00226241 -0.031546 0.00662035 -0.00610349 -0.035841 0.0202507 0.0244098 -0.00260805 0.0344701 0.0427403 0.0568842 -0.0331411
internal_weight=629.522 18.0485 16.3246 1.86398 14.4606 7.47898 1.97727 6.98159 6.53096 1.77203 4.75894 4.15952 3.39056 1.07208
internal_count=11061 1489 1458 112 1346 634 257 712 679 345 334 273 210 313
is_linear=0
shrinkage=0.05


Tree=207
num_leaves=15
num_cat=0
split_feature=13 25 23 27 27 30 27 13 29 17 39 28 16 10
split_gain=0.818097 2.6778 0.814412 1.0606 1.05202 0.807705 0.686735 1.16976 1.31052 0.839255 0.670855 0.736272 0.626372 0.730889
threshold=2.4414010047912602 0.89444443583488475 0.36666667461395269 2.5250614881515507 1.5975314974784853 2.6020033359527592 3.0874320268630986 3.0201274156570439 0.89587974548339855 0.4083333313465119 1.0000000180025095e-35 1.9166666865348818 0.63333335518836986 1.0000000180025095e-35
decision_type=2 2 2 2 2 2 2 2 2 2 2 2 2 2
left_child=-1 2 3 12 -4 10 7 8 -7 -10 -5 -12 13 -2
right_child=1 -3 4 5 -6 6 -8 -9 9 -11 11 -13 -14 -15
leaf_value=-0.00031076853957552803 0.039465745071084982 0.066342699929963153 -0.099898457644729849 -0.064437871535709373 -0.0077661475799912219 0.016487061068542131 -0.062014235984323873 0.050698007551455183 -0.061553819550124345 0.047857887729157091 -0.036671542950834995 0.054345952063865305 -0.036275492583277544 0.0055931820826855758
leaf_weight=611.70099483350532 3.8969904626574188 1.9170202785753634 0.39358311705291171 0.91082051068588021 1.4562633458408525 2.5418215809913822 0.36435151433033741 1.2686415571115501 1.1325057754984298 0.20736126590054471 0.63405126676661894 0.3420612539157446 0.43572653146111395 2.6931500425143895
leaf_count=9572 261 31 6 110 106 58 37 68 204 10 98 49 33 418
internal_value=-5.82214e-11 0.0104482 0.00386532 0.00787005 -0.0273687 -0.00533799 0.00432366 0.00901662 -0.00460599 -0.044621 -0.0335748 -0.00477608 0.0217845 0.0256233
internal_weight=629.895 18.1943 16.2773 14.4275 1.84985 7.40161 5.51468 5.15033 3.88169 1.33987 1.88693 0.976113 7.02587 6.59014
internal_count=11061 1489 1458 1346 112 634 377 340 272 214 257 147 712 679
is_linear=0
shrinkage=0.05


Tree=208
num_leaves=15
num_cat=0
split_feature=13 25 27 30 22 8 12 29 28 30 20 35 28 13
split_gain=1.23404 2.27176 0.583245 1.06332 1.95705 1.79381 1.74611 1.25328 0.94182 0.835049 0.728614 0.836196 0.620475 0.572904
threshold=2.4414010047912602 0.89444443583488475 2.5250614881515507 2.4414010047912602 0.45000000298023229 1.0000000180025095e-35 1.0000000180025095e-35 1.7005987167358401 0.26785714924335485 2.6020033359527592 0.73214286565780651 1.0000000180025095e-35 1.9166666865348818 2.9700856208801274
decision_type=2 2 2 2 2 2 2 2 2 2 2 2 2 2
left_child=-1 2 3 4 7 -5 -6 -2 -8 12 11 -11 -4 -12
right_child=1 -3 9 5 6 -7 8 -9 -10 10 13 -13 -14 -15
leaf_value=-0.00038092334910667534 0.069781397370104345 0.062778690129133827 -0.050360475892078475 -0.0083976996932522471 -0.053773603396109954 0.078836378152992326 -0.024566208915340695 -0.019336512072612694 0.037535795806073635 -0.042889536354323063 0.00064681071147812842 0.020862128858418288 0.013907735399861535 0.041354781472302343
leaf_weight=612.09890781855756 1.4410113602425605 2.024144430528394 1.3544726751460974 0.99312357543385599 1.7111546179312425 1.4493327500604209 1.0451755629619586 0.54323040723102156 1.4680355368182061 1.2653207140319866 1.8012594408355656 0.86665648681810115 0.51963177095603885 1.6615625140257178
leaf_count=9572 105 31 194 38 457 36 36 70 61 276 22 66 77 20
internal_value=3.04275e-11 0.0128506 0.00658126 0.0154183 0.00442362 0.0433663 -0.0148157 0.0453834 0.0117093 -0.0036545 0.00602165 -0.0169743 -0.0325409 0.0201797
internal_weight=630.243 18.1441 16.12 8.65106 6.20861 2.44246 4.22437 1.98424 2.51321 7.4689 5.5948 2.13198 1.8741 3.46282
internal_count=11061 1489 1458 803 729 74 554 175 97 655 384 342 271 42
is_linear=0
shrinkage=0.05


Tree=209
num_leaves=15
num_cat=0
split_feature=13 25 27 30 8 22 12 29 27 27 28 29 13 39
split_gain=1.43632 1.24961 0.679569 1.59345 2.03342 1.75181 1.57804 1.12084 0.931909 1.85459 0.830212 0.759713 0.779615 0.571573
threshold=2.4414010047912602 0.89444443583488475 2.5250614881515507 2.4414010047912602 1.0000000180025095e-35 0.45000000298023229 1.0000000180025095e-35 1.7005987167358401 2.9676599502563481 2.9694259166717534 0.26785714924335485 0.89587974548339855 2.6020033359527592 1.0000000180025095e-35
decision_type=2 2 2 2 2 2 2 2 2 2 2 2 2 2
left_child=-1 2 3 5 -5 7 -7 -2 11 -10 -8 12 -4 -13
right_child=1 -3 8 4 -6 6 10 -9 9 -11 -12 13 -14 -15
leaf_value=-0.00041079266554761652 0.066840171000765128 0.053160830323253506 -0.036562571215086902 -0.0084478426556925928 0.080713904822966573 -0.052845285714217829 -0.022950580296872747 -0.017985658001264816 0.099440513349833781 -0.0076840690514385981 0.035620228732718445 -0.059766725015568768 0.018488915440357721 -0.010514690746808799
leaf_weight=612.12598175581115 1.4076834433035452 1.8203832783619862 0.87356939297751468 0.978190414432902 1.846596173963917 1.6076384672096535 1.0509120606584477 0.53836089620017435 0.62353816346148949 1.1476710053029817 1.4259340271819381 1.0881341627791699 2.4376751064555719 1.2843546093663463
leaf_count=9572 105 31 25 38 36 457 36 70 8 97 61 216 57 252
internal_value=-4.70639e-11 0.0138692 0.00948383 0.0188482 0.0498382 0.00433195 -0.0142694 0.0433736 -0.00163953 0.0300282 0.010769 -0.0115081 0.00396528 -0.033104
internal_weight=630.257 18.1306 16.3103 8.85532 2.82479 6.03053 4.08448 1.94604 7.45494 1.77121 2.47685 5.68373 3.31124 2.37249
internal_count=11061 1489 1458 803 74 729 554 175 655 105 97 550 82 468
is_linear=0
shrinkage=0.05


Tree=210
num_leaves=15
num_cat=0
split_feature=13 13 18 39 28 41 41 28 27 22 24 18 27 26
split_gain=2.7462 1.60604 2.35637 1.4496 1.31965 1.97964 1.16946 1.11933 1.6338 1.02338 1.01417 0.865584 0.862189 0.766657
threshold=2.4414010047912602 2.5249279737472539 0.12958333641290667 1.0000000180025095e-35 0.84523808956146251 1.0000000180025095e-35 1.0000000180025095e-35 -0.18333333730697629 2.6025918722152714 0.95454546809196483 0.89444443583488475 0.043055556714534766 2.9676599502563481 0.18333333730697635
decision_type=2 2 2 2 2 2 2 2 2 2 2 2 2 2
left_child=-1 2 4 9 5 -2 -6 12 -9 -3 13 -10 -5 -11
right_child=1 3 -4 7 6 -7 -8 8 11 10 -12 -13 -14 -15
leaf_value=-0.00058172350259559234 0.056644734599873514 -0.020262168147594298 -0.020138275665477046 0.013038763591504569 0.020046978788469904 -0.075021874457824878 0.092382823750361415 0.035035425055054963 -0.059829047620757504 -0.020188383718295292 0.083072395648662076 0.009060859864085476 0.094429280037684873 0.06083251087635605
leaf_weight=613.10752182830583 0.93202906351507653 4.6429989964308316 1.2396288419295158 0.50859978458174804 0.72812166104085951 0.41152981427148916 2.4020494116994087 3.5066939031721622 0.85840071397251427 1.0866163680948373 0.51383569370955218 0.97261089570747572 0.90324691055866424 0.39925714570563275
leaf_count=9572 58 361 105 90 75 28 16 308 148 178 5 99 9 9
internal_value=9.93993e-13 0.0186678 0.0408624 0.00919916 0.0577651 0.0163155 0.0755565 0.0255185 0.0150465 -0.00738266 0.0225214 -0.0232356 0.0651094 0.00158209
internal_weight=632.213 19.1056 5.71336 13.3923 4.47373 1.34356 3.13017 6.74955 5.33771 6.64271 1.99971 1.83101 1.41185 1.48587
internal_count=11061 1489 282 1207 177 86 91 654 555 553 192 247 99 187
is_linear=0
shrinkage=0.05


Tree=211
num_leaves=15
num_cat=0
split_feature=13 25 23 27 42 30 22 26 34 22 30 27 13 29
split_gain=1.06982 1.13895 0.568209 0.914987 0.796196 1.28956 1.24733 0.744028 0.734088 0.686989 0.620673 0.633409 1.0068 1.05334
threshold=2.4414010047912602 0.89444443583488475 0.36666667461395269 2.5250614881515507 1.5000000000000002 2.4414010047912602 0.73214286565780651 0.13392857462167743 1.0000000180025095e-35 0.63333335518836986 2.6020033359527592 3.0874320268630986 3.0201274156570439 0.89587974548339855
decision_type=2 2 2 2 2 2 2 2 2 2 2 2 2 2
left_child=-1 2 3 4 5 6 -2 8 -6 -4 -5 12 13 -12
right_child=1 -3 9 10 7 -7 -8 -9 -10 -11 11 -13 -14 -15
leaf_value=-0.00035057030815586229 0.030257898953705339 0.049070132323682097 -0.059739905752673322 -0.028607697126840328 -0.044971323069851035 0.061179119163719979 -0.043452786199655709 0.039083763671448862 0.068042679536743797 0.0058533987042011437 0.015603815111920619 -0.061033057572453135 0.048124318396804325 -0.042037220876829665
leaf_weight=611.68569508513792 2.2924111016291122 1.8657457653316676 0.65474906377494413 1.6553530102737566 1.0026975797600242 2.3299225716327783 0.76561234877226514 0.61678744028904464 0.16772422776557494 1.0226831562031291 2.4998671516368636 0.32635488119922218 1.3299452583669333 1.1605264721001729
leaf_count=9572 203 31 23 257 313 33 113 33 17 89 58 37 68 214
internal_value=-4.07187e-11 0.0121218 0.00776551 0.011028 0.0235625 0.0331552 0.0118036 -0.00535687 -0.0287761 -0.0197495 -0.00187168 0.00645259 0.010866 -0.00267125
internal_weight=629.376 17.6904 15.8246 14.1472 7.17516 5.38795 3.05802 1.78721 1.17042 1.67743 6.97205 5.31669 4.99034 3.66039
internal_count=11061 1489 1458 1346 712 349 316 363 330 112 634 377 340 272
is_linear=0
shrinkage=0.05


Tree=212
num_leaves=15
num_cat=0
split_feature=27 13 18 38 25 27 18 15 8 27 17 27 34 8
split_gain=0.910415 1.75617 1.89973 1.2647 0.850665 0.9076 0.800288 0.716459 0.682181 0.629207 1.01953 0.719614 1.00725 0.715277
threshold=2.3895369768142705 2.6735538244247441 0.13210979104042056 1.0000000180025095e-35 0.5634920895099641 2.7046973705291752 0.12440476566553117 0.22500000149011615 1.0000000180025095e-35 2.2259460687637334 0.4083333313465119 2.1970529556274419 1.0000000180025095e-35 1.0000000180025095e-35
decision_type=2 2 2 2 2 2 2 2 2 2 2 2 2 2
left_child=9 2 3 6 5 -3 -2 -4 -9 11 -11 -1 13 -13
right_child=1 4 7 -5 -6 -7 -8 8 -10 10 -12 12 -14 -15
leaf_value=-0.00030912995915223897 0.023358566451598985 -0.053307384733403046 -0.065163198758539001 0.085397950328736649 -0.065792597705402842 0.0060206367509291368 0.092450407513876523 0.045222250765412364 -0.024903845043022458 -0.032245311389713191 0.035042455321481779 0.0077362669802283823 -0.027638367484784862 0.054067979763106545
leaf_weight=606.40646264458155 5.1591783653093426 0.75433114168663351 0.54668870712703244 1.2063636953971579 0.59363225882771065 4.4329110736471193 0.45617283484898496 0.56119635712821014 0.90777986648026854 3.1916893742109091 0.68349985674285552 1.5387095200712784 0.86694481450831506 1.8163672015070915
leaf_count=9430 271 226 52 32 40 356 14 18 50 454 15 31 14 58
internal_value=-4.318e-11 0.0123321 0.0263486 0.0389499 -0.00909535 -0.00260687 0.0289714 -0.0162987 0.00188659 -0.000293365 -0.0203772 -0.000165908 0.020405 0.0328193
internal_weight=629.122 14.6183 8.83738 6.82171 5.78087 5.18724 5.61535 2.01566 1.46898 614.504 3.87519 610.628 4.22202 3.35508
internal_count=11061 1059 437 317 622 582 285 120 68 10002 469 9533 103 89
is_linear=0
shrinkage=0.05


Tree=213
num_leaves=15
num_cat=0
split_feature=27 13 18 18 38 25 27 15 8 27 17 27 34 8
split_gain=1.39849 2.06318 1.94586 1.36461 1.18792 0.767974 0.807164 0.646449 0.579469 0.57203 0.870604 0.710225 0.902773 0.684404
threshold=2.3895369768142705 2.6735538244247441 0.13210979104042056 0.12440476566553117 1.0000000180025095e-35 0.5634920895099641 2.7046973705291752 0.22500000149011615 1.0000000180025095e-35 2.2259460687637334 0.4083333313465119 2.1970529556274419 1.0000000180025095e-35 1.0000000180025095e-35
decision_type=2 2 2 2 2 2 2 2 2 2 2 2 2 2
left_child=9 2 3 4 -2 6 -3 -4 -9 11 -11 -1 13 -13
right_child=1 5 7 -5 -6 -7 -8 8 -10 10 -12 12 -14 -15
leaf_value=-0.00039076035918950836 0.022683801313056102 -0.052022940415919955 -0.064049090382222895 0.098133800954561659 0.077051399061811923 -0.064775164694922338 0.0052938490492695275 0.042804961534152149 -0.0227545882547418 -0.030687323061693108 0.032143877320089109 0.0066942141469657247 -0.026544130926876703 0.051640638829410918
leaf_weight=606.81936686452354 5.2449558435546333 0.71307236601387458 0.50043874510811281 0.92109695888211707 1.2427900076072544 0.55070528245414596 4.4317216323397588 0.54080778337083735 0.89460810196760576 3.145071392125828 0.66851876706641622 1.5367530547664492 0.83406823398399854 1.8868924787529977
leaf_count=9430 271 226 52 15 31 40 356 18 50 454 15 31 14 58
internal_value=-6.2446e-11 0.0150635 0.029521 0.0411839 0.0330984 -0.00865724 -0.0026503 -0.0151147 0.00194565 -0.000368452 -0.0196731 -0.000247977 0.0201019 0.0314658
internal_weight=629.931 15.0402 9.3447 7.40884 6.48775 5.6955 5.14479 1.93585 1.43542 614.891 3.81359 611.077 4.25771 3.42365
internal_count=11061 1059 437 317 302 622 582 120 68 10002 469 9533 103 89
is_linear=0
shrinkage=0.05


Tree=214
num_leaves=15
num_cat=0
split_feature=27 13 18 18 25 27 15 29 28 28 34 27 4 27
split_gain=1.34384 1.88937 1.68995 1.7145 0.691512 0.717044 0.622458 0.763237 0.565189 0.977009 0.705819 0.695433 0.809694 0.560904
threshold=2.3895369768142705 2.6735538244247441 0.13210979104042056 0.12440476566553117 0.5634920895099641 2.7046973705291752 0.89444443583488475 1.4978661537170412 -0.26785714924335474 -0.22500000149011609 1.0000000180025095e-35 2.7115268707275395 0.13392857462167743 2.2259460687637334
decision_type=2 2 2 2 2 2 2 2 2 2 2 2 2 2
left_child=13 2 3 -2 5 -3 7 -4 -7 -10 11 -11 -13 -1
right_child=1 4 6 -5 -6 8 -8 -9 9 10 -12 12 -14 -15
leaf_value=-0.00024187173591502724 0.0287231793194094 -0.050724625997435768 -0.062549726837717437 0.094286830104741842 -0.063830230114182027 -0.058122495823884873 0.021263523689946433 0.030557907570469073 0.069819896060556316 0.028061703280154966 0.043810983514200187 -0.052268195235270848 0.013150948265156446 -0.019492662070411764
leaf_weight=611.23931413424543 6.3700906141675642 0.67355334653438959 0.82246949912223477 1.1821783204213714 0.50796303599599912 0.33178954934191907 0.74704201385611657 0.30053095993207535 0.5805688037071367 0.7926375262868558 0.72401200458989468 1.2376622484225666 0.76555663792896655 3.8073949602412531
leaf_count=9533 302 226 83 15 40 66 17 20 5 24 17 159 85 469
internal_value=-5.86673e-11 0.0147684 0.0284491 0.038986 -0.0081939 -0.00265876 -0.014105 -0.0376328 0.00464567 0.0097246 -0.000187547 -0.0115814 -0.0272674 -0.000361042
internal_weight=630.083 15.0361 9.42231 7.55227 5.61374 5.10578 1.87004 1.123 4.43223 4.10044 3.51987 2.79586 2.00322 615.047
internal_count=11061 1059 437 317 622 582 120 103 356 290 285 268 244 10002
is_linear=0
shrinkage=0.05


Tree=215
num_leaves=15
num_cat=0
split_feature=27 13 18 18 25 27 24 15 29 28 28 34 27 25
split_gain=0.829931 1.40071 1.22247 1.2588 0.615253 0.62842 0.590112 0.705565 0.605385 0.509012 0.720723 0.613562 0.611181 0.726862
threshold=2.3895369768142705 2.6735538244247441 0.13210979104042056 0.12440476566553117 0.5634920895099641 2.7046973705291752 0.30952382087707525 0.89444443583488475 1.2424533367156985 -0.26785714924335474 -0.22500000149011609 1.0000000180025095e-35 2.7115268707275395 0.44505494832992559
decision_type=2 2 2 2 2 2 2 2 2 2 2 2 2 2
left_child=-1 2 3 -2 5 -3 7 8 -4 -7 -11 12 -12 -14
right_child=1 4 6 -5 -6 9 -8 -9 -10 10 11 -13 13 -15
leaf_value=-0.00027825344231139531 0.025122579733359088 -0.049448291344690046 -0.063776217804543803 0.088391228020129775 -0.062919762441126931 -0.057647598468383222 -0.061771527557825057 0.045881296678225936 0.028000122403925239 0.064420384632068325 0.026564924604066682 0.04261373818785319 -0.041024942596035632 0.034917585295099425
leaf_weight=614.44948393641243 6.3904981554042006 0.63742530398303543 0.45971532314433694 0.89646260849258386 0.47250742686628644 0.31217047505560813 0.46388004478649225 0.56770527025219053 0.29498068826796953 0.5054100237321103 0.79965016805727174 0.6889597050321753 1.5334030496596822 0.3965663376438896
leaf_count=10002 302 226 31 15 40 66 55 13 21 5 24 17 208 36
internal_value=-6.91798e-11 0.0118572 0.0238193 0.0329061 -0.00844461 -0.00316309 -0.0132493 0.00377166 -0.0279045 0.00380155 0.0086901 0.000450819 -0.0101912 -0.0254204
internal_weight=628.869 14.4193 9.07324 7.28696 5.34609 4.87359 1.78628 1.3224 0.754696 4.23616 3.92399 3.41858 2.72962 1.92997
internal_count=11061 1059 437 317 622 582 120 65 52 356 290 285 268 244
is_linear=0
shrinkage=0.05


Tree=216
num_leaves=15
num_cat=0
split_feature=27 42 23 23 30 38 27 13 22 18 18 4 22 4
split_gain=0.645412 1.1679 0.994384 1.20225 2.09087 1.20234 2.33278 2.28132 0.85447 0.847883 2.08007 1.8395 3.34897 2.62496
threshold=2.0734400749206547 2.5000000000000004 0.6904762089252473 0.30952382087707525 2.0126758217811589 1.0000000180025095e-35 2.1301251649856572 2.6735538244247441 0.95454546809196483 0.16964285820722583 0.18521825224161151 0.27922078967094427 0.45000000298023229 0.4083333313465119
decision_type=2 2 2 2 2 2 2 2 2 2 2 2 2 2
left_child=9 2 3 5 -5 6 8 -7 -2 11 -11 -1 -13 -14
right_child=1 -3 -4 4 -6 7 -8 -9 -10 10 -12 12 13 -15
leaf_value=-0.00013050851283286845 -0.061852985875826098 -0.028882330657041568 -0.035682567818804051 0.089415150192700715 -0.0535046256350497 0.059537392176809936 0.011209242476834927 -0.043052459818041788 -0.0048741984159686204 -0.048846103519914821 -0.0033705812730794914 -0.072182135372360762 0.027336805672495135 -0.028468382405833687
leaf_weight=476.99167072720229 1.5916921665775758 2.0905941416913256 1.1488762478111301 1.1045043065023481 0.33308019812102418 2.5506135293653638 19.330473897936827 0.68808635315508571 1.121642737511138 2.5803512654965735 98.632013596894467 1.0350958292256134 16.450364278083729 2.4168299967277553
leaf_count=6220 59 518 43 41 75 103 1167 43 48 76 2246 37 297 88
internal_value=-5.88344e-11 0.00716155 0.00986539 0.0118238 0.0563014 0.00929477 0.00511536 0.0377414 -0.038299 -0.000358727 -0.00452995 0.00049091 0.0153842 0.0201883
internal_weight=628.066 29.9596 27.869 26.7201 1.43758 25.2825 22.0438 3.2387 2.71333 598.106 101.212 496.894 19.9023 18.8672
internal_count=11061 2097 1579 1536 116 1420 1274 146 107 8964 2322 6642 422 385
is_linear=0
shrinkage=0.05


Tree=217
num_leaves=15
num_cat=0
split_feature=26 23 22 34 28 20 13 34 36 42 16 25 14 23
split_gain=0.672664 1.43587 2.16515 1.95681 2.12183 1.94835 1.67888 1.52704 1.50044 1.593 1.38353 2.1428 4.42641 1.28659
threshold=0.13392857462167743 0.26785714924335485 0.58571431040763866 1.0000000180025095e-35 1.1833333373069765 0.36666667461395269 1.2424533367156985 1.0000000180025095e-35 1.0000000180025095e-35 1.0000000180025095e-35 0.81666666269302379 0.44505494832992559 1.0000000180025095e-35 1.0000000180025095e-35
decision_type=2 2 2 2 2 2 2 2 2 2 2 2 2 2
left_child=1 3 -3 8 -5 -4 -7 10 13 -10 11 -8 -13 -1
right_child=-2 2 5 4 -6 6 7 -9 9 -11 -12 12 -14 -15
leaf_value=0.0033915247348172226 -0.0020074306789044476 0.075468138034759241 0.055842391854052965 -0.0084539268351832703 0.041391511923662125 0.019566272293060544 -0.067039078291398227 0.0053582046546520913 -0.0044228850345794232 -0.046290909410494546 0.05186379408707989 -0.058088646784272606 0.086616877663884553 -0.045975496314797422
leaf_weight=258.2053283042469 250.46482264940278 1.2680692939320568 2.055495549633636 69.893874033128668 2.2022788021349688 12.190073156729342 2.5257486413647721 11.470928947499488 9.1423006741970294 3.0231758731388245 0.49951061746105541 1.3049004488857465 0.88817310688318674 1.326576978113734
leaf_count=6059 2848 25 64 980 70 76 204 147 142 222 10 113 15 86
internal_value=4.35936e-11 0.00133722 0.0114329 0.000391563 -0.00693133 0.00880804 0.00546035 -0.00484281 0.00233473 -0.0148273 -0.0272667 -0.035643 0.00051566 0.00313919
internal_weight=626.461 375.996 32.2029 343.794 72.0962 30.9348 28.8793 16.6893 271.697 12.1655 5.21833 4.71882 2.19307 259.532
internal_count=11061 8213 654 7559 1050 629 565 489 6509 364 342 332 128 6145
is_linear=0
shrinkage=0.05


Tree=218
num_leaves=15
num_cat=0
split_feature=30 23 23 22 30 18 34 16 18 27 28 42 15 18
split_gain=0.684707 1.27887 2.80446 2.66103 1.64245 1.74347 1.54593 1.39925 1.27073 1.71971 1.20831 3.36302 1.26285 1.22446
threshold=0.89587974548339855 0.26785714924335485 0.36666667461395269 0.73214286565780651 1.2424533367156985 0.19682539999485019 1.0000000180025095e-35 0.81666666269302379 0.38675215840339666 1.8008789420127871 0.84523808956146251 1.0000000180025095e-35 0.22500000149011615 0.18105159699916842
decision_type=2 2 2 2 2 2 2 2 2 2 2 2 2 2
left_child=-1 10 8 -4 5 -5 7 -6 9 -3 11 12 -2 -14
right_child=1 2 3 4 6 -7 -8 -9 -10 -11 -12 -13 13 -15
leaf_value=-0.00074835819512406368 -0.0053412808818000534 -0.068003246902468076 0.078045629154783538 0.029852214774439962 -0.048462569461372826 -0.0072393912642994777 0.0016167689656975404 0.04984876866174226 0.093035140447405545 0.057629197671685686 0.0050415076563554463 -0.042385332775133358 0.061792157392045126 0.0063869308140239896
leaf_weight=521.53318755712826 18.343475076788316 0.36211666621966587 1.2732876929803776 8.7501124995469599 3.0629119241239073 4.9662284315272691 10.541179426087183 0.41043054382316757 1.4099070408847181 1.0993027861841254 46.775091571140365 5.6962632333779757 1.4596054560897744 3.1477662470424548
leaf_count=6031 692 39 27 121 231 59 105 7 14 42 2503 1091 40 59
internal_value=-3.43612e-11 0.00363748 0.0120342 0.00736784 0.0041226 0.0164226 -0.00791568 -0.0368455 0.0591705 0.0264995 8.88074e-05 -0.00799798 0.000536759 0.0239392
internal_weight=628.831 107.298 31.8755 29.0042 27.7309 13.7163 14.0145 3.47334 2.87133 1.46142 75.4222 28.6471 22.9508 4.60737
internal_count=11061 5030 645 550 523 180 343 238 95 81 4385 1882 791 99
is_linear=0
shrinkage=0.05


Tree=219
num_leaves=15
num_cat=0
split_feature=13 29 27 39 4 18 22 27 27 30 34 27 13 42
split_gain=1.01406 1.50808 1.45569 1.46034 1.37633 2.84991 0.975028 1.40629 1.9182 1.35474 1.28006 1.91946 1.13505 1.48287
threshold=2.3502402305603032 1.4978661537170412 1.4634918570518496 1.0000000180025095e-35 0.23611111193895343 0.17757936567068103 0.95454546809196483 2.4419035911560063 2.2103356122970585 2.6020033359527592 1.0000000180025095e-35 2.394437432289124 2.4414010047912602 1.5000000000000002
decision_type=2 2 2 2 2 2 2 2 2 2 2 2 2 2
left_child=-1 4 -3 -4 6 -6 7 8 -2 -9 11 -10 -8 -14
right_child=1 2 3 -5 5 -7 12 9 10 -11 -12 -13 13 -15
leaf_value=-0.00039160757790524534 -0.038718378951236865 -0.065420766459186597 -0.035763457537588812 0.018275972170550919 0.079848483834868034 0.0044227984385162766 -0.035576272021121735 -0.067111086863276548 0.072047201304380887 -0.0028304001643598259 0.095529086603377389 -0.037489066825969787 0.069487840950052615 0.0066142867155238472
leaf_weight=606.46292935259225 0.96865420839458805 1.0023536132648576 1.8882272124938024 3.6997778651084445 2.3816555659977885 2.6412374305728008 0.6146123589714988 1.2158346292271747 0.81933268751890886 2.5155134400592942 0.81590379834233306 0.78136175466352142 1.8564395808352858 1.8951383867461116
leaf_count=9248 32 15 393 472 84 192 67 90 40 173 12 44 50 149
internal_value=-1.34707e-10 0.0102829 -0.00993682 1.56592e-05 0.0183563 0.0401867 0.00880704 -0.00260517 0.0207299 -0.0237758 0.0445588 0.0185783 0.0274082 0.0377268
internal_weight=629.559 23.096 6.59036 5.58801 16.5057 5.02289 11.4828 7.1166 3.38525 3.73135 2.4166 1.60069 4.36619 3.75158
internal_count=11061 1813 880 865 933 276 657 391 128 263 96 84 266 199
is_linear=0
shrinkage=0.05


Tree=220
num_leaves=15
num_cat=0
split_feature=13 13 24 29 27 27 39 18 4 22 30 22 42 28
split_gain=1.2893 1.52371 2.29618 1.45341 1.4321 1.06334 1.2744 1.06153 1.81974 0.866431 1.01497 0.836975 0.900979 0.824425
threshold=2.3502402305603032 2.2499048709869389 0.44505494832992559 1.4978661537170412 2.5250614881515507 1.4634918570518496 1.0000000180025095e-35 0.16964285820722583 0.23611111193895343 0.58571431040763866 0.89587974548339855 0.95454546809196483 2.5000000000000004 1.5857142806053164
decision_type=2 2 2 2 2 2 2 2 2 2 2 2 2 2
left_child=1 -1 13 4 7 -5 -7 8 -2 -4 -11 -6 -13 -3
right_child=3 2 9 5 11 6 -8 -9 -10 10 -12 12 -14 -15
leaf_value=-0.00018665278319236151 0.025365742514904106 0.0062452974196934704 -0.098101910073977408 -0.059599084719669862 -0.015766533390126868 -0.034191031513272713 0.016771885897864536 -0.0013267997441262685 0.07951802230698693 0.0624026301079353 -0.066145668022095316 0.039764881123322361 -0.038763167937244374 -0.053164553002638296
leaf_weight=600.44361606357597 6.2421495967282734 3.3059337010708978 1.1542783621334818 0.87519544176757236 3.4567685700058055 1.8430483215379352 3.668127698076205 2.0530582563733324 2.0644462527707219 0.21595287322998036 0.53142606385517865 1.7672915860093783 0.46042206422498555 0.70922261419400445
leaf_count=8870 326 200 30 15 267 393 472 134 53 5 61 78 75 82
internal_value=-1.49321e-10 -0.00043546 -0.0256847 0.0117717 0.0198017 -0.00840151 -0.000271141 0.0308672 0.0388243 -0.0709447 -0.029002 -0.000364595 0.0235348 -0.00424864
internal_weight=628.791 606.36 5.91681 22.4305 16.0441 6.38637 5.51118 10.3597 8.3066 1.90166 0.747379 5.68448 2.22771 4.01516
internal_count=11061 9248 378 1813 933 880 865 513 379 96 66 420 153 282
is_linear=0
shrinkage=0.05


Tree=221
num_leaves=15
num_cat=0
split_feature=13 29 13 13 20 30 14 10 18 35 18 39 18 15
split_gain=1.06774 1.1534 1.12907 1.1144 1.50904 1.09863 1.10395 1.28336 0.99391 1.20504 0.847305 0.877506 0.8336 0.829955
threshold=2.3502402305603032 1.4978661537170412 2.6735538244247441 2.2499048709869389 0.43650794029235845 0.89587974548339855 1.5000000000000002 1.0000000180025095e-35 0.17044360190629962 1.0000000180025095e-35 0.53055557608604442 1.0000000180025095e-35 0.12440476566553117 0.18333333730697635
decision_type=2 2 2 2 2 2 2 2 2 2 2 2 2 2
left_child=3 2 8 -1 5 -5 7 -7 9 12 11 -3 -2 -6
right_child=1 10 -4 4 13 6 -8 -9 -10 -11 -12 -13 -14 -15
leaf_value=-0.00018557785075989762 0.033369551823916446 -0.030865523927643801 -0.005259942081171482 0.043122205311909849 -0.08140601135350406 0.023146847151996105 -0.067466329233530326 -0.064822574278930664 -0.0039255703191925706 -0.0033764855434817811 -0.077599047414751599 0.010696116512951477 0.074967569379170595 -0.0037602725368360598
leaf_weight=600.48437512890996 6.2644320767321933 1.8655238448409353 3.9341797259567093 0.9065449121408159 1.2977250434923915 1.5532291906565667 0.86134924952784775 0.5655556841084034 2.2962124648038289 1.8670955425477584 0.40220065880566824 3.9784071975082043 1.4909966895211253 0.46837253728517669
leaf_count=8870 317 392 369 24 62 63 132 74 141 68 7 481 38 23
internal_value=2.21046e-11 0.0107954 0.0179655 -0.000393589 -0.0224902 -0.00507587 -0.0197375 -0.00033435 0.0256319 0.0326851 -0.00740254 -0.00257136 0.0413669 -0.0608142
internal_weight=628.236 22.099 15.8529 606.137 5.65278 3.88668 2.98013 2.11878 11.9187 9.62252 6.24613 5.84393 7.75543 1.7661
internal_count=11061 1813 933 9248 378 293 269 137 564 423 880 873 355 85
is_linear=0
shrinkage=0.05


Tree=222
num_leaves=15
num_cat=0
split_feature=13 29 27 34 27 13 18 28 27 27 39 27 18 8
split_gain=1.50392 1.23458 1.42101 1.24486 1.96193 1.14543 1.18187 1.11995 1.7549 0.962377 1.11042 0.743422 1.2773 1.4569
threshold=2.3502402305603032 1.4978661537170412 2.5250614881515507 1.0000000180025095e-35 2.5228018760681157 2.2499048709869389 0.17416666448116305 0.64583334326744091 2.3007365465164189 2.394437432289124 1.0000000180025095e-35 2.1326155662536626 0.3304761946201325 1.0000000180025095e-35
decision_type=2 2 2 2 2 2 2 2 2 2 2 2 2 2
left_child=5 2 3 4 9 11 7 -7 -9 -2 -11 -1 13 -13
right_child=1 -3 -4 -5 -6 6 -8 8 -10 10 -12 12 -14 -15
leaf_value=-0.00043561050230858092 0.030158708044605211 -0.0064163486722624398 -0.00034561790596382641 0.058902660660615572 0.074596680763369186 -0.076139974232178081 0.0052620130949859734 0.03914030911347792 -0.057868333301557197 0.014761902964801671 -0.041976133514605801 -0.039388321023849579 0.054859388044080262 0.023799470489384775
leaf_weight=595.41373398716496 2.8990464126618516 6.1439193264814085 5.6755866526964374 2.8510298156033969 1.3727434201864523 1.3940452743445342 2.1964309354152647 0.80229538590356209 1.1128677628366859 2.0898655344208237 1.4681454797246263 1.3692801810830122 1.644855528604239 2.7329143930328428
leaf_count=8698 214 880 420 62 36 126 115 96 41 78 123 61 18 93
internal_value=-4.55817e-11 0.0126935 0.0198716 0.0306147 0.0203143 -0.000470781 -0.0231731 -0.0420464 -0.0172297 0.00877409 -0.00864997 -0.000262866 0.0176341 0.00270788
internal_weight=629.167 22.5003 16.3564 10.6808 7.8298 606.666 5.50564 3.30921 1.91516 6.45706 3.55801 601.161 5.74705 4.10219
internal_count=11061 1813 933 513 451 9248 378 263 137 415 201 8870 172 154
is_linear=0
shrinkage=0.05


Tree=223
num_leaves=15
num_cat=0
split_feature=27 42 23 27 25 18 28 42 24 5 35 22 30 27
split_gain=0.692837 1.40838 0.880129 1.00161 1.88722 2.07377 1.2535 1.04392 0.959985 1.05538 0.974109 1.12478 1.56477 0.835566
threshold=2.1301251649856572 2.5000000000000004 0.53571429848670971 2.2259460687637334 0.44505494832992559 0.13210979104042056 1.9166666865348818 1.0000000180025095e-35 0.26785714924335485 1.0000000180025095e-35 1.0000000180025095e-35 0.95454546809196483 2.4414010047912602 2.4384552240371709
decision_type=2 2 2 2 2 2 2 2 2 2 2 2 2 2
left_child=-1 2 3 4 5 6 -2 -6 9 10 -5 -12 -13 -10
right_child=1 -3 -4 8 7 -7 -8 -9 13 -11 11 12 -14 -15
leaf_value=-0.00034011309233096358 -0.044247722843550205 -0.035549299250289032 -0.046931605711661877 0.02573858350379455 0.094895915725117561 0.045015600993020197 0.053685055910450433 0.033223924648388137 -0.048013846175539616 -0.044283390449014144 -0.047635881193288571 -0.042686233190792372 0.055768979729727365 0.00046105843226942325
leaf_weight=602.24165270954654 1.7718008745723737 1.7207403217371382 0.63122690911404689 8.3193049749934271 1.237341682892293 1.9320232418540397 0.40062491269054579 1.5403954832436282 1.2924397671158647 0.74587720071576846 1.1039592184315561 0.66319011989253351 1.0308713329068266 2.8476376338476257
leaf_count=9163 123 469 58 490 13 58 12 52 187 51 73 38 16 258
internal_value=-8.65849e-11 0.00811613 0.0113112 0.0129176 0.0288683 0.00732878 -0.0261876 0.0606957 0.00605804 0.0132924 0.0171553 -0.00836538 0.0172258 -0.0146717
internal_weight=627.479 25.2374 23.5167 22.8855 6.88219 4.10445 2.17243 2.77774 16.0033 11.8632 11.1173 2.79802 1.69406 4.14008
internal_count=11061 1898 1429 1371 258 193 135 65 1113 668 617 127 54 445
is_linear=0
shrinkage=0.05


Tree=224
num_leaves=15
num_cat=0
split_feature=30 23 23 30 18 34 16 23 13 19 41 25 14 13
split_gain=0.563286 1.237 2.83927 1.802 1.88247 1.5901 1.15027 1.04934 0.876937 0.801414 1.79612 1.60351 1.59928 4.43717
threshold=0.89587974548339855 0.26785714924335485 0.36666667461395269 1.2424533367156985 0.19682539999485019 1.0000000180025095e-35 0.81666666269302379 1.0000000180025095e-35 1.2424533367156985 0.41428571939468389 1.0000000180025095e-35 0.44505494832992559 1.0000000180025095e-35 1.2424533367156985
decision_type=2 2 2 2 2 2 2 2 2 2 2 2 2 2
left_child=9 7 -3 4 8 6 -5 -2 -4 12 11 -11 -1 -14
right_child=1 2 3 5 -6 -7 -8 -9 -10 10 -12 -13 13 -15
leaf_value=-0.00046317805138044901 0.00061074765680979668 0.057777061019670589 0.025660121056676484 -0.043558320240163061 -0.0057503500574269473 0.0040679850157860414 0.047237110794233844 -0.044053400516075869 0.067092546670807648 0.024626077973812714 -0.0052953652129894366 -0.0022523859577103459 -0.086719762379887794 -0.0073561291215618278
leaf_weight=441.22101640133769 73.285842183954628 3.0133016279869507 7.8772545848041791 3.3195794294879284 4.9375041014573062 10.494043705577496 0.38978990260511626 1.339067350141703 1.5242242851818444 15.436869918135926 20.033473076298833 8.6626557405106723 1.8611585125327099 32.784704108780716
leaf_count=4372 4275 95 56 249 59 109 7 110 70 699 309 124 30 497
internal_value=7.00218e-12 0.00331867 0.0116179 0.0067447 0.0192484 -0.00587839 -0.0340173 -0.000190705 0.0323774 -0.000677651 0.00576787 0.0149645 -0.00127542 -0.0116195
internal_weight=626.18 106.181 31.5557 28.5424 14.339 14.2034 3.70937 74.6249 9.40148 520 44.133 24.0995 475.867 34.6459
internal_count=11061 5030 645 550 185 365 256 4385 126 6031 1132 823 4899 527
is_linear=0
shrinkage=0.05


Tree=225
num_leaves=15
num_cat=0
split_feature=30 23 23 30 18 34 16 23 13 13 24 37 28 42
split_gain=0.696866 1.35765 3.17125 1.71133 1.64199 1.34064 0.978096 0.91072 0.826982 0.826727 0.859511 0.740612 0.805664 3.29379
threshold=0.89587974548339855 0.26785714924335485 0.36666667461395269 1.2424533367156985 0.19682539999485019 1.0000000180025095e-35 0.81666666269302379 1.0000000180025095e-35 1.2424533367156985 2.3502402305603032 0.63333335518836986 1.0000000180025095e-35 0.73214286565780651 1.0000000180025095e-35
decision_type=2 2 2 2 2 2 2 2 2 2 2 2 2 2
left_child=-1 7 -3 4 8 6 9 11 -4 -5 -11 12 13 -2
right_child=1 2 3 5 -6 -7 -8 -9 -10 10 -12 -13 -14 -15
leaf_value=-0.00075433250171869689 0.0017418614169322716 0.058570739880543468 0.024337272002235365 -0.055473989327646425 -0.0045724219226630303 0.0034958944531276108 0.044684749593129895 -0.041716894076591605 0.063456761131646403 -0.054062779022820598 0.051872433658986285 -0.055479050185554116 0.0051749805153200826 -0.047009504322899555
leaf_weight=520.36615210209857 22.578720965175311 3.3214128263061893 8.0108392499387282 2.4099653177581768 4.9176984722653279 10.382748305200948 0.37156278872862447 1.2856685055230617 1.6250354700896412 0.34962279010869668 0.42329770646756515 0.58134881967271113 46.199834743800238 4.0926904145408107
leaf_count=6031 734 95 56 170 59 109 7 110 70 69 10 212 2381 948
internal_value=-1.32616e-11 0.00368397 0.0123349 0.00694475 0.0189366 -0.00557747 -0.0320813 1.74104e-06 0.0309346 -0.0410428 0.00395371 0.000731958 0.0011804 -0.00573897
internal_weight=626.917 106.55 31.8122 28.4908 14.5536 13.9372 3.55445 74.7383 9.63587 3.18289 0.77292 73.4526 72.8712 26.6714
internal_count=11061 5030 645 550 185 365 256 4385 126 249 79 4275 4063 1682
is_linear=0
shrinkage=0.05


Tree=226
num_leaves=15
num_cat=0
split_feature=30 23 23 30 18 34 18 27 16 13 28 42 22 34
split_gain=0.881373 1.69439 3.99686 1.67367 1.49425 1.17955 0.892016 1.78097 0.863327 0.855328 0.800562 2.94032 1.34701 4.65018
threshold=0.89587974548339855 0.26785714924335485 0.36666667461395269 1.2424533367156985 0.19682539999485019 1.0000000180025095e-35 0.38675215840339666 2.0306888818740849 0.81666666269302379 1.2424533367156985 0.84523808956146251 1.0000000180025095e-35 0.95454546809196483 1.0000000180025095e-35
decision_type=2 2 2 2 2 2 2 2 2 2 2 2 2 2
left_child=-1 10 6 4 9 8 7 -3 -5 -4 11 -2 13 -12
right_child=1 2 3 5 -6 -7 -8 -9 -10 -11 12 -13 -14 -15
leaf_value=-0.00084917713560665384 0.0010099952583529433 -0.026232942488759677 0.023114678221053602 -0.039835359520958895 -0.0037471185149241222 0.0029864940817591066 0.087028086528387713 0.072518700001641581 0.04293127214168841 0.061302157700777841 -0.030444130693926187 -0.040794148680525132 0.0081797991083368618 0.060695538763144465
leaf_weight=520.92678857797 22.808897983130013 0.69351275253575284 8.1772922733798641 3.0033684748268548 4.9061393289302933 10.287913857842796 1.8141031106933949 1.3363596136623526 0.35199436917901028 1.7867135758860957 7.4085445795935794 5.1573299570218287 37.601332747988636 1.7255509475653523
leaf_count=6031 791 51 56 249 59 109 14 30 7 70 642 1091 1816 45
internal_value=-6.15778e-11 0.00413192 0.0136894 0.00723719 0.0188405 -0.00540954 0.0615498 0.0387799 -0.0311527 0.0299623 -7.95315e-06 -0.00669922 0.00399607 -0.0132266
internal_weight=627.986 107.059 32.3574 28.5134 14.8701 13.6433 3.84398 2.02987 3.35536 9.96401 74.7017 27.9662 46.7354 9.1341
internal_count=11061 5030 645 550 185 365 95 81 256 126 4385 1882 2503 687
is_linear=0
shrinkage=0.05


Tree=227
num_leaves=15
num_cat=0
split_feature=30 23 28 23 19 13 34 19 28 42 30 18 24 30
split_gain=0.682579 1.16893 2.36576 3.06689 1.23119 0.875519 1.16489 0.76058 1.12867 2.61564 1.32198 1.97921 1.41722 1.37099
threshold=0.89587974548339855 0.26785714924335485 -1.0000000180025095e-35 0.6904762089252473 0.46428571641445165 1.2424533367156985 1.0000000180025095e-35 0.63333335518836986 0.84523808956146251 1.0000000180025095e-35 2.0126758217811589 0.17416666448116305 0.44505494832992559 1.8688347935676577
decision_type=2 2 2 2 2 2 2 2 2 2 2 2 2 2
left_child=-1 7 -3 4 -4 -5 -7 8 9 10 13 -12 -13 -2
right_child=1 2 3 5 -6 6 -8 -9 -10 -11 11 12 -14 -15
leaf_value=-0.00074455850437449354 -0.0039662371209551088 -0.053041583252800222 0.061854236088204055 0.016123205996970078 0.0087981067490011007 -0.039513740034245799 0.0038940366360553885 -0.019752178580634883 0.0066859959923750677 -0.039233694294495775 8.1634728910442121e-05 0.01062766928179544 0.081340861304151316 -0.057401381661464336
leaf_weight=520.46274553415424 12.00876679561043 1.350971074909469 4.1488980534195461 12.72328839171678 1.4847312511410562 1.822969211410961 10.157190739177167 4.4763869771559248 41.951911189823477 4.9556288370913526 6.6249323054908 1.278954462031834 1.5887604895979164 1.3337042086641311
leaf_count=6031 391 332 80 76 23 77 57 181 2322 1091 276 36 19 69
internal_value=-6.35052e-11 0.00365901 0.0116982 0.0145812 0.0478714 0.00698932 -0.00271114 0.00022666 0.00150899 -0.00630604 0.000839855 0.0151027 0.0498039 -0.00930758
internal_weight=626.37 105.907 31.688 30.3371 5.63363 24.7034 11.9802 74.219 69.7427 27.7907 22.8351 9.49265 2.86771 13.3425
internal_count=11061 5030 645 313 103 210 134 4385 4204 1882 791 331 55 460
is_linear=0
shrinkage=0.05


Tree=228
num_leaves=15
num_cat=0
split_feature=15 4 42 6 13 4 35 27 36 4 42 18 21 27
split_gain=0.646634 1.60028 1.73492 2.27598 1.57154 1.46203 1.81995 2.2381 1.87621 2.38487 1.21442 1.46421 1.21338 1.2063
threshold=0.35416667163372045 0.73214286565780651 1.0000000180025095e-35 1.0000000180025095e-35 1.7005987167358401 0.23611111193895343 1.0000000180025095e-35 1.4634918570518496 1.0000000180025095e-35 0.17424242943525317 1.5000000000000002 0.13210979104042056 0.73214286565780651 1.0789818167686465
decision_type=2 2 2 2 2 2 2 2 2 2 2 2 2 2
left_child=-1 5 4 -4 -3 6 7 8 9 -2 -9 -12 -8 -7
right_child=1 2 3 -5 -6 13 12 10 -10 -11 11 -13 -14 -15
leaf_value=-0.00059524444719686784 0.0038695996500323231 0.036196843932774773 -0.0011179065919600718 -0.055154188544191546 -0.031132434263628019 0.0025597343296368015 -0.0043365363947022242 -0.070329616807826553 -0.031564215610028298 0.067155002821549084 0.060133562815133018 -0.045907041604788812 -0.055925355361557176 0.018408617260410608
leaf_weight=550.37725288534057 3.3974569986748957 2.6770418018568294 4.1961616791613778 3.6382366945035756 1.2815832872875033 21.010261649731547 2.0917556450585826 1.2398449624161005 1.4594073341286273 2.6496774993720464 0.55870550066174451 0.78003033786080778 2.5044736191630363 28.014324980100355
leaf_count=9409 53 34 192 73 29 403 37 40 9 50 20 26 11 675
internal_value=-5.88066e-11 0.00433925 -0.0125797 -0.026212 0.0143994 0.00747124 -0.00637022 0.00551417 0.0193193 0.0315994 -0.034674 -0.00165225 -0.0324472 0.0116163
internal_weight=625.876 75.499 11.793 7.8344 3.95863 63.7059 14.6814 10.0851 7.50654 6.04713 2.57858 1.33874 4.59623 49.0246
internal_count=11061 1652 328 265 63 1324 246 198 112 103 86 46 48 1078
is_linear=0
shrinkage=0.05


Tree=229
num_leaves=15
num_cat=0
split_feature=15 4 22 21 17 25 18 16 27 4 18 18 24 18
split_gain=0.597085 1.67327 1.6241 1.8149 1.73276 2.08288 1.58589 2.86514 1.42534 1.19556 1.06509 1.19129 2.97957 3.3213
threshold=0.35416667163372045 0.73214286565780651 0.76388889551162731 0.77500000596046459 0.4083333313465119 0.26785714924335485 0.69374999403953563 0.46428571641445165 1.2360399365425112 0.11805555596947671 0.64583334326744091 0.048115082085132606 0.15476191043853763 0.082291666418313994
decision_type=2 2 2 2 2 2 2 2 2 2 2 2 2 2
left_child=10 9 -3 4 5 8 7 -5 -4 -2 11 -1 -13 -14
right_child=1 2 3 6 -6 -7 -8 -9 -10 -11 -12 12 13 -15
leaf_value=0.00028620503598127817 -0.047085886647218245 0.048754354812953649 0.027715466251858792 0.040701914902615745 0.033497189412671179 -0.079714737283529236 -0.073212612627089876 -0.068944210708688544 -0.045811450103971418 0.0083018901175160534 0.031103029850604976 -0.016925987674824974 -0.057402492001778965 0.0046989292308704817
leaf_weight=460.88244099937583 0.98984072462189843 0.97418800412560536 1.8348605316132314 1.1874153416429183 2.2898259992216481 1.0973156747350001 2.1960023596548126 1.1958095612790201 1.028629867812924 61.970823626104902 2.6414970684854771 36.655148191086482 2.2556097640226644 47.330173644108072
leaf_count=6799 18 37 36 23 74 36 38 29 55 1306 91 980 142 1397
internal_value=1.11242e-10 0.00419229 -0.0130829 -0.0186455 -0.00112605 -0.0211425 -0.0425594 -0.0143142 0.00130295 0.00743111 -0.000570127 -0.000723044 -0.0061166 0.001874
internal_weight=624.53 74.7647 11.804 10.8299 6.25063 3.96081 4.57923 2.38322 2.86349 62.9607 549.765 547.123 86.2409 49.5858
internal_count=11061 1652 328 291 201 127 90 52 91 1324 9409 9318 2519 1539
is_linear=0
shrinkage=0.05


Tree=230
num_leaves=15
num_cat=0
split_feature=26 23 28 23 34 28 42 19 19 42 27 28 18 8
split_gain=0.682959 1.24088 1.81772 2.33064 1.40956 4.00463 2.03709 1.38831 1.31616 1.47399 1.35749 1.55977 1.71178 1.28015
threshold=0.13392857462167743 0.26785714924335485 -1.0000000180025095e-35 0.90454545617103588 1.0000000180025095e-35 1.1833333373069765 1.5000000000000002 0.18333333730697635 0.22500000149011615 1.5000000000000002 1.6868718266487124 2.0714285373687749 0.098015878349542632 1.0000000180025095e-35
decision_type=2 2 2 2 2 2 2 2 2 2 2 2 2 2
left_child=1 4 -3 7 8 6 13 -4 -1 -10 11 12 -11 -6
right_child=-2 2 3 -5 5 -7 -8 -9 9 10 -12 -13 -14 -15
leaf_value=0.0028942635976414448 -0.0020163421889641121 -0.045194760981229848 0.070325047916940345 0.0067620006174846292 -0.0040437317890030366 0.051424941473968727 -0.036751682516434472 0.020310413373135466 -0.039933637267929603 -0.058637103602388635 -0.027502924258163225 -0.060529036555467146 0.03681832217729477 -0.038358422443395927
leaf_weight=257.58801818757729 250.96963685835362 1.3813901061985259 2.4923544315679491 24.321070751757361 60.417748851072247 2.9389832262531845 5.7175741262690272 3.12991752664675 3.7747796733165151 0.53639540909352756 3.1928274790734577 0.60919165413179133 3.7751147110102465 2.8459677298524175
leaf_count=5845 2848 335 48 206 712 70 94 65 51 67 351 76 119 174
internal_value=7.37058e-11 0.00135769 0.0108819 0.0134689 0.000483802 -0.00573515 -0.00817048 0.0424819 0.00214357 -0.0141219 -0.00211316 0.0143611 0.0249427 -0.0055874
internal_weight=623.691 372.721 31.3247 29.9433 341.397 71.9203 68.9813 5.62227 269.476 11.8883 8.11353 4.9207 4.31151 63.2637
internal_count=11061 8213 654 319 7559 1050 980 113 6509 664 613 262 186 886
is_linear=0
shrinkage=0.05


Tree=231
num_leaves=15
num_cat=0
split_feature=30 34 42 42 8 15 4 21 4 18 4 22 18 18
split_gain=0.586379 1.07303 5.1534 2.26354 1.93196 3.00216 1.42948 2.49354 2.5657 1.37463 1.00945 1.89048 2.74347 1.83583
threshold=0.89587974548339855 1.0000000180025095e-35 1.5000000000000002 1.0000000180025095e-35 1.0000000180025095e-35 0.89444443583488475 0.63333335518836986 0.92857143282890331 0.23611111193895343 0.13210979104042056 0.23611111193895343 0.30952382087707525 0.12182540073990823 0.16339285671710971
decision_type=2 2 2 2 2 2 2 2 2 2 2 2 2 2
left_child=-1 10 3 9 -5 -6 7 8 -4 -3 11 13 -13 -2
right_child=1 2 6 4 5 -7 -8 -9 -10 -11 -12 12 -14 -15
leaf_value=-0.00068896667265679501 -0.028939875830059733 0.015923452968662159 -0.041571343246848157 0.021906146986464398 -0.059372992312175091 0.062578413879183767 0.10392934009274993 0.084632171216834973 0.067265777684958381 -0.013716030381594503 0.0062167087074555052 0.0089456519738796338 -0.040942911168404997 0.022527793266308844
leaf_weight=520.35965538588061 11.158835522084699 17.966794536449022 1.2397604218713234 1.5816103016368277 3.7024794487442705 0.58430524368304748 1.2078055894235147 1.8573203109554013 0.96140866904170241 5.0006680467631659 33.597235007104246 21.37025276862278 3.1637108953655106 2.051096566108753
leaf_count=6031 882 249 54 50 164 6 16 10 33 124 1747 1571 92 32
internal_value=2.26216e-11 0.00340003 0.0106954 0.00238899 -0.0253247 -0.0427505 0.0561774 0.0419665 0.00596565 0.0094701 -8.72582e-05 -0.00569865 0.00251241 -0.0209485
internal_weight=625.803 105.443 34.1022 28.8359 5.86839 4.28678 5.26629 4.05849 2.20117 22.9675 71.3411 37.7439 24.534 13.2099
internal_count=11061 5030 706 593 220 170 113 97 87 373 4324 2577 1663 914
is_linear=0
shrinkage=0.05


Tree=232
num_leaves=15
num_cat=0
split_feature=27 37 42 26 19 39 28 42 18 17 23 3 28 18
split_gain=0.479631 0.807791 0.866528 1.09063 0.786648 0.906872 0.86665 0.76243 0.63745 0.657476 0.948099 0.750409 1.90341 0.814987
threshold=1.0789818167686465 1.0000000180025095e-35 3.5000000000000004 0.18333333730697635 0.77500000596046459 1.0000000180025095e-35 1.4142857193946841 3.5000000000000004 0.69374999403953563 0.4083333313465119 0.43650794029235845 1.0000000180025095e-35 0.26785714924335485 0.36562500894069677
decision_type=2 2 2 2 2 2 2 2 2 2 2 2 2 2
left_child=4 -2 3 -3 6 7 8 -6 9 11 -11 13 -13 -1
right_child=1 2 -4 -5 5 -7 -8 -9 -10 10 -12 12 -14 -15
leaf_value=-0.00099631009683541277 0.0029241416707764937 -0.061779765270255395 -0.10347435822071818 0.021627927642770217 0.00045453329758362915 0.042272882292953978 -0.019223122184273588 0.065370165000620414 -0.026719418044063466 0.051324771426521747 -0.0057921532434132778 -0.069798772803694384 0.016395447737828153 0.012828535540569567
leaf_weight=442.22777328325901 145.05549272610915 0.69041519220991066 0.32962552531898826 0.90654801111668348 6.426276177633552 2.1397774858633056 6.471571665024384 0.48656208952888835 2.359579605748876 1.4672042797319584 1.43925538752228 1.3142115157097571 1.2494135256856678 10.923636080464346
leaf_count=4314 5580 180 36 13 273 262 55 13 40 71 31 15 31 147
internal_value=-3.07261e-11 0.00249696 -0.0296663 -0.0144317 -0.000770208 0.0138283 -0.00105292 0.00502364 -0.000797834 -0.000664469 0.0230409 -0.000815658 -0.027791 -0.000663049
internal_weight=623.487 146.982 1.92659 1.59696 476.505 9.05262 467.453 6.91284 460.981 458.621 2.90646 455.715 2.56363 453.151
internal_count=11061 5809 229 193 5252 548 4704 286 4649 4609 102 4507 46 4461
is_linear=0
shrinkage=0.05


Tree=233
num_leaves=15
num_cat=0
split_feature=26 34 27 19 23 42 15 16 26 10 9 6 1 39
split_gain=0.613062 1.40579 1.77772 1.24482 2.17796 2.81381 3.35189 2.09098 2.0399 3.00487 5.05832 2.94176 3.43092 2.34604
threshold=0.29166667163372045 1.0000000180025095e-35 1.0495360493659975 0.46428571641445165 0.63333335518836986 1.0000000180025095e-35 0.44505494832992559 0.63333335518836986 0.41666667163372045 1.0000000180025095e-35 1.0000000180025095e-35 1.0000000180025095e-35 1.0000000180025095e-35 1.0000000180025095e-35
decision_type=2 2 2 2 2 2 2 2 2 2 2 2 2 2
left_child=-1 3 -3 4 7 -6 -7 8 9 10 -2 -10 -13 -11
right_child=1 2 -4 -5 5 6 -8 -9 11 13 -12 12 -14 -15
leaf_value=0.0011712914647776941 0.017738073128654278 0.0095083927382943485 -0.015072320609661695 0.0041624252095742989 -0.0065739561769145669 0.026818131258256668 -0.024330644296306679 0.036813417460961187 -0.079702456719079495 0.041654047696987939 -0.074467184558001887 -0.033163342746812007 0.031066186964401173 -0.0098691522212894719
leaf_weight=400.04035662581828 2.6652162959799144 41.977807994931936 8.9182488345541042 34.987192185421009 84.175395568832755 14.011227243347095 4.1522351149469605 1.7055117513518769 2.6715797870419928 3.816243922105059 3.3658878672868013 12.991357290884478 2.4752678163349637 5.2471942245028913
leaf_count=8733 47 366 83 928 295 114 30 53 71 43 27 146 40 85
internal_value=2.78805e-11 -0.00209967 0.00520124 -0.00425675 -0.00640251 -0.00272269 0.0151253 -0.0171812 -0.0199522 -0.00637288 -0.0337206 -0.0312529 -0.0228841 0.0118252
internal_weight=623.201 223.16 50.8961 172.264 137.277 102.339 18.1635 34.9383 33.2327 15.0945 6.0311 18.1382 15.4666 9.06344
internal_count=11061 2328 449 1879 951 439 144 512 459 202 74 257 186 128
is_linear=0
shrinkage=0.05


Tree=234
num_leaves=15
num_cat=0
split_feature=17 18 4 20 21 17 12 15 7 30 22 19 13 13
split_gain=0.503479 1.72493 1.98848 3.39345 1.49227 1.74454 1.40989 0.906381 1.70146 3.0384 2.89951 2.45406 3.96196 2.43853
threshold=0.26785714924335485 0.94444444775581371 0.63333335518836986 0.18333333730697635 0.6904762089252473 0.4083333313465119 1.0000000180025095e-35 0.15476191043853763 1.0000000180025095e-35 1.7005987167358401 0.73214286565780651 0.30952382087707525 1.8688347935676577 1.2424533367156985
decision_type=2 2 2 2 2 2 2 2 2 2 2 2 2 2
left_child=7 2 6 -4 5 -5 -2 -1 9 11 13 -9 -13 -10
right_child=1 -3 3 4 -6 -7 -8 8 10 -11 -12 12 -14 -15
leaf_value=-0.00052158120962467452 -0.015707394754447108 0.047966592199887331 0.013579338391562371 -0.057548600604133748 -0.082069702915977275 0.032212325598864465 0.023759218936130935 0.049233388000598115 -0.033584216958395328 -0.019501121671726344 -0.0042291901288948929 0.0035439266662752955 0.079367514268622916 0.046380821748885574
leaf_weight=522.18531177846489 4.6635606907020755 1.2700166492722917 2.7491405086766454 1.6138976829242895 2.5766407301998697 0.81449765840079624 4.3959751660004258 6.4237446764455006 1.1677807578816999 5.1409507397729604 47.917078235105691 14.245328614197208 1.959848605445585 5.192938369778858
leaf_count=8462 231 31 193 36 38 24 149 239 16 278 903 290 37 134
internal_value=-2.4133e-11 -0.00822078 -0.0124649 -0.0310508 -0.055565 -0.0274423 0.00344306 0.000246035 0.00513146 0.0151978 -1.87312e-05 0.0230809 0.012714 0.0316998
internal_weight=622.317 18.0837 16.8137 7.75418 5.00504 2.4284 9.05954 604.233 82.0477 27.7699 54.2778 22.6289 16.2052 6.36072
internal_count=11061 702 671 291 98 60 380 10359 1897 844 1053 566 327 150
is_linear=0
shrinkage=0.05


Tree=235
num_leaves=15
num_cat=0
split_feature=17 18 4 20 21 17 12 15 27 18 19 42 18 27
split_gain=1.0722 1.86943 2.6683 3.87525 1.72974 1.53953 1.1792 1.0238 1.6745 2.39306 2.85024 2.26704 2.06215 2.51421
threshold=0.26785714924335485 0.94444444775581371 0.63333335518836986 0.18333333730697635 0.92857143282890331 0.4083333313465119 1.0000000180025095e-35 0.38750000298023229 1.3176894187927248 0.42638888955116278 0.46428571641445165 2.5000000000000004 0.38675215840339666 1.8252285122871401
decision_type=2 2 2 2 2 2 2 2 2 2 2 2 2 2
left_child=7 2 6 -4 5 -5 -2 -1 11 10 12 -9 13 -10
right_child=1 -3 3 4 -6 -7 -8 8 9 -11 -12 -13 -14 -15
leaf_value=-0.00031763676033791664 -0.01462320884592617 0.046772006493437754 0.012383069656980009 -0.056757009554751305 -0.083972385257349957 0.027636449025755402 0.021677196897832648 -0.003325382329208162 0.043532951824925781 -0.03189712275959819 -0.010289892624172261 0.037570345136595233 0.08392424859214391 -0.0058879165576197871
leaf_weight=545.01049868668997 4.6452819995338412 1.2685021742072411 2.7406956069680728 1.5847288346267308 3.2343107667984441 0.82001891348045308 4.3156345930183306 35.673873986961553 8.0250416365597648 2.1329584980994687 4.5338312387466422 3.744476696207129 1.8908382428053307 3.7883340648577368
leaf_count=9248 231 31 193 37 36 25 149 530 145 70 98 76 18 174
internal_value=2.76601e-12 -0.0118213 -0.0161075 -0.0363897 -0.0600942 -0.0279788 0.0028593 0.000363731 0.00657474 0.0182145 0.0240751 0.000559435 0.0354442 0.0276846
internal_weight=623.409 18.6092 17.3407 8.37975 5.63906 2.40475 8.96092 604.8 59.7894 20.371 18.238 39.4184 13.7042 11.8134
internal_count=11061 702 671 291 98 62 380 10359 1111 505 435 606 337 319
is_linear=0
shrinkage=0.05


Tree=236
num_leaves=15
num_cat=0
split_feature=17 18 4 20 21 17 12 5 28 28 18 28 18 26
split_gain=0.750067 1.81704 2.11958 3.20736 1.34638 1.43266 0.980386 0.857918 0.71286 1.06367 0.647916 2.16673 0.861936 0.788948
threshold=0.26785714924335485 0.94444444775581371 0.63333335518836986 0.18333333730697635 0.6904762089252473 0.4083333313465119 1.0000000180025095e-35 1.0000000180025095e-35 0.36666667461395269 1.2250000238418581 0.34910714626312261 1.7749999761581423 0.44444443285465246 0.29166667163372045
decision_type=2 2 2 2 2 2 2 2 2 2 2 2 2 2
left_child=10 2 6 7 5 -5 -2 -4 -8 -10 13 -12 -13 -1
right_child=1 -3 3 4 -6 -7 8 -9 9 -11 11 12 -14 -15
leaf_value=0.0012638960136341793 -0.013437228803887039 0.048099149967612664 -0.026048556248353446 -0.055842423791831575 -0.07813036608173006 0.027406764309462928 -0.003581341247599928 0.031883826545035361 0.057184007421336142 -0.019033024770058568 0.010965376951931186 -0.0014901155551470997 -0.073903605340986223 -0.0026494061598235732
leaf_weight=378.01503915915328 4.6235012406523364 1.2519875398429565 1.0073507980923733 1.4948188932612541 2.9660286914149765 0.78988279972691078 1.8424288271926341 1.7479768872872228 1.7940568865742537 0.61457913566846389 27.598657757705954 0.6616303387854704 1.0845521020419253 195.35715608316241
leaf_count=7888 231 31 94 36 38 24 31 99 90 28 649 32 61 1729
internal_value=-3.47697e-11 -0.0100197 -0.0143302 -0.0329839 -0.055909 -0.0270609 0.002498 0.0107037 0.0198293 0.0377367 0.000301439 0.00754788 -0.0464661 -6.94292e-05
internal_weight=620.85 18.1326 16.8806 8.00606 5.25073 2.2847 8.87457 2.75533 4.25106 2.40864 602.717 29.3448 1.74618 573.372
internal_count=11061 702 671 291 98 60 380 193 149 118 10359 742 93 9617
is_linear=0
shrinkage=0.05


Tree=237
num_leaves=15
num_cat=0
split_feature=17 23 18 20 4 23 5 28 21 24 27 30 16 42
split_gain=0.791864 2.08205 1.16151 0.899466 1.70665 1.88652 1.13685 1.05742 0.896391 0.839957 0.784836 0.773667 0.624566 1.33079
threshold=0.26785714924335485 0.90454545617103588 0.94444444775581371 0.22500000149011615 0.63333335518836986 0.63333335518836986 1.0000000180025095e-35 1.4142857193946841 0.77500000596046459 0.4083333313465119 1.8680953383445742 1.2424533367156985 1.0000000180025095e-35 3.5000000000000004
decision_type=2 2 2 2 2 2 2 2 2 2 2 2 2 2
left_child=12 2 3 6 11 -6 9 -8 -9 10 -2 -5 -1 -14
right_child=1 -3 -4 4 5 -7 7 8 -10 -11 -12 -13 13 -15
leaf_value=4.8565141086083205e-05 -0.030460384676174693 -0.059263755211002515 0.045157888586670421 0.025216971456514709 -0.061486794910930676 0.016295837143817851 0.043907490519398754 0.013224079952656814 -0.069528086539621434 -0.043811239830623488 0.031173627477589439 -0.028024818821241883 0.0053278640758903408 0.054179248976392327
leaf_weight=589.77188347134143 0.91409255088365604 1.9398902822285879 1.1002355613454717 2.0428697526222099 3.0818799502158072 1.0434729846892876 2.3363099640337168 1.3007340439653488 0.43725853075738985 1.588581088442879 1.1875191949602593 1.024507320296834 13.761824662378784 1.5512573813375627
leaf_count=9673 44 22 28 46 69 20 114 109 12 125 80 33 631 55
internal_value=1.98525e-11 -0.0103354 -0.00442438 -0.00807159 -0.0208109 -0.0418123 0.00372963 0.0219377 -0.00759539 -0.0163737 0.00436602 0.00743415 0.00030741 0.0102766
internal_weight=623.082 17.9974 16.0575 14.9572 7.19273 4.12535 7.7645 4.0743 1.73799 3.69019 2.10161 3.06738 605.085 15.3131
internal_count=11061 702 680 652 168 89 484 235 121 249 124 79 10359 686
is_linear=0
shrinkage=0.05


Tree=238
num_leaves=15
num_cat=0
split_feature=17 23 42 18 26 20 17 18 23 42 5 26 29 18
split_gain=1.06292 2.91853 1.27296 2.03142 0.790822 0.798114 1.85433 1.58456 0.83902 0.781717 0.744333 0.640965 1.07725 0.634169
threshold=0.26785714924335485 0.90454545617103588 3.5000000000000004 0.94444444775581371 0.41666667163372045 0.22500000149011615 0.55000001192092907 0.35000000894069677 0.43650794029235845 2.5000000000000004 1.0000000180025095e-35 1.0000000180025095e-35 1.2424533367156985 0.64583334326744091
decision_type=2 2 2 2 2 2 2 2 2 2 2 2 2 2
left_child=-1 2 3 4 5 10 7 8 -7 -6 -2 12 -12 -4
right_child=1 -3 13 -5 9 6 -8 -9 -10 -11 11 -13 -14 -15
leaf_value=0.00035818493425941202 -0.013021509069622884 -0.063127849711988246 -0.016543731446569034 0.071487767182670914 0.043451495355050739 -0.04372705861209461 0.023793694378814342 -0.08054057501674719 0.015521249637673835 -0.018286188442272425 0.034283905005135971 0.046700908333355474 -0.060800011980217207 -0.090757188720828663
leaf_weight=605.04750872686782 3.4027377133570536 2.412239550612866 0.56019540580018545 0.92820767470402721 1.4795859497971844 1.2850640633405426 1.4758266080170868 1.5888098966679534 1.1168427368975242 0.78463469492271531 0.75630674019339517 1.3326235781423745 0.49143695682869293 0.59212472505168989
leaf_count=10359 227 22 40 22 96 34 29 45 29 10 22 66 46 14
internal_value=3.01127e-12 -0.0119033 -0.00407989 -9.78076e-05 -0.004943 -0.0102824 -0.024093 -0.0418023 -0.0161777 0.0220571 0.00233587 0.0225877 -0.00316589 -0.0546786
internal_weight=623.254 18.2066 15.7944 14.6421 13.7139 11.4496 5.46654 3.99072 2.40191 2.26422 5.9831 2.58037 1.24774 1.15232
internal_count=11061 702 680 626 604 498 137 108 63 106 361 134 68 54
is_linear=0
shrinkage=0.05


Tree=239
num_leaves=15
num_cat=0
split_feature=17 23 18 42 20 26 18 20 23 17 18 5 13 15
split_gain=0.98412 2.72171 1.68675 1.05597 0.812196 0.688426 0.76833 0.72127 1.68282 1.26501 0.667568 0.641149 0.633696 0.608573
threshold=0.26785714924335485 0.90454545617103588 0.94444444775581371 3.5000000000000004 0.43650794029235845 0.41666667163372045 0.64583334326744091 0.22500000149011615 0.58571431040763866 0.63333335518836986 0.35000000894069677 1.0000000180025095e-35 1.7005987167358401 0.44505494832992559
decision_type=2 2 2 2 2 2 2 2 2 2 2 2 2 2
left_child=13 2 3 5 -5 7 -7 11 9 10 -9 12 -2 -1
right_child=1 -3 -4 4 -6 6 -8 8 -10 -11 -12 -13 -14 -15
leaf_value=-0.00016746487124698684 -0.046666403782860293 -0.059638028654686162 0.052250883236220805 -0.016087212911921066 -0.10408476408286343 0.034981492600313052 -0.040344822100195146 -0.036453680679465486 0.017264530627418284 0.0060589181850290779 -0.087004385865107892 0.021773159880471377 0.0016588649518005445 0.0052535435324122977
leaf_weight=548.13297712989424 0.93904521814692854 2.5242929989472023 1.2405797073151923 0.5687444444174623 0.48652602359652519 1.7950824442086735 0.41720755491405714 1.3604095556947875 1.7424692569184115 0.97277831193059672 1.2561512895044868 2.4645998532214435 2.4438486977924185 57.171682104018146
leaf_count=9337 50 22 28 46 2 98 8 47 35 21 34 134 177 1022
internal_value=6.11757e-11 -0.011452 -0.00369831 -0.00850277 -0.0566579 -0.0047081 0.020776 -0.00975118 -0.0230514 -0.0426231 -0.0607219 0.00237611 -0.0117556 0.000344555
internal_weight=623.516 18.2117 15.6874 14.4469 1.05527 13.3916 2.21229 11.1793 5.33181 3.58934 2.61656 5.84749 3.38289 605.305
internal_count=11061 702 680 652 48 604 106 498 137 102 81 361 227 10359
is_linear=0
shrinkage=0.05


Tree=240
num_leaves=15
num_cat=0
split_feature=17 18 18 27 4 20 23 24 12 18 26 34 27 4
split_gain=1.41653 3.8109 4.76654 2.85476 0.77749 1.66666 1.23835 0.718584 0.701317 0.683019 0.653156 1.47261 1.53002 1.44115
threshold=0.26785714924335485 0.94444444775581371 0.59166669845581066 1.0495360493659975 0.63333335518836986 0.18333333730697635 0.43650794029235845 0.44505494832992559 1.0000000180025095e-35 0.24999999254941943 0.29166667163372045 1.0000000180025095e-35 1.0495360493659975 0.29285715520381933
decision_type=2 2 2 2 2 2 2 2 2 2 2 2 2 2
left_child=10 2 4 -4 8 -6 -7 -5 9 -2 -1 -12 -13 -14
right_child=1 -3 3 7 5 6 -8 -9 -10 -11 11 12 13 -15
leaf_value=0.0016385345909012224 -0.041924707806342283 0.058384938164144841 -0.091698046498915275 -0.049149409319523094 0.014221054063118344 -0.077650516191927227 -0.01054083246775938 0.027207285027806363 0.019325447108771987 0.0022651717077338813 -0.0040438605212966593 0.0095844448460285728 -0.028865706479317018 0.019374069528769904
leaf_weight=391.28652905340459 1.1994499735301412 1.6851340488065023 3.0805558282881966 0.510373753524618 1.9235073197778536 1.4759857672906949 1.2866180839191654 0.77753598301205784 3.9231679085642099 3.2270505407232122 165.7956307605491 41.486815470037982 5.3527032425627104 2.1782937310636044
leaf_count=8278 119 31 13 18 155 35 33 38 148 112 1654 360 40 27
internal_value=8.39378e-11 -0.0134108 -0.0203622 -0.0655633 -0.00521477 -0.0215144 -0.0463958 -0.0030514 0.00393312 -0.00970897 0.000422378 -0.00179287 0.00582076 -0.0149127
internal_weight=625.189 19.0894 17.4042 4.36847 13.0358 4.68611 2.7626 1.28791 8.34967 4.4265 606.1 214.813 49.0178 7.531
internal_count=11061 702 671 69 602 223 68 56 379 231 10359 2081 427 67
is_linear=0
shrinkage=0.05


Tree=241
num_leaves=15
num_cat=0
split_feature=18 29 17 18 21 17 18 24 30 28 18 22 28 18
split_gain=1.22444 2.78738 1.45876 2.25003 2.30433 0.710518 2.74847 0.64732 0.642021 1.01074 0.641327 1.76445 1.99059 1.56876
threshold=0.88194444775581371 0.89587974548339855 0.26785714924335485 0.5223214626312257 0.92857143282890331 0.35416667163372045 0.35000000894069677 0.44505494832992559 0.89587974548339855 0.81666666269302379 0.41458332538604742 0.95454546809196483 1.9166666865348818 0.39087302982807165
decision_type=2 2 2 2 2 2 2 2 2 2 2 2 2 2
left_child=2 -2 10 5 7 6 8 -5 9 -4 13 -12 -13 -1
right_child=1 -3 3 4 -6 -7 -8 -9 -10 -11 11 12 -14 -15
leaf_value=7.9547551688484896e-05 -0.013036447942930627 0.082952141726946066 -0.008052813929621273 -0.038695825297112352 -0.079945298510592067 0.0032516766257083573 -0.087857069841467794 0.03363657932040115 -0.039685226683190571 0.061055518694445504 0.046374338809544113 0.0068123081587917579 -0.070850627840362612 -0.04423511465699867
leaf_weight=583.64956593856186 1.6243096224789035 1.4152829465456305 1.5691869221627746 0.52586299824179084 2.294915305217728 8.4941615799762058 1.1475514247722456 0.7511046022264054 0.68600546969719278 0.79820874053984869 2.715190248796719 18.22927414561855 0.86419077095160801 2.0039708467593291
leaf_count=9724 52 20 25 26 32 367 47 29 96 49 62 411 58 63
internal_value=3.01186e-11 0.0316574 -0.000154274 -0.0149307 -0.0499881 -0.00506698 -0.021887 0.00384966 0.0029064 0.0152483 0.000241418 0.00866033 0.0032972 -7.2087e-05
internal_weight=626.769 3.03959 623.729 16.267 3.57188 12.6951 4.20095 1.27697 3.0534 2.3674 607.462 21.8087 19.0935 585.654
internal_count=11061 72 10989 671 87 584 217 55 170 74 10318 531 469 9787
is_linear=0
shrinkage=0.05


Tree=242
num_leaves=15
num_cat=0
split_feature=26 36 18 21 28 34 27 27 9 18 18 18 18 4
split_gain=0.609819 0.93718 1.30412 0.96495 1.87678 0.883114 3.02029 2.70203 1.49594 1.60351 2.43443 1.39241 1.4074 1.19696
threshold=0.11805555596947671 1.0000000180025095e-35 0.084523811936378493 0.73214286565780651 -0.22500000149011609 1.0000000180025095e-35 1.2441715598106386 1.4441507458686831 1.0000000180025095e-35 0.1195238158106804 0.3304761946201325 0.74166667461395275 0.94444444775581371 0.17424242943525317
decision_type=2 2 2 2 2 2 2 2 2 2 2 2 2 2
left_child=-1 5 -3 -4 -5 11 8 -8 -7 -10 -11 13 -13 -2
right_child=1 2 3 4 -6 6 7 -9 9 10 -12 12 -14 -15
leaf_value=0.0012894677507026158 -0.0068767445958855707 0.040917080121699714 0.027327243446002937 -0.055975298011028143 0.020765174808407734 0.026672276692617281 -0.082997052073452995 0.0047570029351396053 0.0080855536256525563 -0.030702663574727469 0.019789014295857374 -0.06643723568723936 0.0087786531428187455 0.0012555637869127488
leaf_weight=371.56163344881134 110.57910111053206 3.0113408444449288 1.932409383356571 1.5871793255209921 1.5997481395024808 7.5943641117773941 1.8633082453161471 1.6574998656287787 33.230814322363585 7.2525105318054539 3.5585963563062251 1.7454524813219898 0.96618958533508692 76.583849373273551
leaf_count=8205 776 68 22 11 30 113 34 27 224 68 55 25 34 1369
internal_value=1.11232e-11 -0.00189253 0.014808 -0.000550142 -0.0174537 -0.00244669 0.00312261 -0.0416849 0.00617779 0.00264383 -0.0140828 -0.00406452 -0.0396369 -0.00354914
internal_weight=624.724 253.162 8.13068 5.11934 3.18693 245.032 55.1571 3.52081 51.6363 44.0419 10.8111 189.875 2.71164 187.163
internal_count=11061 2856 131 63 41 2725 521 61 460 347 123 2204 59 2145
is_linear=0
shrinkage=0.05


Tree=243
num_leaves=15
num_cat=0
split_feature=26 37 34 13 9 18 18 13 5 15 18 21 42 34
split_gain=0.702136 1.06715 1.06448 2.03905 1.14173 0.978254 1.89956 1.15865 1.80107 2.70493 1.30497 0.947735 4.38553 2.57736
threshold=0.29166667163372045 1.0000000180025095e-35 1.0000000180025095e-35 1.8688347935676577 1.0000000180025095e-35 0.74166667461395275 0.88194444775581371 1.7005987167358401 1.0000000180025095e-35 0.30952382087707525 0.49166667461395269 0.81666666269302379 1.5000000000000002 1.0000000180025095e-35
decision_type=2 2 2 2 2 2 2 2 2 2 2 2 2 2
left_child=11 2 5 4 -4 7 -7 -2 9 -9 -10 13 -13 -1
right_child=1 -3 3 -5 -6 6 -8 8 10 -11 -12 12 -14 -15
leaf_value=0.0023319401766227826 -0.0047778412946638425 0.031742425201269679 0.024645387196252373 -0.042972364583510038 0.0028238217871380368 -0.065582216625413914 0.017177000207153317 -0.038243906974029886 0.058753394884036372 0.051956102269872406 -0.01713369067622483 0.0018701244354324663 0.042529688461284153 -0.0087634530425896966
leaf_weight=278.50228385968057 164.63654622342438 2.2893148493021718 7.0220688108820459 2.2223562402650705 40.950438767205924 1.76989983243402 1.1399321391363628 2.4819114183192137 2.635291284997948 1.2496472614584488 0.72163280495442439 51.580690301256254 7.6103603685514818 64.452034604062646
leaf_count=6297 1589 69 111 16 322 25 35 37 83 21 20 1083 298 1055
internal_value=-6.54109e-11 -0.00222243 -0.00256828 0.00384897 0.006018 -0.00441277 -0.0331611 -0.00392564 0.0158676 -0.00803717 0.0424401 0.00125516 0.00709784 0.000246763
internal_weight=629.264 227.119 224.83 50.1949 47.9725 174.635 2.90983 171.725 7.08848 3.73156 3.35692 402.145 59.1911 342.954
internal_count=11061 2328 2259 449 433 1810 60 1750 161 58 103 8733 1381 7352
is_linear=0
shrinkage=0.05


Tree=244
num_leaves=15
num_cat=0
split_feature=26 36 18 21 28 18 42 41 18 29 36 18 1 42
split_gain=0.685152 0.917864 1.04276 0.757162 1.52116 0.74982 1.36139 2.0408 0.697581 1.73264 0.846328 1.57787 2.94983 1.48037
threshold=0.11805555596947671 1.0000000180025095e-35 0.084523811936378493 0.73214286565780651 -0.22500000149011609 0.74166667461395275 1.5000000000000002 1.0000000180025095e-35 0.64583334326744091 0.89587974548339855 1.0000000180025095e-35 0.18105159699916842 1.0000000180025095e-35 1.0000000180025095e-35
decision_type=2 2 2 2 2 2 2 2 2 2 2 2 2 2
left_child=8 5 -3 -4 -5 -2 7 -7 10 -10 -1 12 13 -12
right_child=1 2 3 4 -6 6 -8 -9 9 -11 11 -13 -14 -15
leaf_value=0.0015896692940315718 -0.0022149286690523111 0.038412896522101718 0.025647195472674092 -0.050592491135240017 0.019806346909236015 0.045930576209188945 -0.074266109542655598 -0.052984935661312828 -0.018377686568703564 0.054673943472876886 -0.0017439642258511795 -0.056572690279755977 0.079761984270033004 -0.048000285704315741
leaf_weight=361.03525955799887 245.86959245873732 2.9351397715508929 1.8987761773169038 1.4974360056221483 1.57378720282577 1.0374873956898223 1.020262215984985 1.0483652129769325 1.3952127942757209 1.9407561679763601 7.0930205277254537 1.6972765875834728 0.94266812072601247 2.2875288616778562
leaf_count=7712 2662 68 22 11 30 31 21 11 35 65 123 63 15 192
internal_value=2.73643e-11 -0.00199078 0.0147825 0.00082701 -0.014518 -0.00252334 -0.0269359 -0.0037851 0.00135867 0.0241213 0.00115512 -0.0118966 -0.00455119 -0.013024
internal_weight=633.273 256.881 7.90514 4.97 3.07122 248.976 3.10611 2.08585 376.392 3.33597 373.056 12.0205 10.3232 9.38055
internal_count=11061 2856 131 63 41 2725 63 42 8205 100 8105 393 330 315
is_linear=0
shrinkage=0.05


Tree=245
num_leaves=15
num_cat=0
split_feature=17 42 23 18 4 17 17 18 24 28 26 13 15 42
split_gain=1.27833 2.14179 3.47132 2.50533 1.78101 1.96656 1.87119 1.09745 0.976298 1.28584 0.897062 0.861955 0.704713 1.55535
threshold=0.26785714924335485 2.5000000000000004 0.36666667461395269 0.76388895511627208 0.57738095521926891 0.4083333313465119 0.70833334326744091 0.35000000894069677 0.58571431040763866 0.84523808956146251 0.29166667163372045 1.8688347935676577 0.38750000298023229 2.5000000000000004
decision_type=2 2 2 2 2 2 2 2 2 2 2 2 2 2
left_child=12 3 8 4 -2 7 10 -6 9 -3 11 -7 -1 -14
right_child=1 2 -4 -5 5 6 -8 -9 -10 -11 -12 -13 13 -15
leaf_value=-0.00016517726602381742 0.0069106340154519554 0.066979720648685334 -0.095595674661599073 0.071951776359105282 -0.0124178150419705 -0.059984760815817897 -0.079909281495579576 -0.094965633715847556 -0.059249938767567192 -0.01693282547404229 0.048302932205361963 0.018755241335151978 0.00294571873241214 0.030606584560211238
leaf_weight=560.36429318098908 7.1508613568439632 0.66658386142808002 1.8464837353676555 1.0299713046406385 0.56646610272582609 0.57708308960718635 0.69589301547966886 1.3921978205180492 0.68291595893970214 1.448789827270957 1.0388183179311452 0.8738804305830854 53.244675819460099 5.6182485700046518
leaf_count=9248 293 15 5 22 39 23 16 61 40 116 38 34 937 174
internal_value=6.84921e-11 -0.0131464 -0.0423838 -0.00295506 -0.00923002 -0.0316662 -0.00742596 -0.0710919 -0.00727131 0.00950919 0.0128331 -0.0125616 0.000381507 0.00558585
internal_weight=637.197 17.9699 4.64477 13.3252 12.2952 5.14434 3.18567 1.95866 2.79829 2.11537 2.48978 1.45096 619.227 58.8629
internal_count=11061 702 176 526 504 211 111 100 171 131 95 57 10359 1111
is_linear=0
shrinkage=0.05


Tree=246
num_leaves=15
num_cat=0
split_feature=17 18 4 20 42 23 15 18 4 18 27 42 42 27
split_gain=0.718846 1.07612 1.55155 2.15324 1.37119 1.63972 0.632171 1.41008 1.3843 1.36784 4.74628 3.36098 3.13865 2.72815
threshold=0.26785714924335485 0.94444444775581371 0.63333335518836986 0.18333333730697635 1.5000000000000002 0.43650794029235845 0.38750000298023229 0.71944448351860057 0.11805555596947671 0.16761904954910281 1.1161723732948305 1.5000000000000002 2.5000000000000004 1.697936534881592
decision_type=2 2 2 2 2 2 2 2 2 2 2 2 2 2
left_child=6 2 -2 -4 5 -5 7 -1 -8 10 -10 -11 -13 -12
right_child=1 -3 3 4 -6 -7 8 -9 9 11 13 12 -14 -15
leaf_value=-0.00037442514696180753 0.0013105126728284601 0.036452458177048862 0.0088751862985074256 -0.071530831124953967 -0.078758767373875771 0.0051344360946828232 -0.048480947921825751 0.04682412911937317 -0.0071474162141612913 0.011389197171780444 0.057984967247089639 -0.03637256462521854 0.018263572611249848 0.00089585578788724674
leaf_weight=557.71009070179844 8.2660890877941693 1.1524449280695996 2.3969614413363169 1.1774864735780286 2.1642430660722312 1.7107650153920984 1.176488569297361 1.5869397530332197 10.289738582912834 24.59356557403953 7.0949396587166103 8.942898186571254 3.7228452809340515 2.9681304157347768
leaf_count=9196 380 31 193 28 25 45 16 52 121 436 96 216 123 103
internal_value=9.51939e-11 -0.0101838 -0.0136037 -0.0301529 -0.0486682 -0.0261206 0.000277923 -0.000240505 0.00521009 0.0063065 0.0167306 0.000612391 -0.0203134 0.0411464
internal_weight=634.954 16.868 15.7155 7.44946 5.05249 2.88825 618.086 559.297 58.7886 57.6121 20.3528 37.2593 12.6657 10.0631
internal_count=11061 702 671 291 98 73 10359 9248 1111 1095 320 775 339 199
is_linear=0
shrinkage=0.05


Tree=247
num_leaves=15
num_cat=0
split_feature=26 15 18 30 36 19 2 39 18 14 39 18 13 8
split_gain=0.834972 0.997074 2.47968 4.02621 1.99639 2.10244 1.38239 1.25853 1.19016 1.356 1.1005 1.38618 1.07052 2.19889
threshold=0.11805555596947671 0.4083333313465119 0.16761904954910281 1.4978661537170412 1.0000000180025095e-35 0.46428571641445165 1.0000000180025095e-35 1.0000000180025095e-35 0.16339285671710971 1.5000000000000002 1.0000000180025095e-35 0.13210979104042056 1.8688347935676577 1.0000000180025095e-35
decision_type=2 2 2 2 2 2 2 2 2 2 2 2 2 2
left_child=1 -1 3 8 5 6 7 -4 9 -3 -5 -12 -9 -14
right_child=-2 2 4 10 -6 -7 -8 12 -10 -11 11 -13 13 -15
leaf_value=0.0007785830644164224 -0.0021897834829693388 -0.015402811244186541 0.010052900608241939 0.020879225250318937 -0.077318295640439044 -0.026799877984435429 -0.0077785069118626793 0.071679469146837038 0.085418605045588805 0.077278242657001159 0.021223946282678673 -0.074136747478988893 0.074754728997271661 -0.03749908963824207
leaf_weight=350.52539720839104 258.5190989694529 0.78441176679916924 5.9391436592413864 1.7157455209562613 0.77617934827139734 4.1842838248921899 5.0853099877276682 2.0285270609310833 2.8283980301057454 0.794272997052758 0.62657934894377831 0.97264194704621332 0.8669276865548452 0.87816493674654339
leaf_count=7468 2856 24 92 43 27 106 246 32 22 19 38 34 13 41
internal_value=4.81677e-11 0.0014976 0.0106689 0.034694 0.00127938 0.0044932 0.0133416 0.0243994 0.0660064 0.0312272 -0.00693418 -0.0367742 0.0469788 0.0182664
internal_weight=636.525 378.006 27.4806 7.72205 19.7585 18.9824 14.7981 9.71276 4.40708 1.57868 3.31497 1.59922 3.77362 1.74509
internal_count=11061 8205 737 180 557 530 424 178 65 43 115 72 86 54
is_linear=0
shrinkage=0.05


Tree=248
num_leaves=15
num_cat=0
split_feature=17 17 18 42 18 23 19 28 30 28 21 26 15 18
split_gain=0.724799 1.37763 3.49744 1.52445 1.33628 1.0945 1.01594 0.643409 0.568259 0.828844 0.562533 0.556672 1.21243 2.33193
threshold=0.26785714924335485 0.35416667163372045 0.35000000894069677 2.5000000000000004 0.76388895511627208 0.36666667461395269 0.30952382087707525 0.84523808956146251 0.89587974548339855 0.81666666269302379 0.77500000596046459 0.11805555596947671 0.44505494832992559 0.16761904954910281
decision_type=2 2 2 2 2 2 2 2 2 2 2 2 2 2
left_child=11 2 8 4 6 7 -3 -5 9 -2 -9 12 -1 -14
right_child=1 3 -4 5 -6 -7 -8 10 -10 -11 -12 -13 13 -15
leaf_value=0.00082258156777417237 -0.0059883461561465821 -0.0066527852871391471 -0.082623800174615292 0.040226708843350195 0.068017208038651605 -0.085116600209327931 0.035594709138807544 -0.0028540730779821324 -0.038077546070908061 0.05937748498044472 -0.066467606046905214 -0.0015458054095268024 0.038498858235678959 0.0018797224448786872
leaf_weight=350.18939068311192 1.5066442266106639 6.6520528572509612 2.0379268022516044 0.42208184106129865 0.85377942695049647 0.7652248516678809 1.8102605087915433 0.81176766216231022 0.65067959940097342 0.71516755362972606 0.60768361097143497 249.86184891426819 6.3540981652768123 13.766727650298888
leaf_count=7340 25 224 67 14 22 5 105 73 96 49 22 2572 136 311
internal_value=-1.37772e-10 -0.0102372 -0.0325257 -0.00105761 0.00839973 -0.0348565 0.00238481 -0.0139716 0.00301698 0.0150519 -0.0300878 0.000277866 0.00150836 0.0134439
internal_weight=637.005 16.8333 4.91042 11.9229 9.31609 2.60676 8.46231 1.84153 2.87249 2.22181 1.41945 620.172 370.31 20.1208
internal_count=11061 702 237 465 351 114 329 109 170 74 95 10359 7787 447
is_linear=0
shrinkage=0.05


Tree=249
num_leaves=15
num_cat=0
split_feature=29 21 42 24 19 28 17 26 34 27 4 21 19 23
split_gain=1.31956 2.70799 1.55819 1.15702 1.2212 0.947513 0.634846 0.592068 1.04329 1.35585 1.20143 1.14286 1.08169 1.84904
threshold=1.8688347935676577 0.53571429848670971 1.5000000000000002 0.44505494832992559 0.15476191043853763 1.3095238208770754 0.15476191043853763 0.29166667163372045 1.0000000180025095e-35 1.0495360493659975 0.29285715520381933 0.92857143282890331 0.46428571641445165 0.43650794029235845
decision_type=2 2 2 2 2 2 2 2 2 2 2 2 2 2
left_child=7 2 6 4 -3 -4 -2 -1 12 11 -11 -10 13 -9
right_child=1 3 5 -5 -6 -7 -8 8 9 10 -12 -13 -14 -15
leaf_value=0.0013725841088143215 -0.010610379818279284 -0.04620297108286852 -0.09054541226989922 0.055330148549250606 0.053033002520042442 -0.013318957437747251 0.11655307033042461 -0.017670740848542053 0.041363693515407897 -0.027011207268568455 0.011004600544753376 0.0063786664301901238 0.0043232413216833659 -0.0028642561905299641
leaf_weight=402.03283951288449 0.5130153226655233 0.96753416315550589 1.8986389747606156 1.0215939977206288 0.45619326237647329 0.50225385708745296 0.12136836042918731 25.479084369901102 2.4867053008638313 5.6380325448699278 3.2916934569366276 38.106405654456466 35.312263840343803 122.27585698664188
leaf_count=8356 97 71 52 33 12 97 15 387 84 40 43 282 928 564
internal_value=5.36338e-11 -0.0244288 -0.0559751 0.0147282 -0.0144056 -0.0743901 0.0137181 0.000210967 -0.00179689 0.00464152 -0.0129977 0.00852182 -0.00353859 -0.00541751
internal_weight=640.103 5.4806 3.03528 2.44532 1.42373 2.40089 0.634384 634.623 232.59 49.5228 8.92973 40.5931 183.067 147.755
internal_count=11061 377 261 116 83 149 112 10684 2328 449 83 366 1879 951
is_linear=0
shrinkage=0.05


Tree=250
num_leaves=15
num_cat=0
split_feature=17 17 18 42 18 19 23 12 28 42 21 26 16 30
split_gain=0.78703 1.49573 3.37464 1.13661 1.15399 0.913627 0.865088 0.553284 0.542761 0.515945 1.37966 0.56988 0.544393 0.51225
threshold=0.26785714924335485 0.35416667163372045 0.35000000894069677 2.5000000000000004 0.76388895511627208 0.30952382087707525 0.36666667461395269 1.0000000180025095e-35 0.26785714924335485 1.0000000180025095e-35 0.73214286565780651 0.22500000149011615 0.70833334326744091 0.89587974548339855
decision_type=2 2 2 2 2 2 2 2 2 2 2 2 2 2
left_child=-1 2 13 4 5 9 7 -5 -4 12 11 -11 -3 -2
right_child=1 3 8 6 -6 -7 -8 -9 -10 10 -12 -13 -14 -15
leaf_value=0.0002859391338428259 0.014555095221832194 0.041510759222001238 -0.10097891680651586 -0.050232897991743936 0.065933473205266255 0.033835609162749351 -0.08186110725068281 0.0077010376936846661 -0.051224366505178955 -0.0096556959258264075 -0.065642524396174476 0.048235085504898106 -0.0070002697295092654 -0.03693089202822368
leaf_weight=625.11475766626427 2.1715668345568733 0.94183597364462568 1.2622793699993056 0.65243709776404935 0.76394267857540477 1.7606459870003162 0.62991327978670586 1.1188551825471222 0.96883290421101254 2.6857779584970563 1.0902784290738052 0.50505444826558221 1.4984029654879123 0.62133611529134203
leaf_count=10359 74 30 31 86 22 105 5 23 36 111 36 16 31 96
internal_value=1.4374e-11 -0.0107218 -0.0335251 -0.000885554 0.00707432 0.00177308 -0.0315354 -0.0136383 -0.0793736 -0.00662564 -0.0170844 -0.000492571 0.0117231 0.00310103
internal_weight=641.786 16.6712 5.02402 11.6471 9.24594 8.482 2.40121 1.77129 2.23111 6.72135 4.28111 3.19083 2.44024 2.7929
internal_count=11061 702 237 465 351 329 114 109 67 224 163 127 61 170
is_linear=0
shrinkage=0.05


Tree=251
num_leaves=15
num_cat=0
split_feature=17 17 18 42 18 19 28 23 28 21 18 28 18 28
split_gain=1.20141 2.19029 3.87133 0.893972 0.997712 0.79994 0.766089 0.713052 0.497391 0.532551 0.483924 1.70644 0.764273 0.745732
threshold=0.26785714924335485 0.35416667163372045 0.35000000894069677 2.5000000000000004 0.76388895511627208 0.30952382087707525 0.26785714924335485 0.36666667461395269 0.84523808956146251 0.77500000596046459 0.34910714626312261 1.7749999761581423 0.44444443285465246 -0.63333335518836964
decision_type=2 2 2 2 2 2 2 2 2 2 2 2 2 2
left_child=10 2 -2 4 5 -3 -4 8 -5 -10 -1 13 -13 -12
right_child=1 3 6 7 -6 -7 -8 -9 9 -11 11 12 -14 -15
leaf_value=4.9157311239646005e-05 0.0026980244311289071 -0.0062206619421126333 -0.099305768643314474 0.036351228127852152 0.064073576857738665 0.032084769944804317 -0.042639355775995508 -0.079052919293131699 -0.0013138320705086571 -0.065309885576771295 0.045526409226962557 -0.0013686423057504397 -0.071668114450313458 0.0077382391939247773
leaf_weight=596.55546295804106 2.7638393916295199 6.6214436754671588 1.8632888965948953 0.39370566362776971 0.69366589456331063 1.7161962230456991 0.87725043317186635 0.53573920391499985 0.7928764282405607 0.55099357104336377 1.3752447467995867 0.64715421635628334 0.96034612696894328 25.782116246649821
leaf_count=9617 170 224 31 14 22 105 36 5 73 22 52 32 61 597
internal_value=2.22281e-11 -0.0131912 -0.0390569 -0.000596875 0.0064575 0.00166402 -0.0811668 -0.0286221 -0.013073 -0.0275525 0.000354588 0.00668893 -0.0433667 0.00965183
internal_weight=642.129 16.809 5.50438 11.3046 9.03131 8.33764 2.74054 2.27331 1.73758 1.34387 625.32 28.7649 1.6075 27.1574
internal_count=11061 702 237 465 351 329 67 114 109 95 10359 742 93 649
is_linear=0
shrinkage=0.05


Tree=252
num_leaves=15
num_cat=0
split_feature=17 17 18 28 42 18 23 26 42 13 18 18 28 14
split_gain=1.04294 1.92732 3.46411 0.811244 0.717979 0.6672 0.470613 0.669143 0.89252 0.520493 0.487582 0.454019 1.46425 1.30365
threshold=0.26785714924335485 0.35416667163372045 0.35000000894069677 0.26785714924335485 3.5000000000000004 0.94444444775581371 0.90454545617103588 0.29166667163372045 2.5000000000000004 1.7005987167358401 0.20750001072883609 0.34910714626312261 1.7749999761581423 -1.0000000180025095e-35
decision_type=2 2 2 2 2 2 2 2 2 2 2 2 2 2
left_child=11 2 -2 -4 5 6 7 9 -9 -3 -11 -1 13 -13
right_child=1 4 3 -5 -6 -7 -8 8 -10 10 -12 12 -14 -15
leaf_value=3.2411603602235338e-05 0.0024801247865526704 -0.030414229031775337 -0.095782066228893098 -0.036263920212353383 -0.047115853084561884 0.050399834516031083 -0.028559265732207118 0.046062099457361047 -0.018592534255894209 -0.037998843903124364 0.010272266473500312 0.069030532424496679 -0.04111241738949014 0.007148684314424069
leaf_weight=596.30951277562326 2.7648066814163057 1.5217332998799902 1.8460667985491457 0.82990037034323894 0.76718798219371898 0.69311927410308349 1.2850208515301353 1.6984650200465696 0.77840358391404141 0.60781665133254126 3.7548325069365092 0.87956989672966912 1.5304968760319742 26.283843758028524
leaf_count=9617 170 67 31 36 40 25 18 109 11 55 140 27 93 622
internal_value=-5.88346e-12 -0.0123897 -0.0367702 -0.0773236 -0.00044645 0.00301644 -0.000388224 0.00394132 0.0257431 -0.00523556 0.003547 0.000328025 0.0064714 0.00915246
internal_weight=641.551 16.5474 5.44077 2.67597 11.1066 10.3394 9.64627 8.36125 2.47687 5.88438 4.36265 625.003 28.6939 27.1634
internal_count=11061 702 237 67 465 425 400 382 120 262 195 10359 742 649
is_linear=0
shrinkage=0.05


Tree=253
num_leaves=15
num_cat=0
split_feature=17 17 18 28 21 42 18 26 18 18 26 18 14 28
split_gain=0.577977 1.11118 2.50133 0.756451 0.639235 1.54454 1.08609 0.859453 0.777555 0.634504 0.587698 0.46647 1.69933 1.17083
threshold=0.26785714924335485 0.35416667163372045 0.35000000894069677 0.26785714924335485 0.77500000596046459 1.0000000180025095e-35 0.59166669845581066 0.29166667163372045 0.3736111074686051 0.23904763162136081 0.095454547554254546 0.34910714626312261 -1.0000000180025095e-35 1.7749999761581423
decision_type=2 2 2 2 2 2 2 2 2 2 2 2 2 2
left_child=11 2 -2 -4 7 10 8 9 -7 -3 -6 -1 -13 -14
right_child=1 4 3 -5 5 6 -8 -9 -10 -11 -12 12 13 -15
leaf_value=-6.0672977513993128e-05 0.002240869042515962 -0.040230189206649898 -0.092631560940367619 -0.031254620614063748 -0.0089202683249512745 -0.051624737660560041 -0.077495802406568282 0.047208505729345818 0.020535793776672362 0.0086782400198153996 0.042437292286498104 0.069725251971321719 0.0065756068993601292 -0.038990649461737865
leaf_weight=595.74615339548382 2.7655677129441747 0.79261428016616076 1.3438930279371564 0.80134904968872422 1.125832166959299 0.68688143762119602 1.1164410739729644 1.2483016423648221 0.81774770111951511 4.0596916933136526 1.1025645663030443 1.0236839972203622 26.212268442752251 1.489897126379218
leaf_count=9617 170 59 31 36 28 32 29 100 27 159 31 27 622 93
internal_value=3.53659e-11 -0.00942573 -0.0291878 -0.0697044 -0.000563004 -0.0141128 -0.0401311 0.0102079 -0.0124064 0.000689148 0.0164904 0.000239403 0.00646269 0.00412493
internal_weight=640.333 15.8609 4.91081 2.14524 10.9501 4.84947 2.62107 6.10061 1.50463 4.85231 2.2284 624.472 28.7258 27.7022
internal_count=11061 702 237 67 465 147 88 318 59 218 59 10359 742 715
is_linear=0
shrinkage=0.05


Tree=254
num_leaves=15
num_cat=0
split_feature=17 23 17 18 42 26 18 18 14 28 18 16 4 4
split_gain=0.48897 0.901667 0.547121 1.33303 0.700338 0.930268 0.757228 0.538458 2.2572 1.00947 0.774844 0.68128 1.70877 1.62463
threshold=0.26785714924335485 0.90454545617103588 0.35416667163372045 0.35000000894069677 2.5000000000000004 0.29166667163372045 0.74166667461395275 0.34910714626312261 -1.0000000180025095e-35 1.7749999761581423 0.44444443285465246 1.0000000180025095e-35 0.19090909510850909 0.34848485887050634
decision_type=2 2 2 2 2 2 2 2 2 2 2 2 2 2
left_child=7 2 3 -2 5 6 -4 11 -9 -10 -11 13 -13 -1
right_child=1 -3 4 -5 -6 -7 -8 8 9 10 -12 12 -14 -15
leaf_value=0.00015403462414061131 0.0020378357059440597 -0.041730676303775478 -0.0055839436274518865 -0.055320491691318079 -0.023473021348480325 0.043772717082588876 0.056288628095682164 0.072127254182064435 0.0061400224714843674 0.0052523710830878192 -0.06870330469206401 0.080153005287032369 0.0064991610813026034 -0.014329781749019816
leaf_weight=564.04039454801205 2.7659457719964822 1.8300873637199409 5.1597209614556032 1.5982725981702968 2.0312465548413456 1.5731511538615448 0.54692139587132249 1.2676522718393268 26.127121662415451 0.62277361852466018 0.82116324352682568 0.8499879467417476 10.705771174947584 20.049234778411119
leaf_count=8442 170 22 196 66 114 112 22 27 622 32 61 21 489 665
internal_value=2.66925e-11 -0.00877091 -0.00436008 -0.018968 0.00248688 0.00973035 0.000345889 0.000217773 0.00689031 0.00389087 -0.036806 -0.000105284 0.0119168 -0.000343131
internal_weight=639.989 15.5053 13.6753 4.36422 9.31104 7.27979 5.70664 624.484 28.8387 27.5711 1.44394 595.645 11.5558 584.09
internal_count=11061 702 680 236 444 330 218 10359 742 715 93 9617 510 9107
is_linear=0
shrinkage=0.05


Tree=255
num_leaves=15
num_cat=0
split_feature=14 18 18 36 25 30 28 28 30 42 21 34 28 27
split_gain=1.24096 3.84412 1.62677 1.10649 1.23595 0.959941 0.813272 0.675347 0.537193 1.00637 4.83213 2.38526 1.66853 1.52769
threshold=-1.0000000180025095e-35 0.3736111074686051 0.19682539999485019 1.0000000180025095e-35 0.44505494832992559 1.7005987167358401 -0.81666666269302357 -1.6333333253860471 0.89587974548339855 1.5000000000000002 0.81666666269302379 1.0000000180025095e-35 0.64583334326744091 1.7181100845336916
decision_type=2 2 2 2 2 2 2 2 2 2 2 2 2 2
left_child=1 2 3 4 -1 -6 7 -2 -8 -10 -11 12 -12 -14
right_child=6 -3 -4 -5 5 -7 8 -9 9 10 11 -13 13 -15
leaf_value=-0.054058545072837298 0.028541271205181986 0.078620188697976767 -0.068846102964928518 0.055137574845748119 -0.022995999279053103 0.079243961024743612 -0.00073310201708323599 -0.047318657736313205 0.00017644222861159834 0.00045942500366972323 -0.05608733212742463 0.087889996234545492 0.058015809147123211 -0.037453165239575703
leaf_weight=0.8862841462723734 0.36249256044538913 2.0179537754156627 0.83405728737125162 0.93258202692959447 0.45397079478425439 0.46448925133881858 535.46481448544364 1.538976746962361 71.64615588227025 21.285504133889848 0.54870932448829934 2.5691961698466912 2.17038249259349 0.51929505335829151
leaf_count=185 35 30 57 27 52 21 5891 171 2371 1965 93 11 75 77
internal_value=-7.73027e-11 0.0234568 -0.00771243 0.0109149 -0.0119367 0.0287094 -0.00020611 -0.0328569 -0.000108217 0.00328055 0.0114892 0.0519146 0.0233732 0.0395836
internal_weight=641.695 5.58934 3.57138 2.73733 1.80474 0.91846 636.106 1.90147 634.204 98.7392 27.0931 5.80758 3.23839 2.68968
internal_count=11061 372 342 285 258 73 10689 206 10483 4592 2221 256 245 152
is_linear=0
shrinkage=0.05


Tree=256
num_leaves=15
num_cat=0
split_feature=18 35 2 42 21 29 24 24 20 15 41 23 19 42
split_gain=0.90864 3.85875 2.27301 1.0631 1.14423 0.614312 2.77518 1.69626 1.04147 1.66019 1.21556 1.37497 1.14746 1.0045
threshold=0.71944448351860057 1.0000000180025095e-35 1.0000000180025095e-35 1.0000000180025095e-35 0.92857143282890331 1.7005987167358401 0.63333335518836986 0.44505494832992559 0.15476191043853763 0.13392857462167743 1.0000000180025095e-35 0.15476191043853763 0.13392857462167743 1.5000000000000002
decision_type=2 2 2 2 2 2 2 2 2 2 2 2 2 2
left_child=5 2 -2 -4 -5 -1 7 8 9 -7 11 -10 -11 -8
right_child=1 -3 3 4 -6 6 13 -9 10 12 -12 -13 -14 -15
leaf_value=5.1519854300421975e-05 0.076480840529336694 -0.054076325168799066 0.049856985423253904 0.02658933086141272 -0.068406845189065923 -0.061340504116399165 -0.031582965378243545 0.047933437345431006 -0.042806521953215299 -0.055928157532829606 -0.053351227667286644 0.014802804341672133 0.0405631944142218 -0.10046315362815975
leaf_weight=620.34939422257958 2.3232278068317092 1.3512987690046427 0.79238592134788666 0.59627053791518825 0.67676201186986873 0.61555580938511267 1.158281414131124 1.5366568905701559 1.6262357330706434 0.35002616227120631 1.9572181365219874 2.8524037966253672 2.5726999446624177 0.97470756185794005
leaf_count=9954 34 24 23 30 29 220 33 109 64 140 156 108 117 20
internal_value=-1.13689e-11 0.0198041 0.0425525 0.00438906 -0.023912 -0.000179299 -0.0106741 -0.000966967 -0.00850076 0.0132895 -0.0204806 -0.00611568 0.0290074 -0.063059
internal_weight=639.733 5.73995 4.38865 2.06542 1.27303 633.993 13.6438 11.5108 9.97414 3.53828 6.43586 4.47864 2.92273 2.13299
internal_count=11061 140 116 82 59 10921 967 914 805 477 328 172 257 53
is_linear=0
shrinkage=0.05


Tree=257
num_leaves=15
num_cat=0
split_feature=18 35 2 42 4 4 23 19 4 41 18 18 35 15
split_gain=2.09929 4.19479 2.67963 0.909944 0.52718 2.46005 1.48957 1.25014 1.32562 1.63237 1.12866 3.0222 1.35673 3.12394
threshold=0.71944448351860057 1.0000000180025095e-35 1.0000000180025095e-35 1.5000000000000002 0.53571429848670971 0.63333335518836986 0.43650794029235845 0.38750000298023229 0.6904762089252473 1.0000000180025095e-35 0.3304761946201325 0.29999999701976782 1.0000000180025095e-35 0.30952382087707525
decision_type=2 2 2 2 2 2 2 2 2 2 2 2 2 2
left_child=4 2 -2 -4 10 6 -6 8 9 -7 11 -1 -12 -14
right_child=1 -3 3 -5 5 7 -8 -9 -10 -11 12 -13 13 -15
leaf_value=-0.00024050733736780583 0.080095369628168989 -0.050469235486886421 0.031793685926374604 -0.038187917058870875 -0.007538992718353954 -0.014771085214520231 -0.086614579714980031 0.012215116406918738 -0.002988571471241883 -0.086159675264624092 0.016311893661138253 -0.067658957298246822 -0.048209022838455566 0.022927709463180158
leaf_weight=577.3038495405699 2.9604324004612854 1.3144143539248032 1.1996661410812519 0.75798794182992413 1.000602886735581 2.5983326745708881 1.4711682834749806 9.3530599626719759 12.799873702799232 1.157463963958435 20.425400205305781 1.6670859258447297 2.9033977414655956 3.2945529852877371
leaf_count=9280 34 24 44 38 51 91 13 283 534 48 451 54 49 67
internal_value=1.25357e-11 0.0288769 0.050083 0.00469737 -0.000283884 -0.00694419 -0.0546038 -0.00239732 -0.0106526 -0.0367717 2.8244e-05 -0.000434632 0.0100943 -0.0103959
internal_weight=640.207 6.2325 4.91809 1.95765 633.975 28.3805 2.47177 25.9087 16.5557 3.7558 605.594 578.971 26.6234 6.19795
internal_count=11061 140 116 82 10921 1020 64 956 673 139 9901 9334 567 116
is_linear=0
shrinkage=0.05


Tree=258
num_leaves=15
num_cat=0
split_feature=17 23 18 35 16 24 17 4 29 24 24 26 34 16
split_gain=0.65408 1.58491 0.765394 3.93316 0.473128 1.91325 1.15622 1.52387 0.910918 1.17647 2.60332 0.97174 0.786082 0.824109
threshold=0.26785714924335485 0.90454545617103588 0.71944448351860057 1.0000000180025095e-35 0.70833334326744091 0.30952382087707525 0.15476191043853763 0.19090909510850909 1.7005987167358401 0.63333335518836986 0.44505494832992559 0.15476191043853763 1.0000000180025095e-35 0.30952382087707525
decision_type=2 2 2 2 2 2 2 2 2 2 2 2 2 2
left_child=2 -2 4 -4 6 -6 8 -8 -1 10 11 -10 -9 -14
right_child=1 -3 3 -5 5 -7 7 12 9 -11 -12 -13 13 -15
leaf_value=0.00027605802050728221 -0.0036192175002091767 -0.049338954281328319 0.061388745704877713 -0.047347997973799336 0.0098670245287089467 -0.055598010636016187 0.096516166232174155 0.023109930287359647 -0.051321202859805841 -0.05434261910712386 0.059575263418718244 -0.0080984554329237343 0.026434103581527337 -0.072223685820069924
leaf_weight=599.32050741649437 13.25938638944899 2.2117551146075121 2.3615373251996052 1.2836817482020708 2.8571903374686363 1.8314930388587525 0.62711133062839408 3.9369643285463098 1.7857738624552419 1.6083655141501365 1.2239911894321265 4.7839319767808774 0.37273992618429463 0.48984245332394494
leaf_count=9139 680 22 56 23 97 39 2 186 532 39 80 110 12 44
internal_value=7.49464e-11 -0.0101553 0.000252399 0.0230966 0.000117837 -0.0157049 0.000238635 0.0232158 3.37978e-05 -0.0154087 -0.00737403 -0.0198472 0.0136383 -0.0295916
internal_weight=637.954 15.4711 622.483 3.64522 618.838 4.68868 614.149 5.42666 608.723 9.40206 7.7937 6.56971 4.79955 0.862582
internal_count=11061 702 10359 79 10280 136 10144 244 9900 761 722 642 242 56
is_linear=0
shrinkage=0.05


Tree=259
num_leaves=15
num_cat=0
split_feature=25 21 26 29 15 42 4 4 42 29 42 18 18 38
split_gain=0.547805 1.46789 3.56807 3.81904 1.3568 3.3765 1.83614 2.82569 3.24874 2.34054 1.92652 1.18683 1.94859 2.16288
threshold=0.63333335518836986 0.58571431040763866 0.41666667163372045 1.7005987167358401 0.26785714924335485 1.0000000180025095e-35 0.13392857462167743 0.46428571641445165 1.5000000000000002 0.89587974548339855 1.0000000180025095e-35 0.49166667461395269 0.13210979104042056 1.0000000180025095e-35
decision_type=2 2 2 2 2 2 2 2 2 2 2 2 2 2
left_child=-1 2 3 -2 5 -3 -6 9 -9 -8 -11 12 13 -7
right_child=1 4 -4 -5 6 11 7 8 -10 10 -12 -13 -14 -15
leaf_value=0.00068539789432910992 0.0036461440719313038 -0.0028006760182505068 -0.086984163693100081 -0.08438218291709354 -0.065912825030155386 0.053180479957714605 0.052072594956705777 0.0050488651652707325 -0.08787546674936364 -0.073579771728770699 0.023906170984403244 0.062846525824039476 -0.018332818591993594 -0.0091437880334281196
leaf_weight=523.17390257739407 8.839263844980449 81.717109864053782 1.6920528986956913 1.4316699954542844 1.7108368068002153 4.4575969593188329 2.3657030450412986 1.9077301045181232 1.8553260854969265 0.93993115564808283 1.0997555883950552 1.8929470180300985 2.4884362377342768 2.0241915136575699
leaf_count=9928 466 281 55 31 8 71 25 39 26 19 24 20 57 11
internal_value=7.39127e-11 -0.00313384 -0.0197075 -0.00862416 -0.00119874 0.000680818 -0.0188124 -0.00894741 -0.0407663 0.0182321 -0.0210174 0.02687 0.019278 0.0337173
internal_weight=637.596 114.423 11.963 10.2709 102.46 92.5803 9.87928 8.16845 3.76306 4.40539 2.03969 10.8632 8.97022 6.48179
internal_count=11061 1133 552 497 581 440 141 133 65 68 43 159 139 82
is_linear=0
shrinkage=0.05


Tree=260
num_leaves=15
num_cat=0
split_feature=17 23 19 21 42 35 26 14 42 42 18 14 27 27
split_gain=0.842944 2.12206 0.662297 2.35044 1.25644 1.07673 1.00965 0.997868 0.912713 0.902016 0.727052 0.719704 1.95696 1.82986
threshold=0.26785714924335485 0.90454545617103588 0.70833334326744091 0.64583334326744091 2.5000000000000004 1.0000000180025095e-35 0.22500000149011615 1.5000000000000002 3.5000000000000004 2.5000000000000004 0.098015878349542632 2.5000000000000004 1.3901408314704897 2.0590610504150395
decision_type=2 2 2 2 2 2 2 2 2 2 2 2 2 2
left_child=2 -2 11 5 7 8 -7 -5 -4 -8 -10 -1 -13 -14
right_child=1 -3 3 4 -6 6 9 -9 10 -11 -12 12 13 -15
leaf_value=0.00023931524096497807 -0.0033369393145551646 -0.053039917732879797 0.022018659025573394 0.030708896650779072 0.072044273823710328 -0.064424590925066971 -0.023464306597686519 -0.061025072561597282 -0.093982272422999974 0.027088310010674063 0.022387538311001074 -0.039178143077255138 0.033047751952968614 -0.038013459467510974
leaf_weight=600.90407434390545 13.218516723814899 2.5640548747032872 4.3239752013832895 2.1470474864472631 1.8977453489787874 0.9722201486583798 2.8445595782250166 0.34393985988572229 0.32638589454290912 1.2792291254736481 0.22797405343226274 4.086233629845081 2.7568966738890595 1.3493191037596259
leaf_count=8954 680 22 274 165 104 24 59 11 26 18 23 48 253 400
internal_value=4.26759e-11 -0.0114117 0.000288883 0.0109012 0.0413938 -0.00251555 -0.0185887 0.0180428 0.0142748 -0.00778252 -0.0461265 3.86333e-05 -0.0146811 0.00969675
internal_weight=639.242 15.7826 623.46 14.3631 4.38873 9.97434 5.09601 2.49099 4.87834 4.12379 0.55436 609.097 8.19245 4.10622
internal_count=11061 702 10359 704 280 424 101 176 323 77 49 9655 701 653
is_linear=0
shrinkage=0.05


Tree=261
num_leaves=15
num_cat=0
split_feature=15 21 20 18 18 18 14 18 27 25 42 4 18 18
split_gain=0.397772 1.20692 2.876 2.41242 2.15947 2.64753 1.92648 1.58543 1.29115 1.66919 1.5205 1.66301 2.29702 1.31357
threshold=0.35416667163372045 0.30952382087707525 0.41428571939468389 0.18257576227188113 0.3304761946201325 0.27303031086921697 -1.0000000180025095e-35 0.19444445520639422 1.0495360493659975 0.30952382087707525 1.0000000180025095e-35 0.23611111193895343 0.3304761946201325 0.18105159699916842
decision_type=2 2 2 2 2 2 2 2 2 2 2 2 2 2
left_child=-1 3 -3 -2 5 7 -6 -5 13 10 11 -10 -13 -4
right_child=1 2 8 4 6 -7 -8 -9 9 -11 -12 12 -14 -15
leaf_value=-0.00043958736623216359 0.032396000490422759 -0.029389151691666587 -0.019965628820102804 -0.073562613522580103 0.080633295968445109 -0.062006663752423169 0.010898333598401084 0.0054810103457119484 -0.023429832963506605 0.042041933049675351 -0.029850891275260551 0.054015980658449141 -0.0069889470663149107 0.0067681323293647721
leaf_weight=567.18511029860838 9.2913426758095756 7.7342515797372462 7.8388044303283122 0.68932432752626649 1.1479445040458829 2.222029174983617 7.2155151552069547 7.9598664808072499 2.1072439534909773 4.2101957091363138 2.4343797604669808 3.6017245899856789 2.6995750442147255 11.103317603003232
leaf_count=9409 227 361 64 28 10 72 307 210 15 88 56 39 34 141
internal_value=3.84833e-11 0.00354887 -0.00186951 0.0114752 0.00136933 -0.0133252 0.02047 -0.000818619 0.00439148 0.0153222 0.00494726 0.0150218 0.0278805 -0.00429508
internal_weight=637.441 70.2555 41.7295 28.526 19.2347 10.8712 8.36346 8.64919 33.9952 15.0531 10.8429 8.40854 6.3013 18.9421
internal_count=11061 1652 798 854 627 310 317 238 437 232 144 88 73 205
is_linear=0
shrinkage=0.05


Tree=262
num_leaves=15
num_cat=0
split_feature=18 41 34 15 28 24 22 28 26 28 16 18 23 15
split_gain=0.41416 1.51716 2.8657 2.45996 2.27612 1.87826 1.91605 1.80616 1.73797 1.82986 1.6545 1.64133 1.91151 1.36216
threshold=0.16964285820722583 1.0000000180025095e-35 1.0000000180025095e-35 0.6904762089252473 1.5857142806053164 0.18333333730697635 0.76388889551162731 -0.77500000596046437 0.41666667163372045 0.64583334326744091 0.63333335518836986 0.44444443285465246 0.63333335518836986 0.30952382087707525
decision_type=2 2 2 2 2 2 2 2 2 2 2 2 2 2
left_child=13 2 5 4 -3 7 10 -2 9 11 -7 12 -9 -1
right_child=1 3 -4 -5 -6 6 -8 8 -10 -11 -12 -13 -14 -15
leaf_value=-2.1286380189938555e-05 -0.074413490889181255 -0.014012143348011081 0.086314826903944569 0.0086821791711981094 -0.061270324038688477 0.038729415403094339 -0.0097216641732081419 -0.050962262715157886 0.037595474832593664 0.019976954046536446 -0.025043186664803374 0.025552773581922535 0.032605037810378254 0.011544256567874972
leaf_weight=507.3750164807916 0.58027475068229506 24.148097933990361 0.98738412884995241 11.42227324831765 2.8484387578137094 3.9620294382184502 36.700079489690324 3.2276399726688423 6.0392016825499004 8.8640147257610789 1.3682699026248881 1.6711319899768566 0.86840951288468193 26.803703386362031
leaf_count=7720 25 635 7 142 64 124 1009 85 321 307 48 24 12 538
internal_value=-1.06305e-10 -0.00290814 0.00179081 -0.0107687 -0.0189984 0.000471967 -0.00565316 0.0125865 0.0150288 0.00571414 0.0223592 -0.0162074 -0.033245 0.000559043
internal_weight=636.866 102.687 64.2684 38.4188 26.9965 63.2811 42.0304 21.2507 20.6704 14.6312 5.3303 5.76718 4.09605 534.179
internal_count=11061 2803 1962 841 699 1955 1181 774 749 428 172 121 97 8258
is_linear=0
shrinkage=0.05


Tree=263
num_leaves=15
num_cat=0
split_feature=28 18 18 26 14 15 25 28 16 19 35 12 42 18
split_gain=0.385532 1.04745 0.780108 0.718912 0.390135 1.18351 0.764211 0.550227 0.707142 0.372333 1.5264 0.92409 0.822634 1.16101
threshold=-1.8166666626930235 0.18333334475755694 0.18257576227188113 0.18333333730697635 -1.0000000180025095e-35 0.22500000149011615 0.44505494832992559 -0.81666666269302357 0.46428571641445165 0.70833334326744091 1.0000000180025095e-35 1.0000000180025095e-35 2.5000000000000004 0.39583335816860205
decision_type=2 2 2 2 2 2 2 2 2 2 2 2 2 2
left_child=1 2 3 -1 5 6 -2 8 -6 -9 -11 -12 13 -13
right_child=4 -3 -4 -5 7 -7 -8 9 -10 10 11 12 -14 -15
leaf_value=-0.054713193875873284 -0.05419479139336441 -0.073337001744191721 0.10281592943279193 0.030602208972835832 -0.04355141519201447 0.045084850828863626 0.029291293447362272 -0.00012465776478680745 0.04975716738273675 0.023369872685776685 -0.053666070759336208 -0.034326223148860073 0.03091899196586427 0.023874901144292988
leaf_weight=0.48949169840852735 0.68476189023567646 0.65887200405995816 0.17516346147749573 0.4982772724761162 1.3441071519628156 1.6942712478194151 0.45707849974860437 614.73799136074194 0.23918273361050513 7.5053410036853148 1.0199241507216354 2.4328349009156232 1.413827014621347 1.3227491090074179
leaf_count=111 136 36 2 32 159 40 39 9776 23 579 28 53 23 24
internal_value=4.47401e-11 -0.0229681 0.00556896 -0.0116761 6.61188e-05 0.018569 -0.0207753 -1.71749e-05 -0.0294556 5.6993e-05 0.00821108 -0.0101708 -0.00158924 -0.0138273
internal_weight=634.674 1.8218 1.16293 0.987769 632.852 2.83611 1.14184 630.016 1.58329 628.433 13.6947 6.18934 5.16941 3.75558
internal_count=11061 181 145 143 10880 215 175 10665 182 10483 707 128 100 77
is_linear=0
shrinkage=0.05


Tree=264
num_leaves=15
num_cat=0
split_feature=28 18 18 27 25 21 13 21 39 30 24 18 13 18
split_gain=0.556844 1.24262 0.765483 0.666145 0.401292 0.854578 1.89068 1.66043 1.00098 0.947461 1.26868 0.931255 1.8319 1.01525
threshold=-1.8166666626930235 0.18333334475755694 0.18257576227188113 1.0789818167686465 0.4083333313465119 0.22500000149011615 0.89587974548339855 0.18333333730697635 1.0000000180025095e-35 0.89587974548339855 0.89444443583488475 0.11736111342906953 1.2424533367156985 0.11180555447936059
decision_type=2 2 2 2 2 2 2 2 2 2 2 2 2 2
left_child=1 2 3 -1 -2 6 -6 8 9 -8 -11 12 -10 -14
right_child=4 -3 -4 -5 5 -7 7 -9 11 10 -12 -13 13 -15
leaf_value=0.047139000380314752 0.00075241176456374915 -0.077818657576166961 0.10938834291638705 -0.04102242852255808 -0.085424239952480385 -0.001017238692514259 0.043586768512039548 -0.0812551416586694 -0.097192547256670481 -0.061137051234197951 0.018467031456683883 -0.030765243562275793 0.0048482345392045559 0.083312610647638119
leaf_weight=0.32656217215116956 492.16432230830014 0.73548204587132193 0.15423899865709245 0.6230867971025873 0.87404673756100137 127.06427333470128 1.7110835455823652 0.75385573523817662 0.38802420924184877 0.71104464053860295 1.6904824489611201 4.2993371657230455 2.3515345308151159 0.49989681410079345
leaf_count=23 8730 36 2 120 40 1259 44 7 17 112 93 284 288 6
internal_value=1.17534e-11 -0.0274708 0.00607419 -0.0107058 7.98868e-05 -0.00227856 -0.0143476 -0.00933973 -0.00468674 0.0151552 -0.00510216 -0.0155111 0.00473396 0.0186042
internal_weight=634.347 1.83937 1.10389 0.949649 632.508 140.344 13.2793 12.4053 11.6514 4.11261 2.40153 7.53879 3.23946 2.85143
internal_count=11061 181 145 143 10880 2150 891 851 844 249 205 595 311 294
is_linear=0
shrinkage=0.05


Tree=265
num_leaves=15
num_cat=0
split_feature=28 28 13 36 21 28 13 14 24 17 23 16 4 42
split_gain=1.8028 0.788314 0.494026 0.877959 1.94799 0.707333 0.517452 0.761905 0.592938 0.48562 1.02107 0.593287 0.946756 1.04328
threshold=-2.5833333730697627 -3.2499999999999996 2.3502402305603032 1.0000000180025095e-35 0.58571431040763866 -0.41428571939468378 2.2499048709869389 1.0000000180025095e-35 0.77500000596046459 0.26785714924335485 0.90454545617103588 0.22500000149011615 0.19090909510850909 3.5000000000000004
decision_type=2 2 2 2 2 2 2 2 2 2 2 2 2 2
left_child=1 -1 6 5 -5 -4 9 -8 -9 11 -11 -2 -13 -14
right_child=2 -3 3 4 -6 -7 7 8 -10 10 -12 12 13 -15
leaf_value=-0.093903873097013674 -4.2733831572555111e-05 -0.0074814065560786583 -0.040066020245061215 0.095643437919475396 -0.055062832640787873 0.0073813642660488198 -0.05900968062777321 -0.00048613498457212738 -0.07391500092740344 -0.0036230237314810298 -0.042849436677258206 0.066412034404735754 0.0024455715537870216 0.051020353688075809
leaf_weight=0.73107305823577917 584.85145825860309 0.41289417780353577 0.82042416937839036 0.74665886889852007 0.30080074168654392 18.446033017539776 0.87529394158445839 3.1829619151030788 0.30091745357822208 10.687908934294679 1.9637918509542949 0.72545680776238342 10.508995234809843 1.2353413561122568
leaf_count=16 7847 47 255 16 61 1470 105 249 21 511 20 14 398 31
internal_value=-2.00872e-11 -0.0627113 0.000113039 0.00778461 0.0523649 0.00536091 -0.000140634 -0.0173061 -0.0068285 -1.7961e-05 -0.00971173 0.00018736 0.0109791 0.00755497
internal_weight=635.79 1.14397 634.646 20.3139 1.04746 19.2665 614.332 4.35917 3.48388 609.973 12.6517 597.321 12.4698 11.7443
internal_count=11061 63 10998 1802 77 1725 9196 375 270 8821 531 8290 443 429
is_linear=0
shrinkage=0.05


Tree=266
num_leaves=15
num_cat=0
split_feature=19 35 12 42 18 18 42 26 18 15 15 18 4 38
split_gain=0.340767 1.51121 0.76625 0.751988 1.00375 2.01804 0.721652 0.623645 0.536927 1.23358 0.7452 1.36952 0.77379 0.850079
threshold=0.70833334326744091 1.0000000180025095e-35 1.0000000180025095e-35 2.5000000000000004 0.39583335816860205 0.24999999254941943 3.5000000000000004 0.29166667163372045 0.59166669845581066 0.44505494832992559 0.89444443583488475 0.19682539999485019 0.11805555596947671 1.0000000180025095e-35
decision_type=2 2 2 2 2 2 2 2 2 2 2 2 2 2
left_child=-1 6 -3 4 5 -4 8 -8 10 -10 12 -12 13 -2
right_child=1 2 3 -5 -6 -7 7 -9 9 -11 11 -13 -14 -15
leaf_value=-0.00017169341381565936 0.031679658731269482 -0.051228742680443841 0.0084469414073961285 0.029132285681170728 0.021426984373796649 -0.081108284617461113 -0.049974623057535084 0.051735697655118151 -0.13345245515148146 0.055943504693996796 -0.094479061253739477 0.027539821030024326 0.058188322089614102 -0.05178369338698724
leaf_weight=620.59900873154402 2.052464761494774 0.97174491119221773 1.3753144349902875 1.3574410020373759 1.3072018027305601 1.1593061797320841 0.56486310690706876 0.20555668172892183 0.16118874150561158 0.18424613494426012 0.30946936202235498 0.895074131723959 2.7172499903317657 0.3583388365805148
leaf_count=10354 222 28 27 23 24 26 49 32 35 10 12 57 139 23
internal_value=3.43653e-11 0.00782357 -0.0104746 -0.00285759 -0.0141607 -0.0325146 0.0229835 -0.0228372 0.0282697 -0.0324335 0.0315809 -0.00380907 0.0398938 0.0192738
internal_weight=634.218 13.6195 6.17101 5.19926 3.84182 2.53462 7.44845 0.77042 6.67803 0.345435 6.3326 1.20454 5.12805 2.4108
internal_count=11061 707 128 100 77 53 579 81 498 45 453 69 384 245
is_linear=0
shrinkage=0.05


Tree=267
num_leaves=15
num_cat=0
split_feature=19 35 27 13 29 12 13 4 4 18 1 38 26 42
split_gain=0.560029 2.05481 0.836072 2.1207 1.5537 1.25305 0.716479 0.70383 0.893037 0.672946 1.00886 0.819931 0.540522 2.88671
threshold=0.77500000596046459 1.0000000180025095e-35 1.3594033122062685 1.2424533367156985 0.89587974548339855 1.0000000180025095e-35 0.89587974548339855 0.37980769574642187 0.13392857462167743 0.59166669845581066 1.0000000180025095e-35 1.0000000180025095e-35 0.75000000000000011 1.5000000000000002
decision_type=2 2 2 2 2 2 2 2 2 2 2 2 2 2
left_child=12 2 3 5 -4 -2 7 8 -3 11 -11 -7 -1 -14
right_child=1 6 4 -5 -6 9 -8 -9 -10 10 -12 -13 13 -15
leaf_value=0.00052852684922511154 -0.10683003598272658 0.026504391085921109 0.032651039944282555 0.084683425610398697 -0.052828898498711856 0.040619789738017199 -0.026300692579991226 0.046866766356478441 -0.04624736029296711 -0.12857251772645814 0.055364359290335501 -0.040100326581535992 -0.0015402595302342046 -0.038907697131843284
leaf_weight=494.58199497115811 0.19471277936827247 0.84737518616020702 1.5169226753932892 1.6903367531631373 0.81838875918765541 2.6214543641544887 3.5066253997210879 0.81530661322176445 0.83991951309144497 0.1688381218118592 0.13348495122045279 0.35749944136477996 121.70449695317075 5.3976162986364207
leaf_count=9794 12 23 39 33 42 351 58 21 22 35 10 42 532 47
internal_value=7.81975e-11 0.0100708 0.0275228 0.0387455 0.00269537 0.0164063 -0.0117154 0.00872128 -0.00971075 0.0237193 -0.0473587 0.0309327 -0.000218866 -0.00312713
internal_weight=635.195 13.5109 7.50164 5.16633 2.33531 3.47599 6.00923 2.5026 1.68729 3.28128 0.302323 2.97895 621.684 127.102
internal_count=11061 688 564 483 81 450 124 66 45 438 45 393 10373 579
is_linear=0
shrinkage=0.05


Tree=268
num_leaves=15
num_cat=0
split_feature=4 4 23 42 15 24 20 41 23 19 42 13 21 4
split_gain=0.271545 1.79068 1.15121 1.03786 1.00487 2.62794 2.15779 2.53631 1.95777 1.29632 1.85852 1.4062 1.18599 1.5408
threshold=0.53571429848670971 0.63333335518836986 0.43650794029235845 2.5000000000000004 0.26785714924335485 0.18333333730697635 0.22500000149011615 1.0000000180025095e-35 0.6904762089252473 0.55000001192092907 1.0000000180025095e-35 1.7005987167358401 0.30952382087707525 0.73214286565780651
decision_type=2 2 2 2 2 2 2 2 2 2 2 2 2 2
left_child=-1 2 3 -2 5 6 7 -3 -7 10 -6 -12 -11 -14
right_child=1 4 -4 -5 9 8 -8 -9 -10 12 11 -13 13 -15
leaf_value=0.0002385988918398894 -0.062765284657530104 0.0072000938122956356 -0.077705890571596284 0.040292630849831139 0.01213260387611801 0.029701424203205724 0.0052799819839239748 -0.13228605989921102 -0.041416710887550702 0.067110633676916345 -0.041119000246607772 -0.0026790895503804647 0.06440428412398394 -0.051655413881220302
leaf_weight=603.61697258472213 0.44514949315634966 0.53527779175783796 1.3112906026144626 0.54142902042076457 4.475177344967963 8.81747968845775 1.8301088559383059 0.83315050607779995 1.0869936122326169 0.98882788419723455 6.2847060349704389 3.8284518860818935 0.46635166708438169 0.73935401223207009
leaf_count=9901 31 75 13 20 106 332 44 27 20 27 159 254 15 37
internal_value=5.30226e-11 -0.004475 -0.0470085 -0.00620765 -0.00120468 0.00917154 -0.0302317 -0.0777243 0.0218964 -0.00930578 -0.0146954 -0.0265671 0.0265224 -0.00676499
internal_weight=635.801 32.1837 2.29787 0.986579 29.8859 13.103 3.19854 1.36843 9.90447 16.7829 14.5883 10.1132 2.19453 1.20571
internal_count=11061 1160 64 51 1096 498 146 102 352 598 519 413 79 52
is_linear=0
shrinkage=0.05


Tree=269
num_leaves=15
num_cat=0
split_feature=4 4 41 24 15 24 5 24 9 24 15 6 42 23
split_gain=0.361549 1.57452 1.11973 2.06026 1.55112 1.63624 3.76703 1.83646 1.79891 1.51871 1.43646 2.54056 1.50899 0.986402
threshold=0.53571429848670971 0.63333335518836986 1.0000000180025095e-35 0.30952382087707525 0.26785714924335485 0.6904762089252473 1.0000000180025095e-35 0.63333335518836986 1.0000000180025095e-35 0.18333333730697635 0.18333333730697635 1.0000000180025095e-35 1.5000000000000002 0.43650794029235845
decision_type=2 2 2 2 2 2 2 2 2 2 2 2 2 2
left_child=-1 13 4 10 5 6 7 -3 -8 -6 11 -4 -12 -2
right_child=1 2 3 -5 9 -7 8 -9 -10 -11 12 -13 -14 -15
leaf_value=0.00027408101503556038 -0.0063503226861746868 -0.019935692133256744 -0.12974211737611846 0.011949044932045986 0.019204898394986614 0.077509784633192788 -0.00024977616783908454 -0.13719412465891231 0.060525162296905168 -0.020140223422487169 -0.039527678612633579 -0.00085040445369593805 0.024797228163388911 -0.073301418738751692
leaf_weight=603.34163079177506 0.94350995399509274 1.9388526215916519 0.91144357813755206 3.95521146068495 3.6168604552985908 1.106846645940095 2.0143658419256099 0.40338570871972468 3.0782467187382281 7.6195627376891935 2.9683781600324437 0.65854870068142191 1.3159184280957559 1.3195671158755429
leaf_count=9901 51 104 21 153 155 22 131 16 52 287 85 28 42 13
internal_value=6.46909e-11 -0.00519186 -0.00211733 -0.0159288 0.00473285 0.0207927 0.0123491 -0.0401302 0.0364858 -0.00747553 -0.0347633 -0.0756772 -0.0197703 -0.0453885
internal_weight=635.192 31.8507 29.5876 9.8095 19.7781 8.5417 7.43485 2.34224 5.09261 11.2364 5.85429 1.56999 4.2843 2.26308
internal_count=11061 1160 1096 329 767 325 303 120 183 442 176 49 127 64
is_linear=0
shrinkage=0.05


Tree=270
num_leaves=15
num_cat=0
split_feature=4 4 41 24 15 18 18 26 7 15 24 5 24 9
split_gain=0.593566 1.48787 1.16377 2.0713 1.6694 1.56021 1.7507 1.39289 1.71715 1.11019 1.52117 3.40454 1.91601 1.54545
threshold=0.53571429848670971 0.63333335518836986 1.0000000180025095e-35 0.30952382087707525 0.18333333730697635 0.31666667759418493 0.69374999403953563 0.41666667163372045 1.0000000180025095e-35 0.26785714924335485 0.6904762089252473 1.0000000180025095e-35 0.63333335518836986 1.0000000180025095e-35
decision_type=2 2 2 2 2 2 2 2 2 2 2 2 2 2
left_child=-1 -2 9 4 -4 -6 7 8 -7 10 11 12 -3 -13
right_child=1 2 3 -5 5 6 -8 -9 -10 -11 -12 13 -14 -15
leaf_value=0.00035084893462003323 -0.044795829755505515 -0.018254904127714629 -0.077013497487032387 0.010739255827844844 -0.082359871272544183 0.03408835259434792 -0.065034070744852554 0.055107855367382642 -0.076226781454820064 -0.0067125599157727804 0.074737434624404922 -4.2145095168936781e-05 -0.13393234517294123 0.057234648990446349
leaf_weight=603.31001515687603 2.3671041029083453 1.9249317117355551 1.7470845979696621 3.9536064687126782 0.79532131933956396 0.74834265866957206 0.89973682304844249 1.2123887138441203 0.6673262944095768 11.163568191035663 1.0170681603485716 2.016366049178032 0.43973974423715834 2.831523280357942
leaf_count=9901 64 104 49 153 38 20 12 12 45 442 22 131 16 52
internal_value=4.9649e-11 -0.00665964 -0.00359092 -0.0174238 -0.0357668 -0.0190979 -0.00483582 0.0157735 -0.0179126 0.0035589 0.0174922 0.00941988 -0.0397665 0.0334117
internal_weight=635.094 31.7841 29.417 10.0238 6.0702 4.32312 3.52779 2.62806 1.41567 19.3932 8.22963 7.21256 2.36467 4.84789
internal_count=11061 1160 1096 329 176 127 89 77 65 767 325 303 120 183
is_linear=0
shrinkage=0.05


Tree=271
num_leaves=15
num_cat=0
split_feature=4 4 41 24 15 13 20 1 18 25 18 18 20 18
split_gain=0.947256 1.90241 1.26685 2.41654 1.63552 1.33719 1.28196 1.42296 1.10533 1.03374 1.13536 0.844017 1.15267 0.858818
threshold=0.53571429848670971 0.57738095521926891 1.0000000180025095e-35 0.30952382087707525 0.6904762089252473 1.8688347935676577 0.43650794029235845 1.0000000180025095e-35 0.24999999254941943 0.26785714924335485 0.71944448351860057 0.56458333134651195 0.43650794029235845 0.49166667461395269
decision_type=2 2 2 2 2 2 2 2 2 2 2 2 2 2
left_child=-1 -2 8 4 5 6 7 -4 -3 -10 -11 12 13 -5
right_child=1 2 3 11 -6 -7 -8 -9 9 10 -12 -13 -14 -15
leaf_value=0.0004436403756878326 -0.09450811084265387 0.060210609847086587 -0.12055634325158252 -0.0026049328675340835 0.021031505356866313 0.0015969876142094314 -0.022693144809310471 -0.051250194118717153 0.012102503773843426 -0.017897984376909606 0.023620868620878428 -0.029039231500750613 -0.01242796523569898 0.073661887228812326
leaf_weight=603.40663521700026 0.62881941552041354 0.7465677276213708 1.291826828732157 0.53934782982105423 0.92858685133978713 0.99359789877780702 1.381138010881841 1.7356879354920238 8.0515345147841817 10.005827313835651 1.9709182603655779 1.0805917950347064 1.3340791773516683 1.1695332485251126
leaf_count=9901 5 48 19 63 19 82 30 30 327 376 63 39 43 16
internal_value=4.55193e-11 -0.00840276 -0.00666897 -0.0208652 -0.0402661 -0.0508025 -0.062612 -0.0808228 0.000474886 -0.0017518 -0.0110656 0.00892086 0.0224009 0.049591
internal_weight=635.265 31.8581 31.2292 10.4544 6.33084 5.40225 4.40865 3.02751 20.7748 20.0283 11.9767 4.12355 3.04296 1.70888
internal_count=11061 1160 1155 341 180 161 79 49 814 766 439 161 122 79
is_linear=0
shrinkage=0.05


Tree=272
num_leaves=15
num_cat=0
split_feature=4 4 41 24 1 18 18 26 28 18 25 18 16 19
split_gain=1.57536 2.24544 1.89731 2.78528 1.81737 1.85982 1.77115 1.26629 1.64971 1.012 0.862332 0.933882 0.803045 1.54816
threshold=0.53571429848670971 0.57738095521926891 1.0000000180025095e-35 0.30952382087707525 1.0000000180025095e-35 0.31666667759418493 0.69374999403953563 0.41666667163372045 0.84523808956146251 0.24999999254941943 0.26785714924335485 0.71944448351860057 0.35416667163372045 0.15476191043853763
decision_type=2 2 2 2 2 2 2 2 2 2 2 2 2 2
left_child=-1 -2 9 4 -4 -6 7 8 -7 -3 -11 12 -12 -14
right_child=1 2 3 -5 5 6 -8 -9 -10 10 11 -13 13 -15
leaf_value=0.00057686875124460073 -0.091350731762590204 0.058177481736638753 -0.080239128655042055 0.0078773523528109877 -0.084151363634453483 -0.076375573908817995 -0.065981763661577028 0.051884189387573526 0.032875158997361945 0.010881175820825883 -0.026299141409224985 0.021334375870486363 -0.042438955529270822 0.029457752772266567
leaf_weight=604.1236696762644 0.8411936018965197 0.72881960220911679 2.3581482754962071 3.9840473914227914 1.0637146200169807 0.65762735755561219 0.97540374100208271 1.157059413846582 0.72812097994028591 8.0229859427599894 6.7594554126590065 1.9526524943757966 1.1619480019980986 2.10554843398495
leaf_count=9901 5 48 45 161 44 55 12 12 12 327 205 63 86 85
internal_value=6.74605e-11 -0.0107242 -0.00858164 -0.0254446 -0.0445736 -0.0262179 -0.00870196 0.0132702 -0.0189714 0.000304081 -0.00180461 -0.0103005 -0.0164611 0.00389071
internal_weight=636.62 32.4967 31.6555 10.9241 6.94007 4.58193 3.51821 2.54281 1.38575 20.7314 20.0026 11.9796 10.027 3.2675
internal_count=11061 1160 1155 341 180 135 91 79 67 814 766 439 376 171
is_linear=0
shrinkage=0.05


Tree=273
num_leaves=15
num_cat=0
split_feature=4 41 24 20 15 4 8 19 18 6 24 6 18 9
split_gain=2.46576 3.10138 4.11295 3.07277 2.1405 1.07313 1.03124 1.02299 1.01261 0.933636 0.960721 0.901911 0.897637 0.78365
threshold=0.53571429848670971 1.0000000180025095e-35 0.18333333730697635 0.43650794029235845 0.38750000298023229 0.63333335518836986 1.0000000180025095e-35 0.41428571939468389 0.56458333134651195 1.0000000180025095e-35 0.52272728085517894 1.0000000180025095e-35 0.56458333134651195 1.0000000180025095e-35
decision_type=2 2 2 2 2 2 2 2 2 2 2 2 2 2
left_child=-1 5 3 4 -3 -2 -7 13 -9 12 -11 -10 -4 -8
right_child=1 2 9 -5 -6 6 7 8 11 10 -12 -13 -14 -15
leaf_value=0.00072865483950914473 -0.03563516600313494 -0.096224668791510398 0.053616504094826357 -0.0027634174942150437 -0.02584172178303993 0.058045995994037383 -0.024096774854203688 0.032022709538528586 0.022321176593131119 -0.033779887747951702 0.030001617678921046 -0.065418962823352356 -0.017435957856225526 0.0013401438802104553
leaf_weight=605.0030353529537 2.0947330720118797 3.8680120226053969 1.2765917372526017 1.9129213322921712 1.4988282783815519 0.78873133948218566 4.6454449647862939 3.7115564925188655 0.58919251767110814 2.0904671510070334 0.82277494645677496 0.58241384429857135 0.68197564056026738 8.6953771234257147
leaf_count=9901 52 44 74 36 33 35 321 158 61 114 16 12 24 180
internal_value=5.95805e-11 -0.0132547 -0.0333778 -0.0571745 -0.0765684 -0.00166984 0.00207231 -0.000350227 0.0192303 0.00218078 -0.0157663 -0.0212951 0.0288759 -0.00751732
internal_weight=638.262 33.259 12.1516 7.27976 5.36684 21.1074 19.0127 18.224 4.88316 4.87181 2.91324 1.17161 1.95857 13.3408
internal_count=11061 1160 341 113 77 819 767 732 231 228 130 73 98 501
is_linear=0
shrinkage=0.05


Tree=274
num_leaves=15
num_cat=0
split_feature=4 41 24 20 1 18 20 15 18 18 42 39 23 20
split_gain=2.63073 3.42688 3.97475 2.99839 2.51189 1.06354 0.92817 1.12739 2.24272 1.30171 1.12175 0.851364 0.841529 2.80973
threshold=0.53571429848670971 1.0000000180025095e-35 0.18333333730697635 0.43650794029235845 1.0000000180025095e-35 0.24999999254941943 0.43650794029235845 0.38750000298023229 0.49166667461395269 0.42638888955116278 1.0000000180025095e-35 1.0000000180025095e-35 0.18333333730697635 0.18333333730697635
decision_type=2 2 2 2 2 2 2 2 2 2 2 2 2 2
left_child=-1 5 3 4 -3 -2 12 8 -8 -9 11 -11 13 -7
right_child=1 2 -4 -5 -6 6 7 9 -10 10 -12 -13 -14 -15
leaf_value=0.00075374320845150733 0.056792354637595327 -0.10319209112364458 0.001456665223965559 -0.0027110031027814947 -0.036232619602480462 0.0075122794935733221 -0.066459463470204871 0.048566931446455824 0.00092663933098950386 -0.024801299705574636 -0.058764681297464406 0.043578735106791895 0.024494515567685796 -0.086522667366539616
leaf_weight=605.17700345897811 0.75825969674406479 3.3116437830904015 4.7469174614016083 1.9215024389304742 2.4271179500283324 6.4596387943524878 2.3813079278843343 1.169493596069515 2.5644210838945583 0.93445813469588779 0.93903855350799847 0.88752701645717025 3.9750952105969191 0.90576284989947442
leaf_count=9901 49 27 228 36 50 508 37 20 40 15 27 29 81 13
internal_value=1.00234e-11 -0.0136644 -0.0344938 -0.0567716 -0.0748726 -0.00134337 -0.00352384 -0.0156334 -0.0315189 0.00435514 -0.0143718 0.00850804 0.00595438 -0.0040517
internal_weight=638.559 33.3822 12.4072 7.66026 5.73876 20.975 20.2167 8.87625 4.94573 3.93052 2.76102 1.82199 11.3405 7.3654
internal_count=11061 1160 341 113 77 819 770 168 77 91 71 44 602 521
is_linear=0
shrinkage=0.05


Tree=275
num_leaves=15
num_cat=0
split_feature=4 41 24 20 1 28 19 6 18 24 18 21 28 1
split_gain=2.0586 2.63719 3.24461 2.56973 2.25403 0.977377 0.81344 0.767188 0.8158 0.81531 0.755649 1.0363 1.02582 1.00081
threshold=0.53571429848670971 1.0000000180025095e-35 0.18333333730697635 0.43650794029235845 1.0000000180025095e-35 -0.73214286565780629 0.41428571939468389 1.0000000180025095e-35 0.56458333134651195 0.52272728085517894 0.64583334326744091 0.46428571641445165 1.9166666865348818 1.0000000180025095e-35
decision_type=2 2 2 2 2 2 2 2 2 2 2 2 2 2
left_child=-1 5 3 4 -3 -2 10 8 -4 -9 11 12 -7 -12
right_child=1 2 7 -5 -6 6 -8 9 -10 -11 13 -13 -14 -15
leaf_value=0.00066059483745081553 0.048187823500369376 -0.10108557981342581 0.050046502543550732 -0.0025162549550295991 -0.035818085550267657 0.019759467500126318 0.012594045556863082 -0.032447510150079233 -0.017317653163853194 0.026979858216678001 0.054261047793344265 -0.025266218766525322 -0.063537606833824631 -0.0079990382849815175
leaf_weight=604.71817396453389 0.94778052897891285 2.7736792566138302 1.2282325113919794 1.9252668615772561 2.5289522988750832 2.7250279065665413 5.4743726917849918 2.0182492036110493 0.70879699186480127 0.8082975301076657 0.96563896196312193 8.2045765489401656 0.42761712230276305 1.9467232746574155
leaf_count=9901 21 27 74 36 50 173 247 114 24 16 28 224 52 74
internal_value=3.41107e-11 -0.0122226 -0.0308795 -0.0519938 -0.0699579 -0.00141035 -0.00379124 0.00115767 0.0253966 -0.0154533 -0.0100773 -0.0159038 0.00846125 0.0126443
internal_weight=637.401 32.6832 11.9915 7.2279 5.30263 20.6917 19.744 4.76358 1.93703 2.82655 14.2696 11.3572 3.15265 2.91236
internal_count=11061 1160 341 113 77 819 798 228 98 130 551 449 225 102
is_linear=0
shrinkage=0.05


Tree=276
num_leaves=15
num_cat=0
split_feature=4 41 24 42 1 42 18 25 16 27 42 28 24 30
split_gain=1.93316 2.36566 2.8184 2.0903 2.34636 2.39493 0.992629 0.870062 0.85654 1.23867 1.38996 0.839442 0.794231 0.766461
threshold=0.53571429848670971 1.0000000180025095e-35 0.30952382087707525 1.0000000180025095e-35 1.0000000180025095e-35 1.5000000000000002 0.24999999254941943 0.26785714924335485 0.35416667163372045 1.4487110376358034 2.5000000000000004 0.43650794029235845 0.35416667163372045 1.2424533367156985
decision_type=2 2 2 2 2 2 2 2 2 2 2 2 2 2
left_child=-1 6 3 -3 -5 -6 12 -8 9 11 -11 -9 -2 -10
right_child=1 2 -4 4 5 -7 7 8 13 10 -12 -13 -14 -15
leaf_value=0.00063842268984138468 0.012094210515552518 0.010686902858496126 0.0053421040560603268 -0.096878764313829774 -0.060325585335733491 0.022007636934448717 0.0093655039425674224 -0.01506609838010615 0.01733374198021332 -0.037979071612260745 0.066519607627037042 -0.050897741677675815 0.1157436112482698 -0.033997444415931277
leaf_weight=604.52832688143462 0.45538913610653509 1.3224062442750417 3.8599992751405807 2.4613173543475568 2.9104623012390221 1.2680730793945256 7.6754711806688674 3.7951213129563239 3.3065318751541781 0.54772221139864974 0.7594282738923539 2.8711332741368096 0.311071735835867 0.93226013641833549
leaf_count=9901 34 43 161 31 61 45 328 51 125 68 53 52 15 93
internal_value=5.08915e-11 -0.0118839 -0.0297206 -0.0467185 -0.0581515 -0.0353397 -0.00167425 -0.0038261 -0.0121171 -0.021772 0.0227326 -0.0304987 0.0541608 0.0060442
internal_weight=637.005 32.4764 11.8223 7.96226 6.63985 4.17854 20.6541 19.8877 12.2122 7.97341 1.30715 6.66625 0.766461 4.23879
internal_count=11061 1160 341 180 137 106 819 770 442 224 121 103 49 218
is_linear=0
shrinkage=0.05


Tree=277
num_leaves=15
num_cat=0
split_feature=4 28 16 26 19 28 35 15 24 21 19 27 18 18
split_gain=2.05092 2.57223 2.16908 1.22892 1.9832 2.20088 1.01598 1.65785 0.979335 0.973577 0.95388 1.07575 0.744831 0.734437
threshold=0.53571429848670971 1.8166666626930239 0.18333333730697635 0.29166667163372045 0.63333335518836986 0.84523808956146251 1.0000000180025095e-35 0.22500000149011615 0.6904762089252473 0.46428571641445165 1.0000000180025095e-35 1.3594033122062685 0.42083334922790533 0.3304761946201325
decision_type=2 2 2 2 2 2 2 2 2 2 2 2 2 2
left_child=13 3 -3 6 5 9 7 8 10 -5 11 -2 -11 -1
right_child=1 2 -4 4 -6 -7 -8 -9 -10 12 -12 -13 -14 -15
leaf_value=0.00029481552879406867 0.064496346239449984 -0.086220259791897541 0.00054444982255400821 0.031590033301251146 0.029073904494742786 -0.050001304757305201 -0.026423553336008543 -0.0018891822836398715 0.10998672339191309 -0.036836554719518404 0.053724979980882694 -0.05721889604020966 -0.0067447473430623604 0.0089731355643691505
leaf_weight=579.15568323381194 0.28309409599023716 2.017080529220038 1.1204526141818858 1.2721079303883076 2.2168653552653259 4.7571174155455074 1.9928227544733097 5.9593930152077519 0.47535768576199178 2.7966189077123982 1.5850144848227499 0.50602998586691683 7.7688559738453478 25.450745374771941
leaf_count=9334 9 81 92 29 95 67 140 351 5 37 50 87 117 567
internal_value=5.58033e-11 -0.0121865 -0.0552355 -0.00762543 -0.0153438 -0.0212775 0.00581631 0.0131099 0.0444787 -0.00973432 0.0313625 -0.0135542 -0.0147099 0.000660127
internal_weight=637.357 32.7508 3.13753 29.6133 18.8116 16.5947 10.8017 8.80889 2.8495 11.8376 2.37414 0.789124 10.5655 604.606
internal_count=11061 1160 173 987 345 250 642 502 151 183 146 96 154 9901
is_linear=0
shrinkage=0.05


Tree=278
num_leaves=15
num_cat=0
split_feature=4 22 16 13 34 13 27 21 19 9 18 4 42 26
split_gain=1.36904 1.28619 1.15529 1.6943 1.74262 1.32878 1.21573 1.80952 1.53848 1.55903 1.07104 1.06089 1.45481 1.02267
threshold=0.53571429848670971 0.58571431040763866 0.22500000149011615 2.1383330821990971 1.0000000180025095e-35 2.2499048709869389 1.4742324352264407 0.30952382087707525 0.55000001192092907 1.0000000180025095e-35 0.31339286267757421 0.63333335518836986 1.5000000000000002 0.41666667163372045
decision_type=2 2 2 2 2 2 2 2 2 2 2 2 2 2
left_child=-1 10 3 4 6 -5 8 -8 9 -3 -2 -11 -13 -12
right_child=1 2 -4 5 -6 -7 7 -9 -10 11 13 12 -14 -15
leaf_value=0.00053474279893251687 0.089108654400253451 -0.044922605892410546 0.0016496280450994849 -0.088581535872956016 -0.055040291426704163 -0.0031345242709677444 -0.042227208129774541 0.062724650770860133 0.026785355219095724 -0.046269401025853946 -0.026418601348508576 -0.012375391079684118 0.042302851898778422 0.060263737119759436
leaf_weight=603.66392246688338 0.53861401239555462 4.2181594659705421 9.6211752748904456 1.4495200436940643 2.3137398269027463 0.66313655935618943 0.60440727213426626 1.2814490132841454 2.0170392011495997 1.4296620606728536 0.89608438189316053 4.8583129358012229 1.622876016423106 0.54856404033489525
leaf_count=9901 17 76 531 30 32 125 56 49 62 13 40 83 25 21
internal_value=8.86706e-12 -0.0100679 -0.0126394 -0.0193592 -0.0144763 -0.0617608 -0.00862208 0.0290881 -0.0136494 -0.0203736 0.0289323 -0.00728377 0.00131593 0.00649654
internal_weight=635.727 32.0627 30.0795 20.4583 18.3456 2.11266 16.0319 1.88586 14.146 12.129 1.98326 7.91085 6.48119 1.44465
internal_count=11061 1160 1082 551 396 155 364 105 259 197 78 121 108 61
is_linear=0
shrinkage=0.05


Tree=279
num_leaves=15
num_cat=0
split_feature=4 27 42 28 1 20 34 4 24 18 8 28 7 42
split_gain=1.05384 1.92731 1.73556 2.54613 1.53163 3.2772 1.56387 1.17288 1.14119 0.959227 1.10259 0.87426 1.0637 1.05348
threshold=0.53571429848670971 1.4742324352264407 2.5000000000000004 1.5857142806053164 1.0000000180025095e-35 0.18333333730697635 1.0000000180025095e-35 0.63333335518836986 0.63333335518836986 0.2640079557895661 1.0000000180025095e-35 0.64583334326744091 1.0000000180025095e-35 2.5000000000000004
decision_type=2 2 2 2 2 2 2 2 2 2 2 2 2 2
left_child=-1 4 9 -4 5 6 11 -7 -9 10 -3 -2 -13 -14
right_child=1 2 3 -5 -6 7 -8 8 -10 -11 -12 12 13 -15
leaf_value=0.00047469130643221073 -0.081281030155053557 0.11288912793966205 0.082609595182352683 -0.030786610012684342 -0.0047339630645897249 -0.047987820085823349 -0.10678896194128965 0.019356493037579248 -0.034977616786369355 -0.014865438066913983 -0.0093448463551358014 -0.058753348028116742 0.060967091236339956 -0.040826310133462718
leaf_weight=603.23687838005299 0.98727857477206304 0.34633289312478055 1.6915357453835898 0.6998186857690597 15.453027647707131 1.3205127218789128 1.3618835094384847 3.6626039260299876 1.3127709589898584 3.4844023103578365 0.39479237166960957 1.0823481956031173 0.53304636580287479 0.48582991538569331
leaf_count=9901 11 10 40 130 399 10 4 91 15 319 49 29 26 27
internal_value=2.18929e-11 -0.00872592 0.0153853 0.0494247 -0.0148154 -0.0293125 -0.0621539 -0.00609778 0.00502024 -0.00387862 0.0477759 -0.042472 -0.0242373 0.012429
internal_weight=636.053 32.8162 6.61688 2.39135 26.1993 10.7463 4.45039 6.29589 4.97537 4.22553 0.741125 3.0885 2.10122 1.01888
internal_count=11061 1160 548 170 612 213 97 116 106 378 59 93 82 53
is_linear=0
shrinkage=0.05


Tree=280
num_leaves=15
num_cat=0
split_feature=4 22 18 26 16 13 13 27 7 28 34 19 21 19
split_gain=0.624915 1.12773 1.15224 0.842206 0.71302 0.963229 1.14004 1.08185 1.56561 0.968902 1.34277 1.72728 0.861849 0.830124
threshold=0.53571429848670971 0.58571431040763866 0.27303031086921697 0.41666667163372045 0.35416667163372045 2.1383330821990971 2.2499048709869389 1.4742324352264407 1.0000000180025095e-35 -1.0000000180025095e-35 1.0000000180025095e-35 0.55000001192092907 0.73214286565780651 0.15476191043853763
decision_type=2 2 2 2 2 2 2 2 2 2 2 2 2 2
left_child=-1 2 -2 -4 5 7 -7 9 -9 12 11 -11 -3 -6
right_child=1 4 3 -5 13 6 -8 8 -10 10 -12 -13 -14 -15
leaf_value=0.00035552791953198225 0.097473810649209902 0.039347623515335259 -0.020299938682374313 0.059549792366777633 -0.015314720693042972 -0.081871122328822266 -0.0039350635146174207 -0.046575609434792956 0.050201500989938766 -0.022232156708146558 -0.059923408342098784 0.026101291085801531 -0.013548303184098741 0.020014362787846837
leaf_weight=602.73509432056289 0.4776012795628074 1.438362657092525 0.93515663944708627 0.51049358863383532 2.9211651996483843 1.0706803319299059 0.83530226923312501 0.57705567181255824 1.5152565602402319 11.05971677822526 1.8223974993452436 2.2193833174824258 1.6573893820932426 3.8595672971996464
leaf_count=9901 13 37 44 21 210 37 155 61 68 167 20 88 42 197
internal_value=5.54337e-11 -0.00693503 0.0301415 0.00789691 -0.00939592 -0.0137311 -0.0477154 -0.0105386 0.0235106 -0.0144536 -0.0196773 -0.014154 0.0110284 0.00479446
internal_weight=633.635 30.8995 1.92325 1.44565 28.9763 22.1955 1.90598 20.2896 2.09231 18.1972 15.1015 13.2791 3.09575 6.78073
internal_count=11061 1160 78 65 1082 675 192 483 129 354 275 255 79 407
is_linear=0
shrinkage=0.05


Tree=281
num_leaves=15
num_cat=0
split_feature=18 18 38 15 4 8 42 18 18 29 13 13 23 15
split_gain=0.36564 1.47806 2.10606 1.81764 2.16442 2.59983 2.09917 1.57419 2.37488 2.35427 2.28433 1.8055 1.55249 1.41971
threshold=0.16964285820722583 0.18521825224161151 1.0000000180025095e-35 0.84523808956146251 0.46428571641445165 1.0000000180025095e-35 2.5000000000000004 0.3304761946201325 0.28333334624767309 1.2424533367156985 1.4978661537170412 0.89587974548339855 0.63333335518836986 0.38750000298023229
decision_type=2 2 2 2 2 2 2 2 2 2 2 2 2 2
left_child=-1 13 3 4 6 -6 7 8 9 11 -11 -3 -4 -2
right_child=1 2 12 -5 5 -7 -8 -9 -10 10 -12 -13 -14 -15
leaf_value=0.00051727930346074204 0.00062739448880983352 -0.014198971142090726 0.0064056090538173426 0.0091996394398695391 0.045331611772131242 -0.0040985754631030257 0.02095108431117949 -0.0073138605712196464 -0.08060823591915775 0.04641690161313252 -0.036651639551134693 -0.064335880290753975 0.064393200533026052 -0.069391096328706658
leaf_weight=533.72308208779941 1.3186779926727461 3.2821512273512834 2.746221661927847 21.744667668477632 2.8352976317182756 43.054349825779354 2.798537971742916 7.7293863737431812 2.4097619719832428 1.8415466523729267 1.5031327394644902 3.9647385247662896 1.9911306651483753 1.6052567876176906
leaf_count=8258 68 39 120 436 72 1460 106 133 51 29 107 126 21 35
internal_value=5.65763e-12 -0.00279367 -0.00172596 -0.00341504 -0.00736644 -0.00104453 -0.0196962 -0.0251834 -0.035807 -0.0256139 0.00908506 -0.0416286 0.0307781 -0.0378132
internal_weight=632.548 98.8249 95.9009 91.1636 69.4189 45.8896 23.5293 20.7307 13.0013 10.5916 3.34468 7.24689 4.73735 2.92393
internal_count=11061 2803 2700 2559 2123 1532 591 485 352 301 136 165 141 103
is_linear=0
shrinkage=0.05


Tree=282
num_leaves=15
num_cat=0
split_feature=18 18 15 38 23 15 4 8 42 18 18 29 18 4
split_gain=0.46185 2.81814 1.89857 1.81794 1.54191 1.51973 1.85529 2.21925 1.71194 1.55701 1.36576 1.9071 2.44875 2.27691
threshold=0.16964285820722583 0.18521825224161151 0.38750000298023229 1.0000000180025095e-35 0.63333335518836986 0.84523808956146251 0.46428571641445165 1.0000000180025095e-35 2.5000000000000004 0.34910714626312261 0.3304761946201325 1.2424533367156985 0.24513889104127887 0.27922078967094427
decision_type=2 2 2 2 2 2 2 2 2 2 2 2 2 2
left_child=-1 2 -2 5 -5 6 8 9 10 -8 11 13 -13 -3
right_child=1 3 -4 4 -6 -7 7 -9 -10 -11 -12 12 -14 -15
leaf_value=0.00058112054805976475 0.00058669666588932062 -0.02936178331952027 -0.075150786257706007 0.0058093832609716345 0.065448979033575827 0.0084974592564414329 0.081490448728260487 -0.0036692029163713025 0.018629604778816988 0.0068381682773045451 -0.0066812276157729089 0.022638307467232777 -0.060104772829668966 -0.084884852752820983
leaf_weight=533.73010390203035 1.3184968035384366 5.924632574518915 2.2218060102313757 2.7414823123581291 1.7922643882047848 21.657120603762451 1.3290999957971501 43.082557548947989 2.7714701974055052 1.4720569111232178 7.7133887223608317 2.680665350831986 1.3417230350169118 2.6824601466360036
leaf_count=8258 68 124 35 120 21 436 35 1460 106 37 133 100 46 82
internal_value=6.62885e-11 -0.00314154 -0.0469443 -0.00151241 0.0293859 -0.00305766 -0.00668458 -0.000865307 -0.0182363 0.0422594 -0.0232588 -0.0333835 -0.00496179 -0.0466659
internal_weight=632.459 98.7292 3.5403 95.1889 4.53375 90.6552 68.9981 45.8837 23.1143 2.80116 20.3429 12.6295 4.02239 8.60709
internal_count=11061 2803 103 2700 141 2559 2123 1532 591 72 485 352 146 206
is_linear=0
shrinkage=0.05


Tree=283
num_leaves=15
num_cat=0
split_feature=15 18 4 38 41 25 19 15 28 42 4 27 27 21
split_gain=0.438992 1.1983 2.4372 3.13651 1.94041 2.2277 2.30353 1.63334 1.61986 2.13825 1.54301 1.55378 1.53278 1.4611
threshold=0.35416667163372045 0.048115082085132606 0.19090909510850909 1.0000000180025095e-35 1.0000000180025095e-35 0.22500000149011615 0.41428571939468389 0.30952382087707525 0.53571429848670971 3.5000000000000004 0.27922078967094427 1.0495360493659975 1.0789818167686465 0.46428571641445165
decision_type=2 2 2 2 2 2 2 2 2 2 2 2 2 2
left_child=1 -1 3 12 8 6 7 10 9 -4 11 -6 -3 -8
right_child=-2 2 4 -5 5 -7 13 -9 -10 -11 -12 -13 -14 -15
leaf_value=0.00050795586154652416 0.003824150183312839 0.012378414201117995 -0.0070582867110854366 -0.090194748134483971 -0.01435088756823137 0.0091013701507176217 -0.097335621365483543 0.014867802158597614 0.014092134694888368 0.07261048341648936 -0.010431043451059489 -0.068801566516352983 -0.044373211398943152 -0.028378023611245674
leaf_weight=480.14953084049557 67.069233000303029 2.5947594488970926 28.345609574740596 1.8564822906628249 2.3819238506257632 7.8322214947256716 1.5044593562197397 3.5930942380327897 18.906908184046188 0.86800324404612084 9.2182441512268252 2.911731659231009 2.1972906015707849 1.5695849101757631
leaf_count=6799 1652 27 699 22 13 376 19 58 876 14 264 86 133 23
internal_value=4.16474e-11 -0.000454813 -0.0059725 -0.0350193 -0.00346875 -0.0136824 -0.0221081 -0.0153134 0.00268894 -0.00469115 -0.0227862 -0.044301 -0.0136438 -0.0621264
internal_weight=630.999 563.93 83.7803 6.64853 77.1318 29.0113 21.179 18.105 48.1205 29.2136 14.5119 5.29366 4.79205 3.07404
internal_count=11061 9409 2610 182 2428 839 463 421 1589 713 363 99 160 42
is_linear=0
shrinkage=0.05


Tree=284
num_leaves=15
num_cat=0
split_feature=15 18 41 25 28 18 18 38 39 21 13 24 23 4
split_gain=0.367167 1.06913 2.60342 1.40341 1.38894 1.98601 1.9328 2.30755 1.44369 1.32943 1.58934 1.32551 2.57976 1.59567
threshold=0.35416667163372045 0.12277777865529062 1.0000000180025095e-35 0.30952382087707525 0.53571429848670971 0.16339285671710971 0.18944444507360461 1.0000000180025095e-35 1.0000000180025095e-35 0.35416667163372045 0.89587974548339855 0.63333335518836986 0.58571431040763866 0.63333335518836986
decision_type=2 2 2 2 2 2 2 2 2 2 2 2 2 2
left_child=1 -1 4 -4 5 -3 -7 9 -6 -8 -11 12 13 -12
right_child=-2 2 3 -5 8 6 7 -9 -10 10 11 -13 -14 -15
leaf_value=0.00039071954652136401 0.0034981847447652908 -0.056949427242043382 -0.026112392075726656 0.0023729921769697028 0.045655399762753998 0.036267459510466317 0.031897635434271494 0.033364941306106614 0.0057963257590638367 0.007157842292043754 -0.04523977601126318 -0.054608826683248991 0.042168468428214811 0.0021688089786967004
leaf_weight=494.14379087978523 67.017414775329598 1.7990418677454751 18.534617820921998 5.6396004400812663 2.690134458207468 2.8395756027966881 1.4499816377574521 2.9676564058463546 14.606795615478404 4.619563912041488 5.2004398124590789 3.2545598838551077 1.5151778361614558 2.6944882123643765
leaf_count=7359 1652 93 433 262 93 85 77 57 670 54 87 50 30 59
internal_value=9.95532e-11 -0.000417185 -0.00630439 -0.019467 0.000987446 -0.00624116 -0.00252393 -0.00759958 0.0119955 -0.0140887 -0.0179465 -0.0271036 -0.0175907 -0.0290595
internal_weight=628.973 561.955 67.8116 24.1742 43.6374 26.3405 24.5414 21.7019 17.2969 18.7342 17.2842 12.6647 9.41011 7.89493
internal_count=11061 9409 2050 695 1355 592 499 414 763 357 280 226 176 146
is_linear=0
shrinkage=0.05


Tree=285
num_leaves=15
num_cat=0
split_feature=25 20 42 19 26 4 27 28 42 4 29 15 27 18
split_gain=0.321808 0.998978 2.05861 1.94532 2.08916 1.19827 1.06738 1.02977 1.02281 1.29827 1.34064 1.21824 1.36921 1.36349
threshold=0.4083333313465119 0.22500000149011615 2.5000000000000004 0.22500000149011615 0.41666667163372045 0.57738095521926891 2.4384552240371709 -0.26785714924335474 1.5000000000000002 0.29285715520381933 1.2424533367156985 0.38750000298023229 1.0789818167686465 0.24999999254941943
decision_type=2 2 2 2 2 2 2 2 2 2 2 2 2 2
left_child=-1 3 8 4 6 -4 7 -2 11 -10 -11 13 -13 -3
right_child=1 2 5 -5 -6 -7 -8 -9 9 10 -12 12 -14 -15
leaf_value=0.00060772454954840941 0.016693889113985113 -0.0002971979774777427 0.058208333450744582 0.0029999343058049301 -0.076669120667217247 -0.0047711411251817213 0.031531094339415609 -0.031105603217337758 0.0049330880877843236 -0.071567249502823449 -0.0061040468464582213 0.0036702360806012638 0.045189717558279691 -0.022516514840548726
leaf_weight=487.39693260988497 1.349550219008959 93.023777162248734 2.3284137388691302 10.9173075689323 1.7638923969352607 1.1178549967880824 0.99914224808708318 6.8257276011781887 2.4875702592689768 1.8091000113636257 1.377678215736523 6.0818223361857218 2.9482596851885319 7.4580222389486144
leaf_count=8859 127 453 41 346 26 26 145 666 25 32 27 82 76 130
internal_value=6.57374e-11 -0.00210838 -0.000298679 -0.0119315 -0.0268342 0.0377799 -0.0172529 -0.023215 -0.00143796 -0.0221365 -0.0432668 -0.000365462 0.0172261 -0.00194637
internal_weight=627.885 140.488 118.632 21.8556 10.9383 3.44627 9.17442 8.17528 115.186 5.67435 3.18678 109.512 9.03008 100.482
internal_count=11061 2202 892 1310 964 67 938 793 825 84 59 741 158 583
is_linear=0
shrinkage=0.05


Tree=286
num_leaves=15
num_cat=0
split_feature=25 28 19 27 18 18 20 21 39 27 4 4 39 28
split_gain=0.386437 1.00613 2.02093 5.39173 2.17761 2.25018 1.41277 1.38565 1.34148 0.965504 0.864467 0.96322 1.03897 0.824321
threshold=0.4083333313465119 0.43650794029235845 0.22500000149011615 1.3176894187927248 0.17817460000514987 0.23779762536287311 0.13392857462167743 0.46428571641445165 1.0000000180025095e-35 2.4384552240371709 0.23611111193895343 0.15476191043853763 1.0000000180025095e-35 0.73214286565780651
decision_type=2 2 2 2 2 2 2 2 2 2 2 2 2 2
left_child=-1 -2 3 -3 10 -6 9 -7 -9 -5 11 12 -4 -12
right_child=1 2 4 6 5 7 -8 8 -10 -11 13 -13 -14 -15
leaf_value=0.00066580974624093521 -0.00018538756605221115 -0.086281335194415526 0.046372486992531929 -0.023738611242751704 -0.068218780429471729 0.025897536877619306 0.042911808150963612 -0.04896105520799017 0.0023666626012046298 0.029770728836237648 0.066800359779144031 -0.044470384334471612 -0.010515304500409547 0.019149515525291524
leaf_weight=487.70393552626729 112.29084450581649 2.8874896295856178 1.4303748155216471 5.4821093840482717 1.7428446386911653 2.432085409964202 1.2315169827779753 2.2440667737246258 2.9416933449538192 0.99620688506001887 1.3213308304548261 0.88111950986785803 1.8287698579260905 2.8986108817553031
leaf_count=8859 991 96 47 500 34 98 32 45 93 126 18 27 47 48
internal_value=3.86366e-11 -0.00230937 -0.0107316 -0.0280042 -0.000402405 -0.0169667 -0.00617824 -0.00524096 -0.0198447 -0.0155102 0.0181441 0.00191201 0.0144516 0.0340698
internal_weight=628.313 140.609 28.3182 10.5973 17.7209 9.36069 7.70983 7.61785 5.18576 6.47832 8.36021 4.14026 3.25914 4.21994
internal_count=11061 2202 1211 754 457 270 658 236 138 626 187 121 94 66
is_linear=0
shrinkage=0.05


Tree=287
num_leaves=15
num_cat=0
split_feature=25 28 26 5 18 18 4 28 20 26 18 22 29 24
split_gain=0.516952 1.3844 2.33337 2.88445 1.51994 2.1854 1.74641 1.81517 1.45196 1.08205 1.51212 0.969021 0.909092 1.66108
threshold=0.4083333313465119 0.43650794029235845 0.75000000000000011 1.0000000180025095e-35 0.18750000745058062 0.23779762536287311 0.23611111193895343 0.58571431040763866 0.30952382087707525 0.22500000149011615 0.1252551004290581 0.63333335518836986 1.4978661537170412 0.58571431040763866
decision_type=2 2 2 2 2 2 2 2 2 2 2 2 2 2
left_child=-1 -2 4 -4 6 8 11 -8 -6 10 -9 -3 -13 -14
right_child=1 2 3 -5 5 -7 7 9 -10 -11 -12 12 13 -15
leaf_value=0.00077023975276675793 -0.00018407173122042479 -0.061330638507223402 -0.10701475191287441 0.0034780247023944036 -0.022052054152450134 -0.010019975651657595 0.071946497955557007 0.030175399343322553 -0.097026879996123042 0.02490559005551168 -0.084184514008991421 0.0022119064326467743 0.030862113871376124 -0.10053624341927365
leaf_weight=488.13660870574631 112.67481963626869 0.86254439523600535 1.3764342069625846 1.0346419913694263 1.2265545831905904 10.05333268223694 1.5189548224880125 0.52519520058558578 1.3637010566890237 2.6781854999717325 0.64287761452214909 6.003664125000796 0.39537855034541258 0.61408830927393865
leaf_count=8859 991 145 3 56 66 387 27 49 12 29 44 339 41 13
internal_value=-3.49821e-12 -0.0026671 -0.0125547 -0.0596 -0.00817253 -0.0205715 0.00366714 0.0256677 -0.0615243 0.00739145 -0.0327654 -0.0113205 -0.00516978 -0.0490714
internal_weight=629.107 140.97 28.2956 2.41108 25.8845 12.6436 13.2409 5.36521 2.59026 3.84626 1.16807 7.87568 7.01313 1.00947
internal_count=11061 2202 1211 59 1152 465 687 149 78 122 93 538 393 54
is_linear=0
shrinkage=0.05


Tree=288
num_leaves=15
num_cat=0
split_feature=25 28 26 38 18 18 24 4 29 16 22 20 6 30
split_gain=0.883133 2.41846 3.74238 1.69029 1.44784 2.02257 3.25717 1.68542 0.964204 2.2635 1.03577 0.909054 0.855943 1.09751
threshold=0.4083333313465119 0.43650794029235845 0.75000000000000011 1.0000000180025095e-35 0.1718254089355469 0.23779762536287311 0.81666666269302379 0.23611111193895343 1.4978661537170412 0.22500000149011615 0.63333335518836986 0.30952382087707525 1.0000000180025095e-35 2.1383330821990971
decision_type=2 2 2 2 2 2 2 2 2 2 2 2 2 2
left_child=-1 -2 4 -4 7 6 11 8 10 -10 -3 -6 13 -12
right_child=1 2 3 -5 5 -7 -8 -9 9 -11 12 -13 -14 -15
leaf_value=0.0010079145042917546 -0.0001547718581730277 -0.060998431345379633 -0.025524777860822686 -0.098882570107057241 -0.033365622665992377 -0.0091850784708159047 0.039124655782261208 0.027490220917194004 -0.090202946673731646 0.077149792015350799 -0.023283222706512605 -0.092666373493406035 0.035599535771817174 0.033983259817064897
leaf_weight=489.44429072176581 113.06853326455166 0.70822082796622066 1.3790892357937983 1.8236165046691895 0.92249154191085825 10.063453874521654 0.7859503864601719 4.3642643632701947 0.91271311164564373 0.25949278473854065 3.187175015484172 2.1582584315910935 1.4988488098606465 1.1344551881138611
leaf_count=8859 991 109 57 2 62 387 25 133 89 1 246 14 24 62
internal_value=2.10581e-11 -0.00346756 -0.0162962 -0.0672946 -0.0100131 -0.0209948 -0.0517308 0.00266617 -0.0114021 -0.0531558 -0.00390541 -0.0749095 0.00304152 -0.00825041
internal_weight=631.711 142.267 29.198 3.20271 25.9953 13.9302 3.8667 12.0652 7.70091 1.17221 6.5287 3.08075 5.82048 4.32163
internal_count=11061 2202 1211 59 1152 488 101 664 531 90 441 76 332 308
is_linear=0
shrinkage=0.05


Tree=289
num_leaves=15
num_cat=0
split_feature=25 28 27 19 18 18 29 30 27 18 21 39 4 13
split_gain=1.0429 2.9729 1.81836 5.09076 2.74547 3.6347 1.80202 1.58512 0.960201 0.945274 0.915463 0.80946 0.921604 0.778625
threshold=0.4083333313465119 0.43650794029235845 1.3594033122062685 0.22500000149011615 0.19454365968704226 0.24999999254941943 1.4978661537170412 1.4978661537170412 2.4384552240371709 0.74166667461395275 0.46428571641445165 1.0000000180025095e-35 0.73214286565780651 1.2424533367156985
decision_type=2 2 2 2 2 2 2 2 2 2 2 2 2 2
left_child=-1 -2 3 -3 6 -6 13 -4 9 -9 -7 -12 -13 -5
right_child=1 2 7 4 5 10 -8 8 -10 -11 11 12 -14 -15
leaf_value=0.0010958607245159329 -8.1625489577919917e-05 -0.081047124257729752 0.021998298324715948 0.009911164955729768 -0.081025975649854795 0.022889911352870312 -0.05060798959662937 -0.036010776581155333 0.025331042313222141 0.035063981229929812 -0.044696037427020711 0.02683704246308179 -0.033830681414028244 0.053887651782032989
leaf_weight=490.29534425068323 113.51906527048322 3.5393076724212795 4.3751867136052152 4.6671932484023264 2.7474871752783638 1.4490472857141865 1.087293039774522 4.0842897651100429 1.0392098666670788 0.52832021062204138 2.1994194197177421 1.26751457573846 1.2368290894664822 1.2832854342996141
leaf_count=8859 991 99 250 82 18 64 11 427 142 12 26 16 30 34
internal_value=-4.99564e-11 -0.00375669 -0.0178966 -0.0268027 -0.0147569 -0.0332102 0.00858011 -0.000596639 -0.0180878 -0.02787 -0.0118585 -0.0225632 -0.00312514 0.0193952
internal_weight=633.319 143.023 29.5044 19.4774 15.9381 8.9003 7.03777 10.027 5.65182 4.61261 6.15281 4.70376 2.50434 5.95048
internal_count=11061 2202 1211 380 281 154 127 831 581 439 136 72 46 116
is_linear=0
shrinkage=0.05


Tree=290
num_leaves=15
num_cat=0
split_feature=25 28 27 19 18 18 30 18 42 23 14 27 18 6
split_gain=1.17266 3.37248 1.94344 6.11699 2.87256 2.01579 1.39756 1.11609 3.60535 0.896275 1.07454 0.759519 0.819419 0.746108
threshold=0.4083333313465119 0.43650794029235845 1.3594033122062685 0.30952382087707525 0.19682539999485019 0.24999999254941943 1.4978661537170412 0.051190476864576347 1.5000000000000002 0.43650794029235845 1.5000000000000002 2.4384552240371709 0.74166667461395275 1.0000000180025095e-35
decision_type=2 2 2 2 2 2 2 2 2 2 2 2 2 2
left_child=-1 -2 3 7 13 -6 -4 -3 -9 10 -7 12 -8 -5
right_child=1 2 6 4 5 9 11 8 -10 -11 -12 -13 -14 -15
leaf_value=0.0011625055873585386 -5.8312295854687246e-05 -0.095224945293665778 0.020312309391013795 0.0035087319680038014 -0.071317092057085724 0.023630606812520088 -0.034203158335221411 0.032188230955100157 -0.086221900677606989 -0.046349860799323586 -0.026016416439301089 0.019770543355386447 0.032614089371116699 0.040986635970728769
leaf_weight=491.27215363529876 114.04731834472932 2.6621947996463922 4.3541264855339232 3.918855399650055 2.1319159204140288 2.0356660420075059 3.9931054962453345 0.91492537787416983 2.1617518554303388 1.6329701906070111 2.3457787759180064 1.1024026337818211 0.5184199848154093 2.0086482469923794
leaf_count=8859 991 41 250 82 17 61 427 46 28 26 41 142 12 38
internal_value=8.28243e-11 -0.00397076 -0.0189537 -0.0280136 -0.0102727 -0.0295415 -0.000946179 -0.0715207 -0.0510097 -0.0147334 -0.00294988 -0.0174341 -0.0265252 0.0162088
internal_weight=635.1 143.828 29.7808 19.8127 14.0738 8.14633 9.96805 5.73887 3.07668 6.01442 4.38144 5.61393 4.51153 5.9275
internal_count=11061 2202 1211 380 265 145 831 115 74 128 102 581 439 120
is_linear=0
shrinkage=0.05


Tree=291
num_leaves=15
num_cat=0
split_feature=25 28 26 5 36 18 18 15 4 27 21 24 23 18
split_gain=0.84801 2.55621 2.21168 2.65502 1.66242 0.800305 2.45085 2.41226 1.99813 1.23239 1.12077 2.29494 0.940538 0.90272
threshold=0.4083333313465119 0.26785714924335485 0.75000000000000011 1.0000000180025095e-35 1.0000000180025095e-35 0.1718254089355469 0.23779762536287311 0.89444443583488475 0.23611111193895343 2.0590610504150395 0.46428571641445165 0.58571431040763866 0.13392857462167743 0.14206349104642871
decision_type=2 2 2 2 2 2 2 2 2 2 2 2 2 2
left_child=-1 -2 4 -4 5 8 7 -7 10 -8 13 -12 -10 -3
right_child=1 2 3 -5 -6 6 9 -9 12 -11 11 -13 -14 -15
leaf_value=0.00098793081235049821 5.8153956473524681e-05 0.0042864421069829474 -0.095649668968993518 0.0041630491312770529 -0.1028743175814443 -0.066199347135867906 0.0011848252163020566 0.025348500319836993 0.0073610148851712964 -0.058651541387177458 -0.0017448661667162245 -0.090612021852341754 0.055236707055289797 -0.09244049642716419
leaf_weight=491.18421507477524 113.40285917408164 4.544374329499087 1.7796441912651053 1.064925086684525 0.49364583223359559 3.6992472098900171 9.2321440236737509 0.89332730538444582 2.5169792911910918 0.94896925802095289 1.6897742269829907 1.2743861802009631 1.731619353406131 0.2547327207867055
leaf_count=8859 950 407 3 56 34 81 330 22 96 72 60 33 41 17
internal_value=-5.86993e-11 -0.00338095 -0.0163277 -0.0582827 -0.0119528 -0.0102771 -0.0180702 -0.0483919 -0.000692239 -0.00439245 -0.0157784 -0.0399517 0.0268739 -0.000847746
internal_weight=634.711 143.527 30.1238 2.84457 27.2792 26.7856 14.7737 4.59257 12.0119 10.1811 7.76327 2.96416 4.2486 4.79911
internal_count=11061 2202 1252 59 1193 1159 505 103 654 402 517 93 137 424
is_linear=0
shrinkage=0.05


Tree=292
num_leaves=15
num_cat=0
split_feature=25 36 28 28 19 27 20 24 42 12 24 39 22 27
split_gain=0.529023 2.66785 1.62721 0.999511 0.902441 4.00949 1.94657 0.91319 0.665901 2.21533 1.39736 1.16573 2.09593 2.54941
threshold=0.4083333313465119 1.0000000180025095e-35 -0.26785714924335474 0.26785714924335485 0.22500000149011615 1.3176894187927248 0.13392857462167743 0.89444443583488475 1.0000000180025095e-35 1.0000000180025095e-35 0.52272728085517894 1.0000000180025095e-35 0.45000000298023229 1.0495360493659975
decision_type=2 2 2 2 2 2 2 2 2 2 2 2 2 2
left_child=-1 3 -3 8 5 -5 7 -7 11 -10 -11 -2 -13 -14
right_child=1 2 -4 4 -6 6 -8 -9 9 10 -12 12 13 -15
leaf_value=0.0007801812314623866 0.0018369899565096174 -0.0010257616989638205 -0.095548356452469729 -0.069638530549122307 -0.0032047174176660499 -0.055883477175789023 0.049111801742181639 -0.005772603222820979 -0.05800436991742134 -0.021345757455372726 0.024000975045063544 0.026176194645772224 -0.0079870666620616513 -0.052160107576895244
leaf_weight=490.56284864603958 75.773974116076715 0.72151564905652787 1.2340919369817116 3.1021539770590625 17.323724801173739 1.1023466714359527 1.4837726261175701 5.1875725422887626 1.0813964553026352 2.0299629140645257 10.415212268591858 3.283273400047622 16.224230815656487 4.0897411806363371
leaf_count=8859 277 28 38 93 469 377 36 243 198 51 102 88 95 107
internal_value=-3.37954e-11 -0.00267543 -0.0606745 -0.00187156 -0.0102918 -0.0215806 -0.00240272 -0.0145548 0.000231649 0.0106397 0.0166044 -0.00118511 -0.0108895 -0.0168803
internal_weight=633.616 143.053 1.95561 141.097 28.1996 10.8758 7.77369 6.28992 112.898 13.5266 12.4452 99.3712 23.5972 20.314
internal_count=11061 2202 66 2136 1218 749 656 620 918 351 153 567 290 202
is_linear=0
shrinkage=0.05


Tree=293
num_leaves=15
num_cat=0
split_feature=25 36 28 28 3 42 42 18 4 28 20 42 30 30
split_gain=0.315515 1.04945 1.10608 0.6458 0.676115 1.28894 1.25087 1.13934 2.56663 1.93148 1.89423 1.4066 1.40702 1.37271
threshold=0.4083333313465119 1.0000000180025095e-35 -0.26785714924335474 0.26785714924335485 1.0000000180025095e-35 2.5000000000000004 2.5000000000000004 0.19454365968704226 0.23611111193895343 0.58571431040763866 0.63333335518836986 1.5000000000000002 1.4978661537170412 2.1383330821990971
decision_type=2 2 2 2 2 2 2 2 2 2 2 2 2 2
left_child=-1 3 -3 -2 6 -6 7 8 10 -10 13 12 -9 -5
right_child=1 2 -4 4 5 -7 -8 11 9 -11 -12 -13 -14 -15
leaf_value=0.00060140569998301454 4.1462348559823505e-05 -0.00087254227577255163 -0.088650002001875991 -0.027178237563630015 0.028562264956033021 -0.026976767556140438 0.009113142484856054 -0.00018243327809114665 0.071096406287190744 -0.0091447330034253784 -0.12616600063620617 -0.058928320966786268 -0.076717089171666294 0.031339291230023568
leaf_weight=489.59058328751053 112.56282106140407 0.72025087274960242 0.7153220119580499 5.9723987934912746 2.9755415585204892 1.6098634820191362 5.4022537017390269 3.2772770277806549 1.5081525862624405 1.4917585464136207 0.42360840737819661 3.1294699983409373 0.73523641779320303 1.2042562022343188
leaf_count=8859 918 28 38 310 150 106 252 94 27 54 2 77 31 115
internal_value=3.97124e-11 -0.00207752 -0.0446106 -0.00164229 -0.00847708 0.00906339 -0.0119522 -0.0183664 -0.00796602 0.0311951 -0.0234234 -0.0338026 -0.0142063 -0.0173589
internal_weight=631.319 141.728 1.43557 140.293 27.7298 4.58541 23.1444 17.7422 10.6002 2.99991 7.60026 7.14198 4.01251 7.17665
internal_count=11061 2202 66 2136 1218 256 962 710 508 81 427 202 125 425
is_linear=0
shrinkage=0.05


Tree=294
num_leaves=15
num_cat=0
split_feature=15 27 27 38 18 19 42 14 10 18 39 18 18 28
split_gain=0.303968 1.23949 2.14098 1.89387 1.73922 2.19316 1.37177 2.7338 1.57181 1.3526 1.50795 1.21227 1.47042 1.19694
threshold=0.35416667163372045 1.8252285122871401 1.3176894187927248 1.0000000180025095e-35 0.43095238506793981 0.63333335518836986 2.5000000000000004 1.5000000000000002 1.0000000180025095e-35 0.14851190149784091 1.0000000180025095e-35 0.23306878656148913 0.30079366266727453 2.8166666030883794
decision_type=2 2 2 2 2 2 2 2 2 2 2 2 2 2
left_child=-1 2 3 6 5 -4 7 9 -8 10 -2 -9 -13 -3
right_child=1 13 4 -5 -6 -7 8 11 -10 -11 -12 12 -14 -15
leaf_value=-0.00037866724670149263 -0.039873646779414858 -0.021164759151243315 0.034250408715577267 0.049599999396388941 -0.022434785629742375 -0.039235688545826514 0.055537731059532636 -0.012685441256325864 -0.0072737616235213041 0.004853644984159724 0.0086561990746529035 -0.12356974579036005 -0.039548860707661442 0.036378846661322108
leaf_weight=564.79477875559496 3.9807460069423533 7.6991880630921496 12.334274442742752 1.8492840605904337 1.9406526427846973 1.1063858080306079 2.0992144735428147 1.898652686504646 1.8952338082945064 26.457090279498516 2.6772300789016299 0.76147838402539525 1.6469947821460662 1.023858532897975
leaf_count=9409 37 380 281 49 95 19 60 38 45 502 33 23 39 51
internal_value=1.05987e-10 0.00317454 0.00579011 9.40235e-05 0.0218126 0.0282013 -0.00211646 -0.0050894 0.0257358 -0.000215579 -0.0203594 -0.0425615 -0.0661134 -0.0144106
internal_weight=632.165 67.3703 58.6472 43.2659 15.3813 13.4407 41.4166 37.4222 3.99445 33.1151 6.65798 4.30713 2.40847 8.72305
internal_count=11061 1652 1221 826 395 300 777 672 105 572 70 100 62 431
is_linear=0
shrinkage=0.05


Tree=295
num_leaves=15
num_cat=0
split_feature=25 27 27 27 42 7 15 28 42 39 24 18 18 42
split_gain=0.295282 0.972279 1.42845 1.34274 2.29956 0.886087 0.881513 1.23847 1.7346 2.43801 1.90335 1.82883 1.24408 1.22322
threshold=0.4083333313465119 2.2259460687637334 2.3465409278869633 2.0794211626052861 1.0000000180025095e-35 1.0000000180025095e-35 0.81666666269302379 0.26785714924335485 1.0000000180025095e-35 1.0000000180025095e-35 0.52272728085517894 0.38675215840339666 0.17416666448116305 2.5000000000000004
decision_type=2 2 2 2 2 2 2 2 2 2 2 2 2 2
left_child=-1 3 -3 6 -5 -4 7 8 9 -2 12 -11 -10 -9
right_child=1 2 5 4 -6 -7 -8 13 10 11 -12 -13 -14 -15
leaf_value=0.00058312404351353693 0.00098108326244171788 -0.080650666627112136 0.021269254541192384 0.076284354559775613 -0.020046851611585152 -0.039295264818269483 0.014435743672576475 -0.021073326983944644 -0.079020205944544536 -0.013402479079075477 0.026706256756725322 -0.061460444179287269 0.00059383827846760148 0.0046994889079580082
leaf_weight=488.90049454191785 75.139970541349612 0.94617217494669548 1.2418530415325222 1.4371321284561411 1.0889208811313436 1.175642280340071 7.6688027006020993 16.031570964060851 0.70655838042875929 16.56525715865428 9.7857889949227665 2.2483114625792942 1.6060814233787821 6.4586003564363628
leaf_count=8859 259 106 171 22 106 92 157 580 51 174 147 27 81 229
internal_value=5.82766e-11 -0.00200625 -0.028568 -0.00136226 0.0347583 -0.00818363 -0.00203212 -0.00301459 -0.000754498 -0.00304916 0.0170653 -0.0191456 -0.0237299 -0.013672
internal_weight=631.001 142.101 3.36367 138.737 2.52605 2.4175 136.211 128.542 106.052 93.9535 12.0984 18.8136 2.31264 22.4902
internal_count=11061 2202 369 1833 128 263 1705 1548 739 460 279 201 132 809
is_linear=0
shrinkage=0.05


Tree=296
num_leaves=15
num_cat=0
split_feature=18 18 4 20 18 24 21 35 42 18 15 28 15 8
split_gain=0.362038 0.898728 0.976072 0.646281 0.73244 0.667887 0.93291 0.780036 0.39887 0.379389 0.335705 0.267347 0.745184 0.593211
threshold=0.5000000298023225 0.53055557608604442 0.63333335518836986 0.92857143282890331 0.67708334326744091 0.58571431040763866 0.58571431040763866 1.0000000180025095e-35 1.0000000180025095e-35 0.70833337306976329 0.18333333730697635 -1.8166666626930235 0.44505494832992559 1.0000000180025095e-35
decision_type=2 2 2 2 2 2 2 2 2 2 2 2 2 2
left_child=11 -2 -3 5 -5 6 7 8 -4 -10 -8 12 13 -1
right_child=1 2 3 4 -6 -7 10 -9 9 -11 -12 -13 -14 -15
leaf_value=-0.053868779635562629 -0.063602879889199493 -0.047181021296221239 0.067102799069931426 0.056498771095545623 -0.00097700176335679088 0.02013961185665258 -0.019532848601680898 -0.027956342940335201 0.035606565715856679 -0.021864694203080366 -0.061713235284334568 0.00020947523752856578 -0.072165622419731415 0.025509094727113008
leaf_weight=0.33417143477708922 0.70759591503883612 1.2178838775726024 0.41149697348009628 0.9676254149526361 1.2976381415501235 1.6283632478007346 0.82096766310860392 1.2634047988685779 0.63978141579718772 0.52100906084979215 1.108817898930283 618.65599180433537 0.48285774269606907 0.7960737464891281
leaf_count=66 14 13 7 12 35 50 36 32 44 32 48 10557 22 93
internal_value=-5.32875e-11 -0.00916929 -0.00526962 0.000625124 0.0235742 -0.00750548 -0.0169518 0.00129814 0.0248055 0.00981117 -0.0437689 0.000156469 -0.0201723 0.00204001
internal_weight=630.854 10.5846 9.87699 8.6591 2.26526 6.39384 4.76548 2.83569 1.57229 1.16079 1.92979 620.269 1.6131 1.13025
internal_count=11061 323 309 296 47 249 199 115 83 76 84 10738 181 159
is_linear=0
shrinkage=0.05


Tree=297
num_leaves=15
num_cat=0
split_feature=18 18 4 22 1 18 15 16 18 25 18 23 25 18
split_gain=0.698059 1.42963 1.68792 0.542303 0.569883 0.90229 0.734829 0.817824 0.803966 0.756168 0.733829 0.443277 0.266049 1.07247
threshold=0.5000000298023225 0.51250001788139354 0.63333335518836986 0.73214286565780651 1.0000000180025095e-35 0.62361112236976635 0.6904762089252473 0.70833334326744091 0.74166667461395275 0.18333333730697635 0.71944448351860057 0.90454545617103588 0.4083333313465119 0.49166667461395269
decision_type=2 2 2 2 2 2 2 2 2 2 2 2 2 2
left_child=12 -2 -3 -4 5 -5 7 9 -8 -6 -7 -10 -1 -14
right_child=1 2 3 4 6 10 8 -9 11 -11 -12 -13 13 -15
leaf_value=0.00076934924691216162 -0.092875617222303544 -0.055575014609299901 0.048172739406259407 0.064682612668407094 -0.018563673270399313 -0.030394024104535622 0.052305867220222749 0.022704555323021021 0.012633248764345665 -0.07426156160244729 0.027509608912702391 -0.045739663026451743 -0.0023750385635235394 0.028754759851559564
leaf_weight=483.93285179151053 0.52748647436965157 1.6054725081194181 0.55236433047684741 0.69050767435692106 1.5450975470012061 1.073088769160677 0.73690409102709997 0.63947043468670006 0.74440255295485236 1.0062055757189226 1.1164542203769086 0.57757515553385019 133.62039768247087 2.8252759772258278
leaf_count=8685 4 13 26 11 27 35 27 29 39 57 47 8 1941 112
internal_value=-9.17434e-11 -0.0125936 -0.00847718 0.000232067 -0.00302521 0.0148475 -0.0128305 -0.0278573 0.0104574 -0.0405303 -0.000868796 -0.01287 0.000219543 -0.00173046
internal_weight=631.194 10.815 10.2875 8.68207 8.12971 2.88005 5.24966 3.19077 2.05888 2.5513 2.18954 1.32198 620.379 136.446
internal_count=11061 323 319 306 280 93 187 113 74 84 82 47 10738 2053
is_linear=0
shrinkage=0.05


Tree=298
num_leaves=15
num_cat=0
split_feature=18 18 4 20 24 21 18 35 36 42 42 18 15 42
split_gain=0.776555 2.69766 0.792085 0.520248 0.621942 0.861438 0.561986 0.517651 0.392168 0.382646 0.358804 0.382157 0.253794 1.20384
threshold=0.5000000298023225 0.51250001788139354 0.63333335518836986 0.92857143282890331 0.52272728085517894 0.58571431040763866 0.67708334326744091 1.0000000180025095e-35 1.0000000180025095e-35 1.5000000000000002 1.0000000180025095e-35 0.70833337306976329 0.35416667163372045 2.5000000000000004
decision_type=2 2 2 2 2 2 2 2 2 2 2 2 2 2
left_child=12 -2 -3 4 5 7 -5 10 -7 -6 -4 -12 -1 -14
right_child=1 2 3 6 9 8 -8 -9 -10 -11 11 -13 13 -15
leaf_value=-0.00010233439680452481 -0.093260586440876481 -0.040701837074428218 0.063451811272054931 0.052590796512219831 -0.011617244857824225 -0.062361868438101736 0.00025617821966100393 -0.023255059790264002 -0.017204880766269817 0.038003054760461841 0.033592534119863425 -0.023727373772160595 0.00093183040247984494 0.024189970089205898
leaf_weight=562.16622779419595 0.96101271884981443 1.3725250851130102 0.37457118357997221 0.86834857240319285 0.62231886401423242 1.0545632600860697 1.2533803810365496 1.1675274680892471 0.88369273251009861 1.0341819400200618 0.6322259090375153 0.53842798145615234 54.783537626371981 6.1925543722632019
leaf_count=9262 4 13 7 12 23 70 35 32 18 30 47 32 1207 269
internal_value=3.96708e-11 -0.0133161 -0.0054779 0.000257579 -0.0069468 -0.0163168 0.0216749 0.00187223 -0.0417738 0.0193616 0.0208577 0.00722894 0.000229992 0.00329386
internal_weight=633.905 10.7628 9.80176 8.42924 6.30751 4.65101 2.12173 2.71275 1.93826 1.6565 1.54523 1.17065 623.142 60.9761
internal_count=11061 323 319 306 259 206 47 118 88 53 86 79 10738 1476
is_linear=0
shrinkage=0.05


Tree=299
num_leaves=15
num_cat=0
split_feature=18 4 18 30 42 41 14 15 27 27 18 25 38 1
split_gain=0.345937 3.72026 1.78161 2.29797 1.39973 1.4397 1.71952 1.83768 1.95611 2.06249 1.65472 1.57691 2.40603 1.6209
threshold=0.10138889029622079 0.11805555596947671 0.087301589548587813 1.2424533367156985 2.5000000000000004 1.0000000180025095e-35 1.5000000000000002 0.30952382087707525 1.2441715598106386 1.8252285122871401 0.29652778804302221 0.44505494832992559 1.0000000180025095e-35 1.0000000180025095e-35
decision_type=2 2 2 2 2 2 2 2 2 2 2 2 2 2
left_child=2 -2 -1 -4 5 11 7 -7 -9 10 -10 -3 13 -13
right_child=1 4 3 -5 -6 6 -8 8 9 -11 -12 12 -14 -15
leaf_value=0.00029586500473191378 -0.087067601986470941 0.0087867151058577779 0.044926683586977045 -0.044206774981405378 0.011963866084971443 -0.017487735248106685 -0.032382076884552746 -0.0044408819728563509 0.069664810954946213 -0.033201353006673422 0.0064482147526127333 -0.02620556826927227 0.034066987855476558 -0.00086454115405732552
leaf_weight=495.66452444596871 1.2811473333858874 34.486170694093744 4.2782229494914636 0.87018777798584768 16.93245808935626 19.241388940499746 7.1943408673359945 18.561668878654022 2.6469752765842705 1.0479463751180444 1.699947161003365 11.394712208924833 3.1616692078114275 14.141865539633727
leaf_count=7194 12 1213 67 82 750 501 165 215 45 66 59 226 63 403
internal_value=-1.73774e-11 -0.00227929 0.000599801 0.0298613 -0.00144696 -0.0034463 -0.00974984 -0.00598059 0.00326171 0.0297634 0.0449428 0.00158105 -0.00707787 -0.012172
internal_weight=632.603 131.79 500.813 5.14841 130.509 113.577 50.3923 43.1979 23.9565 5.39487 4.34692 63.1844 28.6982 25.5366
internal_count=11061 3718 7343 149 3706 2956 1051 886 385 170 104 1905 692 629
is_linear=0
shrinkage=0.05


end of trees

feature_importances:
Column_18=488
Column_28=388
Column_27=331
Column_4=241
Column_13=211
Column_42=200
Column_15=173
Column_23=169
Column_21=162
Column_29=160
Column_30=138
Column_19=131
Column_20=115
Column_26=113
Column_24=111
Column_25=103
Column_35=98
Column_34=93
Column_41=78
Column_22=72
Column_36=70
Column_39=64
Column_17=57
Column_1=47
Column_14=47
Column_16=45
Column_38=36
Column_2=35
Column_9=34
Column_5=31
Column_6=31
Column_8=31
Column_10=30
Column_7=21
Column_12=21
Column_11=9
Column_37=9
Column_3=5
Column_0=2

parameters:
[boosting: gbdt]
[objective: lambdarank]
[metric: ndcg]
[tree_learner: serial]
[device_type: cpu]
[data_sample_strategy: bagging]
[data: ]
[valid: ]
[num_iterations: 300]
[learning_rate: 0.05]
[num_leaves: 15]
[num_threads: 12]
[seed: 0]
[deterministic: 0]
[force_col_wise: 0]
[force_row_wise: 0]
[histogram_pool_size: -1]
[max_depth: -1]
[min_data_in_leaf: 20]
[min_sum_hessian_in_leaf: 0.001]
[bagging_fraction: 1]
[pos_bagging_fraction: 1]
[neg_bagging_fraction: 1]
[bagging_freq: 0]
[bagging_seed: 7719]
[bagging_by_query: 0]
[feature_fraction: 1]
[feature_fraction_bynode: 1]
[feature_fraction_seed: 2437]
[extra_trees: 0]
[extra_seed: 11797]
[early_stopping_round: 0]
[early_stopping_min_delta: 0]
[first_metric_only: 0]
[max_delta_step: 0]
[lambda_l1: 0]
[lambda_l2: 0]
[linear_lambda: 0]
[min_gain_to_split: 0]
[drop_rate: 0.1]
[max_drop: 50]
[skip_drop: 0.5]
[xgboost_dart_mode: 0]
[uniform_drop: 0]
[drop_seed: 21238]
[top_rate: 0.2]
[other_rate: 0.1]
[min_data_per_group: 100]
[max_cat_threshold: 32]
[cat_l2: 10]
[cat_smooth: 10]
[max_cat_to_onehot: 4]
[top_k: 20]
[monotone_constraints: ]
[monotone_constraints_method: basic]
[monotone_penalty: 0]
[feature_contri: ]
[forcedsplits_filename: ]
[refit_decay_rate: 0.9]
[cegb_tradeoff: 1]
[cegb_penalty_split: 0]
[cegb_penalty_feature_lazy: ]
[cegb_penalty_feature_coupled: ]
[path_smooth: 0]
[interaction_constraints: ]
[verbosity: -1]
[saved_feature_importance_type: 0]
[use_quantized_grad: 0]
[num_grad_quant_bins: 4]
[quant_train_renew_leaf: 0]
[stochastic_rounding: 1]
[linear_tree: 0]
[max_bin: 255]
[max_bin_by_feature: ]
[min_data_in_bin: 3]
[bin_construct_sample_cnt: 200000]
[data_random_seed: 38]
[is_enable_sparse: 1]
[enable_bundle: 1]
[use_missing: 1]
[zero_as_missing: 0]
[feature_pre_filter: 1]
[pre_partition: 0]
[two_round: 0]
[header: 0]
[label_column: ]
[weight_column: ]
[group_column: ]
[ignore_column: ]
[categorical_feature: ]
[forcedbins_filename: ]
[precise_float_parser: 0]
[parser_config_file: ]
[objective_seed: 8855]
[num_class: 1]
[is_unbalance: 0]
[scale_pos_weight: 1]
[sigmoid: 1]
[boost_from_average: 1]
[reg_sqrt: 0]
[alpha: 0.9]
[fair_c: 1]
[poisson_max_delta_step: 0.7]
[tweedie_variance_power: 1.5]
[lambdarank_truncation_level: 30]
[lambdarank_norm: 1]
[label_gain: ]
[lambdarank_position_bias_regularization: 0]
[eval_at: 1,2,3,4,5]
[multi_error_top_k: 1]
[auc_mu_weights: ]
[num_machines: 1]
[local_listen_port: 12400]
[time_out: 120]
[machine_list_filename: ]
[machines: ]
[gpu_platform_id: -1]
[gpu_device_id: -1]
[gpu_device_id_list: ]
[gpu_use_dp: 0]
[num_gpu: 1]

end of parameters

pandas_categorical:null
